[    3218ms] [INFO] %cDownload the React DevTools for a better development experience: https://reactjs.org/link/react-devtools font-weight:bold @ http://localhost:5176/node_modules/.vite/deps/chunk-KVMAXHTM.js?v=c435cca1:21608
[    3609ms] [WARNING] GoTrueClient@sb-wfcrlfnjzuutoagbvgyw-auth-token:1 (2.115.0) 2026-09-17T04:49:27.703Z Multiple GoTrueClient instances detected in the same browser context. It is not an error, but this should be avoided as it may produce undefined behavior when used concurrently under the same storage key. @ http://localhost:5176/node_modules/.vite/deps/@supabase_supabase-js.js?v=c435cca1:14759
[    3615ms] [WARNING] GoTrueClient@sb-wfcrlfnjzuutoagbvgyw-auth-token:2 (2.115.0) 2026-09-17T04:49:27.721Z Multiple GoTrueClient instances detected in the same browser context. It is not an error, but this should be avoided as it may produce undefined behavior when used concurrently under the same storage key. @ http://localhost:5176/node_modules/.vite/deps/@supabase_supabase-js.js?v=c435cca1:14759
[    3618ms] [WARNING] GoTrueClient@sb-wfcrlfnjzuutoagbvgyw-auth-token:3 (2.115.0) 2026-09-17T04:49:27.725Z Multiple GoTrueClient instances detected in the same browser context. It is not an error, but this should be avoided as it may produce undefined behavior when used concurrently under the same storage key. @ http://localhost:5176/node_modules/.vite/deps/@supabase_supabase-js.js?v=c435cca1:14759
[    3794ms] [ERROR] Failed to load resource: the server responded with a status of 404 (Not Found) @ http://localhost:5176/favicon.ico:0
[    8466ms] [INFO] ACTprep catalog source: supabase (12 tests) @ http://localhost:5176/src/App.jsx:100
[   11860ms] [WARNING] This page is using a Desmos API key that is only for non-commercial, personal projects. If you would like to use the Desmos API for commercial purposes (e.g., as part of a business, or in an app or product that you charge users for), contact us at partnerships@desmos.com. @ https://www.desmos.com/api/v1.12/calculator.js?apiKey=c6f78eb83b074ebcac28827b8e5ebea2:3
[   46531ms] ReferenceError: Cannot access 'finishChain' before initialization
    at FreestyleBoard (http://localhost:5176/src/components/FreestyleBoard.jsx:603:13)
    at renderWithHooks (http://localhost:5176/node_modules/.vite/deps/chunk-KVMAXHTM.js?v=c435cca1:11596:26)
    at mountIndeterminateComponent (http://localhost:5176/node_modules/.vite/deps/chunk-KVMAXHTM.js?v=c435cca1:14974:21)
    at beginWork (http://localhost:5176/node_modules/.vite/deps/chunk-KVMAXHTM.js?v=c435cca1:15962:22)
    at HTMLUnknownElement.callCallback2 (http://localhost:5176/node_modules/.vite/deps/chunk-KVMAXHTM.js?v=c435cca1:3680:22)
    at Object.invokeGuardedCallbackDev (http://localhost:5176/node_modules/.vite/deps/chunk-KVMAXHTM.js?v=c435cca1:3705:24)
    at invokeGuardedCallback (http://localhost:5176/node_modules/.vite/deps/chunk-KVMAXHTM.js?v=c435cca1:3739:39)
    at beginWork$1 (http://localhost:5176/node_modules/.vite/deps/chunk-KVMAXHTM.js?v=c435cca1:19818:15)
    at performUnitOfWork (http://localhost:5176/node_modules/.vite/deps/chunk-KVMAXHTM.js?v=c435cca1:19251:20)
    at workLoopSync (http://localhost:5176/node_modules/.vite/deps/chunk-KVMAXHTM.js?v=c435cca1:19190:13)
[   46552ms] ReferenceError: Cannot access 'finishChain' before initialization
    at FreestyleBoard (http://localhost:5176/src/components/FreestyleBoard.jsx:603:13)
    at renderWithHooks (http://localhost:5176/node_modules/.vite/deps/chunk-KVMAXHTM.js?v=c435cca1:11596:26)
    at mountIndeterminateComponent (http://localhost:5176/node_modules/.vite/deps/chunk-KVMAXHTM.js?v=c435cca1:14974:21)
    at beginWork (http://localhost:5176/node_modules/.vite/deps/chunk-KVMAXHTM.js?v=c435cca1:15962:22)
    at HTMLUnknownElement.callCallback2 (http://localhost:5176/node_modules/.vite/deps/chunk-KVMAXHTM.js?v=c435cca1:3680:22)
    at Object.invokeGuardedCallbackDev (http://localhost:5176/node_modules/.vite/deps/chunk-KVMAXHTM.js?v=c435cca1:3705:24)
    at invokeGuardedCallback (http://localhost:5176/node_modules/.vite/deps/chunk-KVMAXHTM.js?v=c435cca1:3739:39)
    at beginWork$1 (http://localhost:5176/node_modules/.vite/deps/chunk-KVMAXHTM.js?v=c435cca1:19818:15)
    at performUnitOfWork (http://localhost:5176/node_modules/.vite/deps/chunk-KVMAXHTM.js?v=c435cca1:19251:20)
    at workLoopSync (http://localhost:5176/node_modules/.vite/deps/chunk-KVMAXHTM.js?v=c435cca1:19190:13)
[   46565ms] [ERROR] The above error occurred in the <FreestyleBoard> component:

    at FreestyleBoard (http://localhost:5176/src/components/FreestyleBoard.jsx:449:42)
    at div
    at div
    at Calculator (http://localhost:5176/src/components/Calculator.jsx:23:38)
    at App (http://localhost:5176/src/App.jsx:60:22)

Consider adding an error boundary to your tree to customize error handling behavior.
Visit https://reactjs.org/link/error-boundaries to learn more about error boundaries. @ http://localhost:5176/node_modules/.vite/deps/chunk-KVMAXHTM.js?v=c435cca1:14079
[   46572ms] ReferenceError: Cannot access 'finishChain' before initialization
    at FreestyleBoard (http://localhost:5176/src/components/FreestyleBoard.jsx:603:13)
    at renderWithHooks (http://localhost:5176/node_modules/.vite/deps/chunk-KVMAXHTM.js?v=c435cca1:11596:26)
    at mountIndeterminateComponent (http://localhost:5176/node_modules/.vite/deps/chunk-KVMAXHTM.js?v=c435cca1:14974:21)
    at beginWork (http://localhost:5176/node_modules/.vite/deps/chunk-KVMAXHTM.js?v=c435cca1:15962:22)
    at beginWork$1 (http://localhost:5176/node_modules/.vite/deps/chunk-KVMAXHTM.js?v=c435cca1:19806:22)
    at performUnitOfWork (http://localhost:5176/node_modules/.vite/deps/chunk-KVMAXHTM.js?v=c435cca1:19251:20)
    at workLoopSync (http://localhost:5176/node_modules/.vite/deps/chunk-KVMAXHTM.js?v=c435cca1:19190:13)
    at renderRootSync (http://localhost:5176/node_modules/.vite/deps/chunk-KVMAXHTM.js?v=c435cca1:19169:15)
    at recoverFromConcurrentError (http://localhost:5176/node_modules/.vite/deps/chunk-KVMAXHTM.js?v=c435cca1:18786:28)
    at performSyncWorkOnRoot (http://localhost:5176/node_modules/.vite/deps/chunk-KVMAXHTM.js?v=c435cca1:18932:28)
[  283421ms] [INFO] %cDownload the React DevTools for a better development experience: https://reactjs.org/link/react-devtools font-weight:bold @ http://localhost:5176/node_modules/.vite/deps/chunk-KVMAXHTM.js?v=c435cca1:21608
[  283705ms] [WARNING] GoTrueClient@sb-wfcrlfnjzuutoagbvgyw-auth-token:1 (2.115.0) 2026-09-17T04:54:07.812Z Multiple GoTrueClient instances detected in the same browser context. It is not an error, but this should be avoided as it may produce undefined behavior when used concurrently under the same storage key. @ http://localhost:5176/node_modules/.vite/deps/@supabase_supabase-js.js?v=c435cca1:14759
[  283708ms] [WARNING] GoTrueClient@sb-wfcrlfnjzuutoagbvgyw-auth-token:2 (2.115.0) 2026-09-17T04:54:07.815Z Multiple GoTrueClient instances detected in the same browser context. It is not an error, but this should be avoided as it may produce undefined behavior when used concurrently under the same storage key. @ http://localhost:5176/node_modules/.vite/deps/@supabase_supabase-js.js?v=c435cca1:14759
[  283712ms] [WARNING] GoTrueClient@sb-wfcrlfnjzuutoagbvgyw-auth-token:3 (2.115.0) 2026-09-17T04:54:07.819Z Multiple GoTrueClient instances detected in the same browser context. It is not an error, but this should be avoided as it may produce undefined behavior when used concurrently under the same storage key. @ http://localhost:5176/node_modules/.vite/deps/@supabase_supabase-js.js?v=c435cca1:14759
[  286470ms] [INFO] ACTprep catalog source: supabase (12 tests) @ http://localhost:5176/src/App.jsx:100
[  286480ms] [WARNING] This page is using a Desmos API key that is only for non-commercial, personal projects. If you would like to use the Desmos API for commercial purposes (e.g., as part of a business, or in an app or product that you charge users for), contact us at partnerships@desmos.com. @ https://www.desmos.com/api/v1.12/calculator.js?apiKey=c6f78eb83b074ebcac28827b8e5ebea2:3
[  322780ms] ReferenceError: Cannot access 'finishChain' before initialization
    at FreestyleBoard (http://localhost:5176/src/components/FreestyleBoard.jsx:603:13)
    at renderWithHooks (http://localhost:5176/node_modules/.vite/deps/chunk-KVMAXHTM.js?v=c435cca1:11596:26)
    at mountIndeterminateComponent (http://localhost:5176/node_modules/.vite/deps/chunk-KVMAXHTM.js?v=c435cca1:14974:21)
    at beginWork (http://localhost:5176/node_modules/.vite/deps/chunk-KVMAXHTM.js?v=c435cca1:15962:22)
    at HTMLUnknownElement.callCallback2 (http://localhost:5176/node_modules/.vite/deps/chunk-KVMAXHTM.js?v=c435cca1:3680:22)
    at Object.invokeGuardedCallbackDev (http://localhost:5176/node_modules/.vite/deps/chunk-KVMAXHTM.js?v=c435cca1:3705:24)
    at invokeGuardedCallback (http://localhost:5176/node_modules/.vite/deps/chunk-KVMAXHTM.js?v=c435cca1:3739:39)
    at beginWork$1 (http://localhost:5176/node_modules/.vite/deps/chunk-KVMAXHTM.js?v=c435cca1:19818:15)
    at performUnitOfWork (http://localhost:5176/node_modules/.vite/deps/chunk-KVMAXHTM.js?v=c435cca1:19251:20)
    at workLoopSync (http://localhost:5176/node_modules/.vite/deps/chunk-KVMAXHTM.js?v=c435cca1:19190:13)
[  322792ms] ReferenceError: Cannot access 'finishChain' before initialization
    at FreestyleBoard (http://localhost:5176/src/components/FreestyleBoard.jsx:603:13)
    at renderWithHooks (http://localhost:5176/node_modules/.vite/deps/chunk-KVMAXHTM.js?v=c435cca1:11596:26)
    at mountIndeterminateComponent (http://localhost:5176/node_modules/.vite/deps/chunk-KVMAXHTM.js?v=c435cca1:14974:21)
    at beginWork (http://localhost:5176/node_modules/.vite/deps/chunk-KVMAXHTM.js?v=c435cca1:15962:22)
    at HTMLUnknownElement.callCallback2 (http://localhost:5176/node_modules/.vite/deps/chunk-KVMAXHTM.js?v=c435cca1:3680:22)
    at Object.invokeGuardedCallbackDev (http://localhost:5176/node_modules/.vite/deps/chunk-KVMAXHTM.js?v=c435cca1:3705:24)
    at invokeGuardedCallback (http://localhost:5176/node_modules/.vite/deps/chunk-KVMAXHTM.js?v=c435cca1:3739:39)
    at beginWork$1 (http://localhost:5176/node_modules/.vite/deps/chunk-KVMAXHTM.js?v=c435cca1:19818:15)
    at performUnitOfWork (http://localhost:5176/node_modules/.vite/deps/chunk-KVMAXHTM.js?v=c435cca1:19251:20)
    at workLoopSync (http://localhost:5176/node_modules/.vite/deps/chunk-KVMAXHTM.js?v=c435cca1:19190:13)
[  322795ms] [ERROR] The above error occurred in the <FreestyleBoard> component:

    at FreestyleBoard (http://localhost:5176/src/components/FreestyleBoard.jsx:449:42)
    at div
    at div
    at Calculator (http://localhost:5176/src/components/Calculator.jsx:23:38)
    at App (http://localhost:5176/src/App.jsx:60:22)

Consider adding an error boundary to your tree to customize error handling behavior.
Visit https://reactjs.org/link/error-boundaries to learn more about error boundaries. @ http://localhost:5176/node_modules/.vite/deps/chunk-KVMAXHTM.js?v=c435cca1:14079
[  322804ms] ReferenceError: Cannot access 'finishChain' before initialization
    at FreestyleBoard (http://localhost:5176/src/components/FreestyleBoard.jsx:603:13)
    at renderWithHooks (http://localhost:5176/node_modules/.vite/deps/chunk-KVMAXHTM.js?v=c435cca1:11596:26)
    at mountIndeterminateComponent (http://localhost:5176/node_modules/.vite/deps/chunk-KVMAXHTM.js?v=c435cca1:14974:21)
    at beginWork (http://localhost:5176/node_modules/.vite/deps/chunk-KVMAXHTM.js?v=c435cca1:15962:22)
    at beginWork$1 (http://localhost:5176/node_modules/.vite/deps/chunk-KVMAXHTM.js?v=c435cca1:19806:22)
    at performUnitOfWork (http://localhost:5176/node_modules/.vite/deps/chunk-KVMAXHTM.js?v=c435cca1:19251:20)
    at workLoopSync (http://localhost:5176/node_modules/.vite/deps/chunk-KVMAXHTM.js?v=c435cca1:19190:13)
    at renderRootSync (http://localhost:5176/node_modules/.vite/deps/chunk-KVMAXHTM.js?v=c435cca1:19169:15)
    at recoverFromConcurrentError (http://localhost:5176/node_modules/.vite/deps/chunk-KVMAXHTM.js?v=c435cca1:18786:28)
    at performSyncWorkOnRoot (http://localhost:5176/node_modules/.vite/deps/chunk-KVMAXHTM.js?v=c435cca1:18932:28)
[  337001ms] [INFO] %cDownload the React DevTools for a better development experience: https://reactjs.org/link/react-devtools font-weight:bold @ http://localhost:5176/node_modules/.vite/deps/chunk-KVMAXHTM.js?v=c435cca1:21608
[  337045ms] [WARNING] GoTrueClient@sb-wfcrlfnjzuutoagbvgyw-auth-token:1 (2.115.0) 2026-09-17T04:55:01.153Z Multiple GoTrueClient instances detected in the same browser context. It is not an error, but this should be avoided as it may produce undefined behavior when used concurrently under the same storage key. @ http://localhost:5176/node_modules/.vite/deps/@supabase_supabase-js.js?v=c435cca1:14759
[  337046ms] [WARNING] GoTrueClient@sb-wfcrlfnjzuutoagbvgyw-auth-token:2 (2.115.0) 2026-09-17T04:55:01.153Z Multiple GoTrueClient instances detected in the same browser context. It is not an error, but this should be avoided as it may produce undefined behavior when used concurrently under the same storage key. @ http://localhost:5176/node_modules/.vite/deps/@supabase_supabase-js.js?v=c435cca1:14759
[  337046ms] [WARNING] GoTrueClient@sb-wfcrlfnjzuutoagbvgyw-auth-token:3 (2.115.0) 2026-09-17T04:55:01.154Z Multiple GoTrueClient instances detected in the same browser context. It is not an error, but this should be avoided as it may produce undefined behavior when used concurrently under the same storage key. @ http://localhost:5176/node_modules/.vite/deps/@supabase_supabase-js.js?v=c435cca1:14759
[  340309ms] [INFO] ACTprep catalog source: supabase (12 tests) @ http://localhost:5176/src/App.jsx:100
[  340495ms] [WARNING] This page is using a Desmos API key that is only for non-commercial, personal projects. If you would like to use the Desmos API for commercial purposes (e.g., as part of a business, or in an app or product that you charge users for), contact us at partnerships@desmos.com. @ https://www.desmos.com/api/v1.12/calculator.js?apiKey=c6f78eb83b074ebcac28827b8e5ebea2:3
[  351451ms] ReferenceError: Cannot access 'finishChain' before initialization
    at FreestyleBoard (http://localhost:5176/src/components/FreestyleBoard.jsx:603:13)
    at renderWithHooks (http://localhost:5176/node_modules/.vite/deps/chunk-KVMAXHTM.js?v=c435cca1:11596:26)
    at mountIndeterminateComponent (http://localhost:5176/node_modules/.vite/deps/chunk-KVMAXHTM.js?v=c435cca1:14974:21)
    at beginWork (http://localhost:5176/node_modules/.vite/deps/chunk-KVMAXHTM.js?v=c435cca1:15962:22)
    at HTMLUnknownElement.callCallback2 (http://localhost:5176/node_modules/.vite/deps/chunk-KVMAXHTM.js?v=c435cca1:3680:22)
    at Object.invokeGuardedCallbackDev (http://localhost:5176/node_modules/.vite/deps/chunk-KVMAXHTM.js?v=c435cca1:3705:24)
    at invokeGuardedCallback (http://localhost:5176/node_modules/.vite/deps/chunk-KVMAXHTM.js?v=c435cca1:3739:39)
    at beginWork$1 (http://localhost:5176/node_modules/.vite/deps/chunk-KVMAXHTM.js?v=c435cca1:19818:15)
    at performUnitOfWork (http://localhost:5176/node_modules/.vite/deps/chunk-KVMAXHTM.js?v=c435cca1:19251:20)
    at workLoopSync (http://localhost:5176/node_modules/.vite/deps/chunk-KVMAXHTM.js?v=c435cca1:19190:13)
[  351457ms] ReferenceError: Cannot access 'finishChain' before initialization
    at FreestyleBoard (http://localhost:5176/src/components/FreestyleBoard.jsx:603:13)
    at renderWithHooks (http://localhost:5176/node_modules/.vite/deps/chunk-KVMAXHTM.js?v=c435cca1:11596:26)
    at mountIndeterminateComponent (http://localhost:5176/node_modules/.vite/deps/chunk-KVMAXHTM.js?v=c435cca1:14974:21)
    at beginWork (http://localhost:5176/node_modules/.vite/deps/chunk-KVMAXHTM.js?v=c435cca1:15962:22)
    at HTMLUnknownElement.callCallback2 (http://localhost:5176/node_modules/.vite/deps/chunk-KVMAXHTM.js?v=c435cca1:3680:22)
    at Object.invokeGuardedCallbackDev (http://localhost:5176/node_modules/.vite/deps/chunk-KVMAXHTM.js?v=c435cca1:3705:24)
    at invokeGuardedCallback (http://localhost:5176/node_modules/.vite/deps/chunk-KVMAXHTM.js?v=c435cca1:3739:39)
    at beginWork$1 (http://localhost:5176/node_modules/.vite/deps/chunk-KVMAXHTM.js?v=c435cca1:19818:15)
    at performUnitOfWork (http://localhost:5176/node_modules/.vite/deps/chunk-KVMAXHTM.js?v=c435cca1:19251:20)
    at workLoopSync (http://localhost:5176/node_modules/.vite/deps/chunk-KVMAXHTM.js?v=c435cca1:19190:13)
[  351458ms] [ERROR] The above error occurred in the <FreestyleBoard> component:

    at FreestyleBoard (http://localhost:5176/src/components/FreestyleBoard.jsx:449:42)
    at div
    at div
    at Calculator (http://localhost:5176/src/components/Calculator.jsx:23:38)
    at App (http://localhost:5176/src/App.jsx:60:22)

Consider adding an error boundary to your tree to customize error handling behavior.
Visit https://reactjs.org/link/error-boundaries to learn more about error boundaries. @ http://localhost:5176/node_modules/.vite/deps/chunk-KVMAXHTM.js?v=c435cca1:14079
[  351462ms] ReferenceError: Cannot access 'finishChain' before initialization
    at FreestyleBoard (http://localhost:5176/src/components/FreestyleBoard.jsx:603:13)
    at renderWithHooks (http://localhost:5176/node_modules/.vite/deps/chunk-KVMAXHTM.js?v=c435cca1:11596:26)
    at mountIndeterminateComponent (http://localhost:5176/node_modules/.vite/deps/chunk-KVMAXHTM.js?v=c435cca1:14974:21)
    at beginWork (http://localhost:5176/node_modules/.vite/deps/chunk-KVMAXHTM.js?v=c435cca1:15962:22)
    at beginWork$1 (http://localhost:5176/node_modules/.vite/deps/chunk-KVMAXHTM.js?v=c435cca1:19806:22)
    at performUnitOfWork (http://localhost:5176/node_modules/.vite/deps/chunk-KVMAXHTM.js?v=c435cca1:19251:20)
    at workLoopSync (http://localhost:5176/node_modules/.vite/deps/chunk-KVMAXHTM.js?v=c435cca1:19190:13)
    at renderRootSync (http://localhost:5176/node_modules/.vite/deps/chunk-KVMAXHTM.js?v=c435cca1:19169:15)
    at recoverFromConcurrentError (http://localhost:5176/node_modules/.vite/deps/chunk-KVMAXHTM.js?v=c435cca1:18786:28)
    at performSyncWorkOnRoot (http://localhost:5176/node_modules/.vite/deps/chunk-KVMAXHTM.js?v=c435cca1:18932:28)
[  436926ms] [WARNING] GoTrueClient@sb-wfcrlfnjzuutoagbvgyw-auth-token:4 (2.115.0) 2026-09-17T04:56:41.034Z Multiple GoTrueClient instances detected in the same browser context. It is not an error, but this should be avoided as it may produce undefined behavior when used concurrently under the same storage key. @ http://localhost:5176/node_modules/.vite/deps/@supabase_supabase-js.js?v=c435cca1:14759
[  436933ms] [WARNING] GoTrueClient@sb-wfcrlfnjzuutoagbvgyw-auth-token:5 (2.115.0) 2026-09-17T04:56:41.041Z Multiple GoTrueClient instances detected in the same browser context. It is not an error, but this should be avoided as it may produce undefined behavior when used concurrently under the same storage key. @ http://localhost:5176/node_modules/.vite/deps/@supabase_supabase-js.js?v=c435cca1:14759
[  436938ms] [WARNING] GoTrueClient@sb-wfcrlfnjzuutoagbvgyw-auth-token:6 (2.115.0) 2026-09-17T04:56:41.045Z Multiple GoTrueClient instances detected in the same browser context. It is not an error, but this should be avoided as it may produce undefined behavior when used concurrently under the same storage key. @ http://localhost:5176/node_modules/.vite/deps/@supabase_supabase-js.js?v=c435cca1:14759
[  436942ms] [WARNING] GoTrueClient@sb-wfcrlfnjzuutoagbvgyw-auth-token:7 (2.115.0) 2026-09-17T04:56:41.050Z Multiple GoTrueClient instances detected in the same browser context. It is not an error, but this should be avoided as it may produce undefined behavior when used concurrently under the same storage key. @ http://localhost:5176/node_modules/.vite/deps/@supabase_supabase-js.js?v=c435cca1:14759
[  439726ms] [INFO] ACTprep catalog source: supabase (12 tests) @ http://localhost:5176/src/App.jsx:100
[  486665ms] ReferenceError: setEditingId is not defined
    at http://localhost:5176/src/components/FreestyleBoard.jsx?t=1789621026170:637:5
    at http://localhost:5176/src/components/FreestyleBoard.jsx?t=1789621026170:847:9
    at HTMLUnknownElement.callCallback2 (http://localhost:5176/node_modules/.vite/deps/chunk-KVMAXHTM.js?v=c435cca1:3680:22)
    at Object.invokeGuardedCallbackDev (http://localhost:5176/node_modules/.vite/deps/chunk-KVMAXHTM.js?v=c435cca1:3705:24)
    at invokeGuardedCallback (http://localhost:5176/node_modules/.vite/deps/chunk-KVMAXHTM.js?v=c435cca1:3739:39)
    at invokeGuardedCallbackAndCatchFirstError (http://localhost:5176/node_modules/.vite/deps/chunk-KVMAXHTM.js?v=c435cca1:3742:33)
    at executeDispatch (http://localhost:5176/node_modules/.vite/deps/chunk-KVMAXHTM.js?v=c435cca1:7046:11)
    at processDispatchQueueItemsInOrder (http://localhost:5176/node_modules/.vite/deps/chunk-KVMAXHTM.js?v=c435cca1:7066:15)
    at processDispatchQueue (http://localhost:5176/node_modules/.vite/deps/chunk-KVMAXHTM.js?v=c435cca1:7075:13)
    at dispatchEventsForPlugins (http://localhost:5176/node_modules/.vite/deps/chunk-KVMAXHTM.js?v=c435cca1:7083:11)
[  486693ms] ReferenceError: setEditingId is not defined
    at http://localhost:5176/src/components/FreestyleBoard.jsx?t=1789621026170:637:5
    at http://localhost:5176/src/components/FreestyleBoard.jsx?t=1789621026170:847:9
    at HTMLUnknownElement.callCallback2 (http://localhost:5176/node_modules/.vite/deps/chunk-KVMAXHTM.js?v=c435cca1:3680:22)
    at Object.invokeGuardedCallbackDev (http://localhost:5176/node_modules/.vite/deps/chunk-KVMAXHTM.js?v=c435cca1:3705:24)
    at invokeGuardedCallback (http://localhost:5176/node_modules/.vite/deps/chunk-KVMAXHTM.js?v=c435cca1:3739:39)
    at invokeGuardedCallbackAndCatchFirstError (http://localhost:5176/node_modules/.vite/deps/chunk-KVMAXHTM.js?v=c435cca1:3742:33)
    at executeDispatch (http://localhost:5176/node_modules/.vite/deps/chunk-KVMAXHTM.js?v=c435cca1:7046:11)
    at processDispatchQueueItemsInOrder (http://localhost:5176/node_modules/.vite/deps/chunk-KVMAXHTM.js?v=c435cca1:7066:15)
    at processDispatchQueue (http://localhost:5176/node_modules/.vite/deps/chunk-KVMAXHTM.js?v=c435cca1:7075:13)
    at dispatchEventsForPlugins (http://localhost:5176/node_modules/.vite/deps/chunk-KVMAXHTM.js?v=c435cca1:7083:11)
[  486697ms] ReferenceError: setEditingId is not defined
    at http://localhost:5176/src/components/FreestyleBoard.jsx?t=1789621026170:637:5
    at http://localhost:5176/src/components/FreestyleBoard.jsx?t=1789621026170:847:9
    at HTMLUnknownElement.callCallback2 (http://localhost:5176/node_modules/.vite/deps/chunk-KVMAXHTM.js?v=c435cca1:3680:22)
    at Object.invokeGuardedCallbackDev (http://localhost:5176/node_modules/.vite/deps/chunk-KVMAXHTM.js?v=c435cca1:3705:24)
    at invokeGuardedCallback (http://localhost:5176/node_modules/.vite/deps/chunk-KVMAXHTM.js?v=c435cca1:3739:39)
    at invokeGuardedCallbackAndCatchFirstError (http://localhost:5176/node_modules/.vite/deps/chunk-KVMAXHTM.js?v=c435cca1:3742:33)
    at executeDispatch (http://localhost:5176/node_modules/.vite/deps/chunk-KVMAXHTM.js?v=c435cca1:7046:11)
    at processDispatchQueueItemsInOrder (http://localhost:5176/node_modules/.vite/deps/chunk-KVMAXHTM.js?v=c435cca1:7066:15)
    at processDispatchQueue (http://localhost:5176/node_modules/.vite/deps/chunk-KVMAXHTM.js?v=c435cca1:7075:13)
    at dispatchEventsForPlugins (http://localhost:5176/node_modules/.vite/deps/chunk-KVMAXHTM.js?v=c435cca1:7083:11)
[  486699ms] ReferenceError: setEditingId is not defined
    at http://localhost:5176/src/components/FreestyleBoard.jsx?t=1789621026170:637:5
    at http://localhost:5176/src/components/FreestyleBoard.jsx?t=1789621026170:847:9
    at HTMLUnknownElement.callCallback2 (http://localhost:5176/node_modules/.vite/deps/chunk-KVMAXHTM.js?v=c435cca1:3680:22)
    at Object.invokeGuardedCallbackDev (http://localhost:5176/node_modules/.vite/deps/chunk-KVMAXHTM.js?v=c435cca1:3705:24)
    at invokeGuardedCallback (http://localhost:5176/node_modules/.vite/deps/chunk-KVMAXHTM.js?v=c435cca1:3739:39)
    at invokeGuardedCallbackAndCatchFirstError (http://localhost:5176/node_modules/.vite/deps/chunk-KVMAXHTM.js?v=c435cca1:3742:33)
    at executeDispatch (http://localhost:5176/node_modules/.vite/deps/chunk-KVMAXHTM.js?v=c435cca1:7046:11)
    at processDispatchQueueItemsInOrder (http://localhost:5176/node_modules/.vite/deps/chunk-KVMAXHTM.js?v=c435cca1:7066:15)
    at processDispatchQueue (http://localhost:5176/node_modules/.vite/deps/chunk-KVMAXHTM.js?v=c435cca1:7075:13)
    at dispatchEventsForPlugins (http://localhost:5176/node_modules/.vite/deps/chunk-KVMAXHTM.js?v=c435cca1:7083:11)
[  486707ms] ReferenceError: setEditingId is not defined
    at http://localhost:5176/src/components/FreestyleBoard.jsx?t=1789621026170:637:5
    at http://localhost:5176/src/components/FreestyleBoard.jsx?t=1789621026170:847:9
    at HTMLUnknownElement.callCallback2 (http://localhost:5176/node_modules/.vite/deps/chunk-KVMAXHTM.js?v=c435cca1:3680:22)
    at Object.invokeGuardedCallbackDev (http://localhost:5176/node_modules/.vite/deps/chunk-KVMAXHTM.js?v=c435cca1:3705:24)
    at invokeGuardedCallback (http://localhost:5176/node_modules/.vite/deps/chunk-KVMAXHTM.js?v=c435cca1:3739:39)
    at invokeGuardedCallbackAndCatchFirstError (http://localhost:5176/node_modules/.vite/deps/chunk-KVMAXHTM.js?v=c435cca1:3742:33)
    at executeDispatch (http://localhost:5176/node_modules/.vite/deps/chunk-KVMAXHTM.js?v=c435cca1:7046:11)
    at processDispatchQueueItemsInOrder (http://localhost:5176/node_modules/.vite/deps/chunk-KVMAXHTM.js?v=c435cca1:7066:15)
    at processDispatchQueue (http://localhost:5176/node_modules/.vite/deps/chunk-KVMAXHTM.js?v=c435cca1:7075:13)
    at dispatchEventsForPlugins (http://localhost:5176/node_modules/.vite/deps/chunk-KVMAXHTM.js?v=c435cca1:7083:11)
[  486708ms] ReferenceError: setEditingId is not defined
    at http://localhost:5176/src/components/FreestyleBoard.jsx?t=1789621026170:637:5
    at http://localhost:5176/src/components/FreestyleBoard.jsx?t=1789621026170:847:9
    at HTMLUnknownElement.callCallback2 (http://localhost:5176/node_modules/.vite/deps/chunk-KVMAXHTM.js?v=c435cca1:3680:22)
    at Object.invokeGuardedCallbackDev (http://localhost:5176/node_modules/.vite/deps/chunk-KVMAXHTM.js?v=c435cca1:3705:24)
    at invokeGuardedCallback (http://localhost:5176/node_modules/.vite/deps/chunk-KVMAXHTM.js?v=c435cca1:3739:39)
    at invokeGuardedCallbackAndCatchFirstError (http://localhost:5176/node_modules/.vite/deps/chunk-KVMAXHTM.js?v=c435cca1:3742:33)
    at executeDispatch (http://localhost:5176/node_modules/.vite/deps/chunk-KVMAXHTM.js?v=c435cca1:7046:11)
    at processDispatchQueueItemsInOrder (http://localhost:5176/node_modules/.vite/deps/chunk-KVMAXHTM.js?v=c435cca1:7066:15)
    at processDispatchQueue (http://localhost:5176/node_modules/.vite/deps/chunk-KVMAXHTM.js?v=c435cca1:7075:13)
    at dispatchEventsForPlugins (http://localhost:5176/node_modules/.vite/deps/chunk-KVMAXHTM.js?v=c435cca1:7083:11)
[  486715ms] ReferenceError: setEditingId is not defined
    at http://localhost:5176/src/components/FreestyleBoard.jsx?t=1789621026170:637:5
    at http://localhost:5176/src/components/FreestyleBoard.jsx?t=1789621026170:847:9
    at HTMLUnknownElement.callCallback2 (http://localhost:5176/node_modules/.vite/deps/chunk-KVMAXHTM.js?v=c435cca1:3680:22)
    at Object.invokeGuardedCallbackDev (http://localhost:5176/node_modules/.vite/deps/chunk-KVMAXHTM.js?v=c435cca1:3705:24)
    at invokeGuardedCallback (http://localhost:5176/node_modules/.vite/deps/chunk-KVMAXHTM.js?v=c435cca1:3739:39)
    at invokeGuardedCallbackAndCatchFirstError (http://localhost:5176/node_modules/.vite/deps/chunk-KVMAXHTM.js?v=c435cca1:3742:33)
    at executeDispatch (http://localhost:5176/node_modules/.vite/deps/chunk-KVMAXHTM.js?v=c435cca1:7046:11)
    at processDispatchQueueItemsInOrder (http://localhost:5176/node_modules/.vite/deps/chunk-KVMAXHTM.js?v=c435cca1:7066:15)
    at processDispatchQueue (http://localhost:5176/node_modules/.vite/deps/chunk-KVMAXHTM.js?v=c435cca1:7075:13)
    at dispatchEventsForPlugins (http://localhost:5176/node_modules/.vite/deps/chunk-KVMAXHTM.js?v=c435cca1:7083:11)
[  486716ms] ReferenceError: setEditingId is not defined
    at http://localhost:5176/src/components/FreestyleBoard.jsx?t=1789621026170:637:5
    at http://localhost:5176/src/components/FreestyleBoard.jsx?t=1789621026170:847:9
    at HTMLUnknownElement.callCallback2 (http://localhost:5176/node_modules/.vite/deps/chunk-KVMAXHTM.js?v=c435cca1:3680:22)
    at Object.invokeGuardedCallbackDev (http://localhost:5176/node_modules/.vite/deps/chunk-KVMAXHTM.js?v=c435cca1:3705:24)
    at invokeGuardedCallback (http://localhost:5176/node_modules/.vite/deps/chunk-KVMAXHTM.js?v=c435cca1:3739:39)
    at invokeGuardedCallbackAndCatchFirstError (http://localhost:5176/node_modules/.vite/deps/chunk-KVMAXHTM.js?v=c435cca1:3742:33)
    at executeDispatch (http://localhost:5176/node_modules/.vite/deps/chunk-KVMAXHTM.js?v=c435cca1:7046:11)
    at processDispatchQueueItemsInOrder (http://localhost:5176/node_modules/.vite/deps/chunk-KVMAXHTM.js?v=c435cca1:7066:15)
    at processDispatchQueue (http://localhost:5176/node_modules/.vite/deps/chunk-KVMAXHTM.js?v=c435cca1:7075:13)
    at dispatchEventsForPlugins (http://localhost:5176/node_modules/.vite/deps/chunk-KVMAXHTM.js?v=c435cca1:7083:11)
[  486726ms] ReferenceError: setEditingId is not defined
    at http://localhost:5176/src/components/FreestyleBoard.jsx?t=1789621026170:637:5
    at http://localhost:5176/src/components/FreestyleBoard.jsx?t=1789621026170:847:9
    at HTMLUnknownElement.callCallback2 (http://localhost:5176/node_modules/.vite/deps/chunk-KVMAXHTM.js?v=c435cca1:3680:22)
    at Object.invokeGuardedCallbackDev (http://localhost:5176/node_modules/.vite/deps/chunk-KVMAXHTM.js?v=c435cca1:3705:24)
    at invokeGuardedCallback (http://localhost:5176/node_modules/.vite/deps/chunk-KVMAXHTM.js?v=c435cca1:3739:39)
    at invokeGuardedCallbackAndCatchFirstError (http://localhost:5176/node_modules/.vite/deps/chunk-KVMAXHTM.js?v=c435cca1:3742:33)
    at executeDispatch (http://localhost:5176/node_modules/.vite/deps/chunk-KVMAXHTM.js?v=c435cca1:7046:11)
    at processDispatchQueueItemsInOrder (http://localhost:5176/node_modules/.vite/deps/chunk-KVMAXHTM.js?v=c435cca1:7066:15)
    at processDispatchQueue (http://localhost:5176/node_modules/.vite/deps/chunk-KVMAXHTM.js?v=c435cca1:7075:13)
    at dispatchEventsForPlugins (http://localhost:5176/node_modules/.vite/deps/chunk-KVMAXHTM.js?v=c435cca1:7083:11)
[  486728ms] ReferenceError: setEditingId is not defined
    at http://localhost:5176/src/components/FreestyleBoard.jsx?t=1789621026170:637:5
    at http://localhost:5176/src/components/FreestyleBoard.jsx?t=1789621026170:847:9
    at HTMLUnknownElement.callCallback2 (http://localhost:5176/node_modules/.vite/deps/chunk-KVMAXHTM.js?v=c435cca1:3680:22)
    at Object.invokeGuardedCallbackDev (http://localhost:5176/node_modules/.vite/deps/chunk-KVMAXHTM.js?v=c435cca1:3705:24)
    at invokeGuardedCallback (http://localhost:5176/node_modules/.vite/deps/chunk-KVMAXHTM.js?v=c435cca1:3739:39)
    at invokeGuardedCallbackAndCatchFirstError (http://localhost:5176/node_modules/.vite/deps/chunk-KVMAXHTM.js?v=c435cca1:3742:33)
    at executeDispatch (http://localhost:5176/node_modules/.vite/deps/chunk-KVMAXHTM.js?v=c435cca1:7046:11)
    at processDispatchQueueItemsInOrder (http://localhost:5176/node_modules/.vite/deps/chunk-KVMAXHTM.js?v=c435cca1:7066:15)
    at processDispatchQueue (http://localhost:5176/node_modules/.vite/deps/chunk-KVMAXHTM.js?v=c435cca1:7075:13)
    at dispatchEventsForPlugins (http://localhost:5176/node_modules/.vite/deps/chunk-KVMAXHTM.js?v=c435cca1:7083:11)
[  486736ms] ReferenceError: setEditingId is not defined
    at http://localhost:5176/src/components/FreestyleBoard.jsx?t=1789621026170:637:5
    at http://localhost:5176/src/components/FreestyleBoard.jsx?t=1789621026170:847:9
    at HTMLUnknownElement.callCallback2 (http://localhost:5176/node_modules/.vite/deps/chunk-KVMAXHTM.js?v=c435cca1:3680:22)
    at Object.invokeGuardedCallbackDev (http://localhost:5176/node_modules/.vite/deps/chunk-KVMAXHTM.js?v=c435cca1:3705:24)
    at invokeGuardedCallback (http://localhost:5176/node_modules/.vite/deps/chunk-KVMAXHTM.js?v=c435cca1:3739:39)
    at invokeGuardedCallbackAndCatchFirstError (http://localhost:5176/node_modules/.vite/deps/chunk-KVMAXHTM.js?v=c435cca1:3742:33)
    at executeDispatch (http://localhost:5176/node_modules/.vite/deps/chunk-KVMAXHTM.js?v=c435cca1:7046:11)
    at processDispatchQueueItemsInOrder (http://localhost:5176/node_modules/.vite/deps/chunk-KVMAXHTM.js?v=c435cca1:7066:15)
    at processDispatchQueue (http://localhost:5176/node_modules/.vite/deps/chunk-KVMAXHTM.js?v=c435cca1:7075:13)
    at dispatchEventsForPlugins (http://localhost:5176/node_modules/.vite/deps/chunk-KVMAXHTM.js?v=c435cca1:7083:11)
[  486736ms] ReferenceError: setEditingId is not defined
    at http://localhost:5176/src/components/FreestyleBoard.jsx?t=1789621026170:637:5
    at http://localhost:5176/src/components/FreestyleBoard.jsx?t=1789621026170:847:9
    at HTMLUnknownElement.callCallback2 (http://localhost:5176/node_modules/.vite/deps/chunk-KVMAXHTM.js?v=c435cca1:3680:22)
    at Object.invokeGuardedCallbackDev (http://localhost:5176/node_modules/.vite/deps/chunk-KVMAXHTM.js?v=c435cca1:3705:24)
    at invokeGuardedCallback (http://localhost:5176/node_modules/.vite/deps/chunk-KVMAXHTM.js?v=c435cca1:3739:39)
    at invokeGuardedCallbackAndCatchFirstError (http://localhost:5176/node_modules/.vite/deps/chunk-KVMAXHTM.js?v=c435cca1:3742:33)
    at executeDispatch (http://localhost:5176/node_modules/.vite/deps/chunk-KVMAXHTM.js?v=c435cca1:7046:11)
    at processDispatchQueueItemsInOrder (http://localhost:5176/node_modules/.vite/deps/chunk-KVMAXHTM.js?v=c435cca1:7066:15)
    at processDispatchQueue (http://localhost:5176/node_modules/.vite/deps/chunk-KVMAXHTM.js?v=c435cca1:7075:13)
    at dispatchEventsForPlugins (http://localhost:5176/node_modules/.vite/deps/chunk-KVMAXHTM.js?v=c435cca1:7083:11)
[  486744ms] ReferenceError: setEditingId is not defined
    at http://localhost:5176/src/components/FreestyleBoard.jsx?t=1789621026170:637:5
    at http://localhost:5176/src/components/FreestyleBoard.jsx?t=1789621026170:847:9
    at HTMLUnknownElement.callCallback2 (http://localhost:5176/node_modules/.vite/deps/chunk-KVMAXHTM.js?v=c435cca1:3680:22)
    at Object.invokeGuardedCallbackDev (http://localhost:5176/node_modules/.vite/deps/chunk-KVMAXHTM.js?v=c435cca1:3705:24)
    at invokeGuardedCallback (http://localhost:5176/node_modules/.vite/deps/chunk-KVMAXHTM.js?v=c435cca1:3739:39)
    at invokeGuardedCallbackAndCatchFirstError (http://localhost:5176/node_modules/.vite/deps/chunk-KVMAXHTM.js?v=c435cca1:3742:33)
    at executeDispatch (http://localhost:5176/node_modules/.vite/deps/chunk-KVMAXHTM.js?v=c435cca1:7046:11)
    at processDispatchQueueItemsInOrder (http://localhost:5176/node_modules/.vite/deps/chunk-KVMAXHTM.js?v=c435cca1:7066:15)
    at processDispatchQueue (http://localhost:5176/node_modules/.vite/deps/chunk-KVMAXHTM.js?v=c435cca1:7075:13)
    at dispatchEventsForPlugins (http://localhost:5176/node_modules/.vite/deps/chunk-KVMAXHTM.js?v=c435cca1:7083:11)
[  486745ms] ReferenceError: setEditingId is not defined
    at http://localhost:5176/src/components/FreestyleBoard.jsx?t=1789621026170:637:5
    at http://localhost:5176/src/components/FreestyleBoard.jsx?t=1789621026170:847:9
    at HTMLUnknownElement.callCallback2 (http://localhost:5176/node_modules/.vite/deps/chunk-KVMAXHTM.js?v=c435cca1:3680:22)
    at Object.invokeGuardedCallbackDev (http://localhost:5176/node_modules/.vite/deps/chunk-KVMAXHTM.js?v=c435cca1:3705:24)
    at invokeGuardedCallback (http://localhost:5176/node_modules/.vite/deps/chunk-KVMAXHTM.js?v=c435cca1:3739:39)
    at invokeGuardedCallbackAndCatchFirstError (http://localhost:5176/node_modules/.vite/deps/chunk-KVMAXHTM.js?v=c435cca1:3742:33)
    at executeDispatch (http://localhost:5176/node_modules/.vite/deps/chunk-KVMAXHTM.js?v=c435cca1:7046:11)
    at processDispatchQueueItemsInOrder (http://localhost:5176/node_modules/.vite/deps/chunk-KVMAXHTM.js?v=c435cca1:7066:15)
    at processDispatchQueue (http://localhost:5176/node_modules/.vite/deps/chunk-KVMAXHTM.js?v=c435cca1:7075:13)
    at dispatchEventsForPlugins (http://localhost:5176/node_modules/.vite/deps/chunk-KVMAXHTM.js?v=c435cca1:7083:11)
[  486755ms] ReferenceError: setEditingId is not defined
    at http://localhost:5176/src/components/FreestyleBoard.jsx?t=1789621026170:637:5
    at http://localhost:5176/src/components/FreestyleBoard.jsx?t=1789621026170:847:9
    at HTMLUnknownElement.callCallback2 (http://localhost:5176/node_modules/.vite/deps/chunk-KVMAXHTM.js?v=c435cca1:3680:22)
    at Object.invokeGuardedCallbackDev (http://localhost:5176/node_modules/.vite/deps/chunk-KVMAXHTM.js?v=c435cca1:3705:24)
    at invokeGuardedCallback (http://localhost:5176/node_modules/.vite/deps/chunk-KVMAXHTM.js?v=c435cca1:3739:39)
    at invokeGuardedCallbackAndCatchFirstError (http://localhost:5176/node_modules/.vite/deps/chunk-KVMAXHTM.js?v=c435cca1:3742:33)
    at executeDispatch (http://localhost:5176/node_modules/.vite/deps/chunk-KVMAXHTM.js?v=c435cca1:7046:11)
    at processDispatchQueueItemsInOrder (http://localhost:5176/node_modules/.vite/deps/chunk-KVMAXHTM.js?v=c435cca1:7066:15)
    at processDispatchQueue (http://localhost:5176/node_modules/.vite/deps/chunk-KVMAXHTM.js?v=c435cca1:7075:13)
    at dispatchEventsForPlugins (http://localhost:5176/node_modules/.vite/deps/chunk-KVMAXHTM.js?v=c435cca1:7083:11)
[  486755ms] ReferenceError: setEditingId is not defined
    at http://localhost:5176/src/components/FreestyleBoard.jsx?t=1789621026170:637:5
    at http://localhost:5176/src/components/FreestyleBoard.jsx?t=1789621026170:847:9
    at HTMLUnknownElement.callCallback2 (http://localhost:5176/node_modules/.vite/deps/chunk-KVMAXHTM.js?v=c435cca1:3680:22)
    at Object.invokeGuardedCallbackDev (http://localhost:5176/node_modules/.vite/deps/chunk-KVMAXHTM.js?v=c435cca1:3705:24)
    at invokeGuardedCallback (http://localhost:5176/node_modules/.vite/deps/chunk-KVMAXHTM.js?v=c435cca1:3739:39)
    at invokeGuardedCallbackAndCatchFirstError (http://localhost:5176/node_modules/.vite/deps/chunk-KVMAXHTM.js?v=c435cca1:3742:33)
    at executeDispatch (http://localhost:5176/node_modules/.vite/deps/chunk-KVMAXHTM.js?v=c435cca1:7046:11)
    at processDispatchQueueItemsInOrder (http://localhost:5176/node_modules/.vite/deps/chunk-KVMAXHTM.js?v=c435cca1:7066:15)
    at processDispatchQueue (http://localhost:5176/node_modules/.vite/deps/chunk-KVMAXHTM.js?v=c435cca1:7075:13)
    at dispatchEventsForPlugins (http://localhost:5176/node_modules/.vite/deps/chunk-KVMAXHTM.js?v=c435cca1:7083:11)
[  486761ms] ReferenceError: setEditingId is not defined
    at http://localhost:5176/src/components/FreestyleBoard.jsx?t=1789621026170:637:5
    at http://localhost:5176/src/components/FreestyleBoard.jsx?t=1789621026170:847:9
    at HTMLUnknownElement.callCallback2 (http://localhost:5176/node_modules/.vite/deps/chunk-KVMAXHTM.js?v=c435cca1:3680:22)
    at Object.invokeGuardedCallbackDev (http://localhost:5176/node_modules/.vite/deps/chunk-KVMAXHTM.js?v=c435cca1:3705:24)
    at invokeGuardedCallback (http://localhost:5176/node_modules/.vite/deps/chunk-KVMAXHTM.js?v=c435cca1:3739:39)
    at invokeGuardedCallbackAndCatchFirstError (http://localhost:5176/node_modules/.vite/deps/chunk-KVMAXHTM.js?v=c435cca1:3742:33)
    at executeDispatch (http://localhost:5176/node_modules/.vite/deps/chunk-KVMAXHTM.js?v=c435cca1:7046:11)
    at processDispatchQueueItemsInOrder (http://localhost:5176/node_modules/.vite/deps/chunk-KVMAXHTM.js?v=c435cca1:7066:15)
    at processDispatchQueue (http://localhost:5176/node_modules/.vite/deps/chunk-KVMAXHTM.js?v=c435cca1:7075:13)
    at dispatchEventsForPlugins (http://localhost:5176/node_modules/.vite/deps/chunk-KVMAXHTM.js?v=c435cca1:7083:11)
[  486761ms] ReferenceError: setEditingId is not defined
    at http://localhost:5176/src/components/FreestyleBoard.jsx?t=1789621026170:637:5
    at http://localhost:5176/src/components/FreestyleBoard.jsx?t=1789621026170:847:9
    at HTMLUnknownElement.callCallback2 (http://localhost:5176/node_modules/.vite/deps/chunk-KVMAXHTM.js?v=c435cca1:3680:22)
    at Object.invokeGuardedCallbackDev (http://localhost:5176/node_modules/.vite/deps/chunk-KVMAXHTM.js?v=c435cca1:3705:24)
    at invokeGuardedCallback (http://localhost:5176/node_modules/.vite/deps/chunk-KVMAXHTM.js?v=c435cca1:3739:39)
    at invokeGuardedCallbackAndCatchFirstError (http://localhost:5176/node_modules/.vite/deps/chunk-KVMAXHTM.js?v=c435cca1:3742:33)
    at executeDispatch (http://localhost:5176/node_modules/.vite/deps/chunk-KVMAXHTM.js?v=c435cca1:7046:11)
    at processDispatchQueueItemsInOrder (http://localhost:5176/node_modules/.vite/deps/chunk-KVMAXHTM.js?v=c435cca1:7066:15)
    at processDispatchQueue (http://localhost:5176/node_modules/.vite/deps/chunk-KVMAXHTM.js?v=c435cca1:7075:13)
    at dispatchEventsForPlugins (http://localhost:5176/node_modules/.vite/deps/chunk-KVMAXHTM.js?v=c435cca1:7083:11)
[  486770ms] ReferenceError: setEditingId is not defined
    at http://localhost:5176/src/components/FreestyleBoard.jsx?t=1789621026170:637:5
    at http://localhost:5176/src/components/FreestyleBoard.jsx?t=1789621026170:847:9
    at HTMLUnknownElement.callCallback2 (http://localhost:5176/node_modules/.vite/deps/chunk-KVMAXHTM.js?v=c435cca1:3680:22)
    at Object.invokeGuardedCallbackDev (http://localhost:5176/node_modules/.vite/deps/chunk-KVMAXHTM.js?v=c435cca1:3705:24)
    at invokeGuardedCallback (http://localhost:5176/node_modules/.vite/deps/chunk-KVMAXHTM.js?v=c435cca1:3739:39)
    at invokeGuardedCallbackAndCatchFirstError (http://localhost:5176/node_modules/.vite/deps/chunk-KVMAXHTM.js?v=c435cca1:3742:33)
    at executeDispatch (http://localhost:5176/node_modules/.vite/deps/chunk-KVMAXHTM.js?v=c435cca1:7046:11)
    at processDispatchQueueItemsInOrder (http://localhost:5176/node_modules/.vite/deps/chunk-KVMAXHTM.js?v=c435cca1:7066:15)
    at processDispatchQueue (http://localhost:5176/node_modules/.vite/deps/chunk-KVMAXHTM.js?v=c435cca1:7075:13)
    at dispatchEventsForPlugins (http://localhost:5176/node_modules/.vite/deps/chunk-KVMAXHTM.js?v=c435cca1:7083:11)
[  486771ms] ReferenceError: setEditingId is not defined
    at http://localhost:5176/src/components/FreestyleBoard.jsx?t=1789621026170:637:5
    at http://localhost:5176/src/components/FreestyleBoard.jsx?t=1789621026170:847:9
    at HTMLUnknownElement.callCallback2 (http://localhost:5176/node_modules/.vite/deps/chunk-KVMAXHTM.js?v=c435cca1:3680:22)
    at Object.invokeGuardedCallbackDev (http://localhost:5176/node_modules/.vite/deps/chunk-KVMAXHTM.js?v=c435cca1:3705:24)
    at invokeGuardedCallback (http://localhost:5176/node_modules/.vite/deps/chunk-KVMAXHTM.js?v=c435cca1:3739:39)
    at invokeGuardedCallbackAndCatchFirstError (http://localhost:5176/node_modules/.vite/deps/chunk-KVMAXHTM.js?v=c435cca1:3742:33)
    at executeDispatch (http://localhost:5176/node_modules/.vite/deps/chunk-KVMAXHTM.js?v=c435cca1:7046:11)
    at processDispatchQueueItemsInOrder (http://localhost:5176/node_modules/.vite/deps/chunk-KVMAXHTM.js?v=c435cca1:7066:15)
    at processDispatchQueue (http://localhost:5176/node_modules/.vite/deps/chunk-KVMAXHTM.js?v=c435cca1:7075:13)
    at dispatchEventsForPlugins (http://localhost:5176/node_modules/.vite/deps/chunk-KVMAXHTM.js?v=c435cca1:7083:11)
[  486780ms] ReferenceError: setEditingId is not defined
    at http://localhost:5176/src/components/FreestyleBoard.jsx?t=1789621026170:637:5
    at http://localhost:5176/src/components/FreestyleBoard.jsx?t=1789621026170:847:9
    at HTMLUnknownElement.callCallback2 (http://localhost:5176/node_modules/.vite/deps/chunk-KVMAXHTM.js?v=c435cca1:3680:22)
    at Object.invokeGuardedCallbackDev (http://localhost:5176/node_modules/.vite/deps/chunk-KVMAXHTM.js?v=c435cca1:3705:24)
    at invokeGuardedCallback (http://localhost:5176/node_modules/.vite/deps/chunk-KVMAXHTM.js?v=c435cca1:3739:39)
    at invokeGuardedCallbackAndCatchFirstError (http://localhost:5176/node_modules/.vite/deps/chunk-KVMAXHTM.js?v=c435cca1:3742:33)
    at executeDispatch (http://localhost:5176/node_modules/.vite/deps/chunk-KVMAXHTM.js?v=c435cca1:7046:11)
    at processDispatchQueueItemsInOrder (http://localhost:5176/node_modules/.vite/deps/chunk-KVMAXHTM.js?v=c435cca1:7066:15)
    at processDispatchQueue (http://localhost:5176/node_modules/.vite/deps/chunk-KVMAXHTM.js?v=c435cca1:7075:13)
    at dispatchEventsForPlugins (http://localhost:5176/node_modules/.vite/deps/chunk-KVMAXHTM.js?v=c435cca1:7083:11)
[  486781ms] ReferenceError: setEditingId is not defined
    at http://localhost:5176/src/components/FreestyleBoard.jsx?t=1789621026170:637:5
    at http://localhost:5176/src/components/FreestyleBoard.jsx?t=1789621026170:847:9
    at HTMLUnknownElement.callCallback2 (http://localhost:5176/node_modules/.vite/deps/chunk-KVMAXHTM.js?v=c435cca1:3680:22)
    at Object.invokeGuardedCallbackDev (http://localhost:5176/node_modules/.vite/deps/chunk-KVMAXHTM.js?v=c435cca1:3705:24)
    at invokeGuardedCallback (http://localhost:5176/node_modules/.vite/deps/chunk-KVMAXHTM.js?v=c435cca1:3739:39)
    at invokeGuardedCallbackAndCatchFirstError (http://localhost:5176/node_modules/.vite/deps/chunk-KVMAXHTM.js?v=c435cca1:3742:33)
    at executeDispatch (http://localhost:5176/node_modules/.vite/deps/chunk-KVMAXHTM.js?v=c435cca1:7046:11)
    at processDispatchQueueItemsInOrder (http://localhost:5176/node_modules/.vite/deps/chunk-KVMAXHTM.js?v=c435cca1:7066:15)
    at processDispatchQueue (http://localhost:5176/node_modules/.vite/deps/chunk-KVMAXHTM.js?v=c435cca1:7075:13)
    at dispatchEventsForPlugins (http://localhost:5176/node_modules/.vite/deps/chunk-KVMAXHTM.js?v=c435cca1:7083:11)
[  486788ms] ReferenceError: setEditingId is not defined
    at http://localhost:5176/src/components/FreestyleBoard.jsx?t=1789621026170:637:5
    at http://localhost:5176/src/components/FreestyleBoard.jsx?t=1789621026170:847:9
    at HTMLUnknownElement.callCallback2 (http://localhost:5176/node_modules/.vite/deps/chunk-KVMAXHTM.js?v=c435cca1:3680:22)
    at Object.invokeGuardedCallbackDev (http://localhost:5176/node_modules/.vite/deps/chunk-KVMAXHTM.js?v=c435cca1:3705:24)
    at invokeGuardedCallback (http://localhost:5176/node_modules/.vite/deps/chunk-KVMAXHTM.js?v=c435cca1:3739:39)
    at invokeGuardedCallbackAndCatchFirstError (http://localhost:5176/node_modules/.vite/deps/chunk-KVMAXHTM.js?v=c435cca1:3742:33)
    at executeDispatch (http://localhost:5176/node_modules/.vite/deps/chunk-KVMAXHTM.js?v=c435cca1:7046:11)
    at processDispatchQueueItemsInOrder (http://localhost:5176/node_modules/.vite/deps/chunk-KVMAXHTM.js?v=c435cca1:7066:15)
    at processDispatchQueue (http://localhost:5176/node_modules/.vite/deps/chunk-KVMAXHTM.js?v=c435cca1:7075:13)
    at dispatchEventsForPlugins (http://localhost:5176/node_modules/.vite/deps/chunk-KVMAXHTM.js?v=c435cca1:7083:11)
[  486789ms] ReferenceError: setEditingId is not defined
    at http://localhost:5176/src/components/FreestyleBoard.jsx?t=1789621026170:637:5
    at http://localhost:5176/src/components/FreestyleBoard.jsx?t=1789621026170:847:9
    at HTMLUnknownElement.callCallback2 (http://localhost:5176/node_modules/.vite/deps/chunk-KVMAXHTM.js?v=c435cca1:3680:22)
    at Object.invokeGuardedCallbackDev (http://localhost:5176/node_modules/.vite/deps/chunk-KVMAXHTM.js?v=c435cca1:3705:24)
    at invokeGuardedCallback (http://localhost:5176/node_modules/.vite/deps/chunk-KVMAXHTM.js?v=c435cca1:3739:39)
    at invokeGuardedCallbackAndCatchFirstError (http://localhost:5176/node_modules/.vite/deps/chunk-KVMAXHTM.js?v=c435cca1:3742:33)
    at executeDispatch (http://localhost:5176/node_modules/.vite/deps/chunk-KVMAXHTM.js?v=c435cca1:7046:11)
    at processDispatchQueueItemsInOrder (http://localhost:5176/node_modules/.vite/deps/chunk-KVMAXHTM.js?v=c435cca1:7066:15)
    at processDispatchQueue (http://localhost:5176/node_modules/.vite/deps/chunk-KVMAXHTM.js?v=c435cca1:7075:13)
    at dispatchEventsForPlugins (http://localhost:5176/node_modules/.vite/deps/chunk-KVMAXHTM.js?v=c435cca1:7083:11)
[  486797ms] ReferenceError: setEditingId is not defined
    at http://localhost:5176/src/components/FreestyleBoard.jsx?t=1789621026170:637:5
    at http://localhost:5176/src/components/FreestyleBoard.jsx?t=1789621026170:847:9
    at HTMLUnknownElement.callCallback2 (http://localhost:5176/node_modules/.vite/deps/chunk-KVMAXHTM.js?v=c435cca1:3680:22)
    at Object.invokeGuardedCallbackDev (http://localhost:5176/node_modules/.vite/deps/chunk-KVMAXHTM.js?v=c435cca1:3705:24)
    at invokeGuardedCallback (http://localhost:5176/node_modules/.vite/deps/chunk-KVMAXHTM.js?v=c435cca1:3739:39)
    at invokeGuardedCallbackAndCatchFirstError (http://localhost:5176/node_modules/.vite/deps/chunk-KVMAXHTM.js?v=c435cca1:3742:33)
    at executeDispatch (http://localhost:5176/node_modules/.vite/deps/chunk-KVMAXHTM.js?v=c435cca1:7046:11)
    at processDispatchQueueItemsInOrder (http://localhost:5176/node_modules/.vite/deps/chunk-KVMAXHTM.js?v=c435cca1:7066:15)
    at processDispatchQueue (http://localhost:5176/node_modules/.vite/deps/chunk-KVMAXHTM.js?v=c435cca1:7075:13)
    at dispatchEventsForPlugins (http://localhost:5176/node_modules/.vite/deps/chunk-KVMAXHTM.js?v=c435cca1:7083:11)
[  486797ms] ReferenceError: setEditingId is not defined
    at http://localhost:5176/src/components/FreestyleBoard.jsx?t=1789621026170:637:5
    at http://localhost:5176/src/components/FreestyleBoard.jsx?t=1789621026170:847:9
    at HTMLUnknownElement.callCallback2 (http://localhost:5176/node_modules/.vite/deps/chunk-KVMAXHTM.js?v=c435cca1:3680:22)
    at Object.invokeGuardedCallbackDev (http://localhost:5176/node_modules/.vite/deps/chunk-KVMAXHTM.js?v=c435cca1:3705:24)
    at invokeGuardedCallback (http://localhost:5176/node_modules/.vite/deps/chunk-KVMAXHTM.js?v=c435cca1:3739:39)
    at invokeGuardedCallbackAndCatchFirstError (http://localhost:5176/node_modules/.vite/deps/chunk-KVMAXHTM.js?v=c435cca1:3742:33)
    at executeDispatch (http://localhost:5176/node_modules/.vite/deps/chunk-KVMAXHTM.js?v=c435cca1:7046:11)
    at processDispatchQueueItemsInOrder (http://localhost:5176/node_modules/.vite/deps/chunk-KVMAXHTM.js?v=c435cca1:7066:15)
    at processDispatchQueue (http://localhost:5176/node_modules/.vite/deps/chunk-KVMAXHTM.js?v=c435cca1:7075:13)
    at dispatchEventsForPlugins (http://localhost:5176/node_modules/.vite/deps/chunk-KVMAXHTM.js?v=c435cca1:7083:11)
[  486805ms] ReferenceError: setEditingId is not defined
    at http://localhost:5176/src/components/FreestyleBoard.jsx?t=1789621026170:637:5
    at http://localhost:5176/src/components/FreestyleBoard.jsx?t=1789621026170:847:9
    at HTMLUnknownElement.callCallback2 (http://localhost:5176/node_modules/.vite/deps/chunk-KVMAXHTM.js?v=c435cca1:3680:22)
    at Object.invokeGuardedCallbackDev (http://localhost:5176/node_modules/.vite/deps/chunk-KVMAXHTM.js?v=c435cca1:3705:24)
    at invokeGuardedCallback (http://localhost:5176/node_modules/.vite/deps/chunk-KVMAXHTM.js?v=c435cca1:3739:39)
    at invokeGuardedCallbackAndCatchFirstError (http://localhost:5176/node_modules/.vite/deps/chunk-KVMAXHTM.js?v=c435cca1:3742:33)
    at executeDispatch (http://localhost:5176/node_modules/.vite/deps/chunk-KVMAXHTM.js?v=c435cca1:7046:11)
    at processDispatchQueueItemsInOrder (http://localhost:5176/node_modules/.vite/deps/chunk-KVMAXHTM.js?v=c435cca1:7066:15)
    at processDispatchQueue (http://localhost:5176/node_modules/.vite/deps/chunk-KVMAXHTM.js?v=c435cca1:7075:13)
    at dispatchEventsForPlugins (http://localhost:5176/node_modules/.vite/deps/chunk-KVMAXHTM.js?v=c435cca1:7083:11)
[  486805ms] ReferenceError: setEditingId is not defined
    at http://localhost:5176/src/components/FreestyleBoard.jsx?t=1789621026170:637:5
    at http://localhost:5176/src/components/FreestyleBoard.jsx?t=1789621026170:847:9
    at HTMLUnknownElement.callCallback2 (http://localhost:5176/node_modules/.vite/deps/chunk-KVMAXHTM.js?v=c435cca1:3680:22)
    at Object.invokeGuardedCallbackDev (http://localhost:5176/node_modules/.vite/deps/chunk-KVMAXHTM.js?v=c435cca1:3705:24)
    at invokeGuardedCallback (http://localhost:5176/node_modules/.vite/deps/chunk-KVMAXHTM.js?v=c435cca1:3739:39)
    at invokeGuardedCallbackAndCatchFirstError (http://localhost:5176/node_modules/.vite/deps/chunk-KVMAXHTM.js?v=c435cca1:3742:33)
    at executeDispatch (http://localhost:5176/node_modules/.vite/deps/chunk-KVMAXHTM.js?v=c435cca1:7046:11)
    at processDispatchQueueItemsInOrder (http://localhost:5176/node_modules/.vite/deps/chunk-KVMAXHTM.js?v=c435cca1:7066:15)
    at processDispatchQueue (http://localhost:5176/node_modules/.vite/deps/chunk-KVMAXHTM.js?v=c435cca1:7075:13)
    at dispatchEventsForPlugins (http://localhost:5176/node_modules/.vite/deps/chunk-KVMAXHTM.js?v=c435cca1:7083:11)
[  486813ms] ReferenceError: setEditingId is not defined
    at http://localhost:5176/src/components/FreestyleBoard.jsx?t=1789621026170:637:5
    at http://localhost:5176/src/components/FreestyleBoard.jsx?t=1789621026170:847:9
    at HTMLUnknownElement.callCallback2 (http://localhost:5176/node_modules/.vite/deps/chunk-KVMAXHTM.js?v=c435cca1:3680:22)
    at Object.invokeGuardedCallbackDev (http://localhost:5176/node_modules/.vite/deps/chunk-KVMAXHTM.js?v=c435cca1:3705:24)
    at invokeGuardedCallback (http://localhost:5176/node_modules/.vite/deps/chunk-KVMAXHTM.js?v=c435cca1:3739:39)
    at invokeGuardedCallbackAndCatchFirstError (http://localhost:5176/node_modules/.vite/deps/chunk-KVMAXHTM.js?v=c435cca1:3742:33)
    at executeDispatch (http://localhost:5176/node_modules/.vite/deps/chunk-KVMAXHTM.js?v=c435cca1:7046:11)
    at processDispatchQueueItemsInOrder (http://localhost:5176/node_modules/.vite/deps/chunk-KVMAXHTM.js?v=c435cca1:7066:15)
    at processDispatchQueue (http://localhost:5176/node_modules/.vite/deps/chunk-KVMAXHTM.js?v=c435cca1:7075:13)
    at dispatchEventsForPlugins (http://localhost:5176/node_modules/.vite/deps/chunk-KVMAXHTM.js?v=c435cca1:7083:11)
[  486814ms] ReferenceError: setEditingId is not defined
    at http://localhost:5176/src/components/FreestyleBoard.jsx?t=1789621026170:637:5
    at http://localhost:5176/src/components/FreestyleBoard.jsx?t=1789621026170:847:9
    at HTMLUnknownElement.callCallback2 (http://localhost:5176/node_modules/.vite/deps/chunk-KVMAXHTM.js?v=c435cca1:3680:22)
    at Object.invokeGuardedCallbackDev (http://localhost:5176/node_modules/.vite/deps/chunk-KVMAXHTM.js?v=c435cca1:3705:24)
    at invokeGuardedCallback (http://localhost:5176/node_modules/.vite/deps/chunk-KVMAXHTM.js?v=c435cca1:3739:39)
    at invokeGuardedCallbackAndCatchFirstError (http://localhost:5176/node_modules/.vite/deps/chunk-KVMAXHTM.js?v=c435cca1:3742:33)
    at executeDispatch (http://localhost:5176/node_modules/.vite/deps/chunk-KVMAXHTM.js?v=c435cca1:7046:11)
    at processDispatchQueueItemsInOrder (http://localhost:5176/node_modules/.vite/deps/chunk-KVMAXHTM.js?v=c435cca1:7066:15)
    at processDispatchQueue (http://localhost:5176/node_modules/.vite/deps/chunk-KVMAXHTM.js?v=c435cca1:7075:13)
    at dispatchEventsForPlugins (http://localhost:5176/node_modules/.vite/deps/chunk-KVMAXHTM.js?v=c435cca1:7083:11)
[  486821ms] ReferenceError: setEditingId is not defined
    at http://localhost:5176/src/components/FreestyleBoard.jsx?t=1789621026170:637:5
    at http://localhost:5176/src/components/FreestyleBoard.jsx?t=1789621026170:847:9
    at HTMLUnknownElement.callCallback2 (http://localhost:5176/node_modules/.vite/deps/chunk-KVMAXHTM.js?v=c435cca1:3680:22)
    at Object.invokeGuardedCallbackDev (http://localhost:5176/node_modules/.vite/deps/chunk-KVMAXHTM.js?v=c435cca1:3705:24)
    at invokeGuardedCallback (http://localhost:5176/node_modules/.vite/deps/chunk-KVMAXHTM.js?v=c435cca1:3739:39)
    at invokeGuardedCallbackAndCatchFirstError (http://localhost:5176/node_modules/.vite/deps/chunk-KVMAXHTM.js?v=c435cca1:3742:33)
    at executeDispatch (http://localhost:5176/node_modules/.vite/deps/chunk-KVMAXHTM.js?v=c435cca1:7046:11)
    at processDispatchQueueItemsInOrder (http://localhost:5176/node_modules/.vite/deps/chunk-KVMAXHTM.js?v=c435cca1:7066:15)
    at processDispatchQueue (http://localhost:5176/node_modules/.vite/deps/chunk-KVMAXHTM.js?v=c435cca1:7075:13)
    at dispatchEventsForPlugins (http://localhost:5176/node_modules/.vite/deps/chunk-KVMAXHTM.js?v=c435cca1:7083:11)
[  486822ms] ReferenceError: setEditingId is not defined
    at http://localhost:5176/src/components/FreestyleBoard.jsx?t=1789621026170:637:5
    at http://localhost:5176/src/components/FreestyleBoard.jsx?t=1789621026170:847:9
    at HTMLUnknownElement.callCallback2 (http://localhost:5176/node_modules/.vite/deps/chunk-KVMAXHTM.js?v=c435cca1:3680:22)
    at Object.invokeGuardedCallbackDev (http://localhost:5176/node_modules/.vite/deps/chunk-KVMAXHTM.js?v=c435cca1:3705:24)
    at invokeGuardedCallback (http://localhost:5176/node_modules/.vite/deps/chunk-KVMAXHTM.js?v=c435cca1:3739:39)
    at invokeGuardedCallbackAndCatchFirstError (http://localhost:5176/node_modules/.vite/deps/chunk-KVMAXHTM.js?v=c435cca1:3742:33)
    at executeDispatch (http://localhost:5176/node_modules/.vite/deps/chunk-KVMAXHTM.js?v=c435cca1:7046:11)
    at processDispatchQueueItemsInOrder (http://localhost:5176/node_modules/.vite/deps/chunk-KVMAXHTM.js?v=c435cca1:7066:15)
    at processDispatchQueue (http://localhost:5176/node_modules/.vite/deps/chunk-KVMAXHTM.js?v=c435cca1:7075:13)
    at dispatchEventsForPlugins (http://localhost:5176/node_modules/.vite/deps/chunk-KVMAXHTM.js?v=c435cca1:7083:11)
[  486827ms] ReferenceError: setEditingId is not defined
    at http://localhost:5176/src/components/FreestyleBoard.jsx?t=1789621026170:637:5
    at http://localhost:5176/src/components/FreestyleBoard.jsx?t=1789621026170:847:9
    at HTMLUnknownElement.callCallback2 (http://localhost:5176/node_modules/.vite/deps/chunk-KVMAXHTM.js?v=c435cca1:3680:22)
    at Object.invokeGuardedCallbackDev (http://localhost:5176/node_modules/.vite/deps/chunk-KVMAXHTM.js?v=c435cca1:3705:24)
    at invokeGuardedCallback (http://localhost:5176/node_modules/.vite/deps/chunk-KVMAXHTM.js?v=c435cca1:3739:39)
    at invokeGuardedCallbackAndCatchFirstError (http://localhost:5176/node_modules/.vite/deps/chunk-KVMAXHTM.js?v=c435cca1:3742:33)
    at executeDispatch (http://localhost:5176/node_modules/.vite/deps/chunk-KVMAXHTM.js?v=c435cca1:7046:11)
    at processDispatchQueueItemsInOrder (http://localhost:5176/node_modules/.vite/deps/chunk-KVMAXHTM.js?v=c435cca1:7066:15)
    at processDispatchQueue (http://localhost:5176/node_modules/.vite/deps/chunk-KVMAXHTM.js?v=c435cca1:7075:13)
    at dispatchEventsForPlugins (http://localhost:5176/node_modules/.vite/deps/chunk-KVMAXHTM.js?v=c435cca1:7083:11)
[  486828ms] ReferenceError: setEditingId is not defined
    at http://localhost:5176/src/components/FreestyleBoard.jsx?t=1789621026170:637:5
    at http://localhost:5176/src/components/FreestyleBoard.jsx?t=1789621026170:847:9
    at HTMLUnknownElement.callCallback2 (http://localhost:5176/node_modules/.vite/deps/chunk-KVMAXHTM.js?v=c435cca1:3680:22)
    at Object.invokeGuardedCallbackDev (http://localhost:5176/node_modules/.vite/deps/chunk-KVMAXHTM.js?v=c435cca1:3705:24)
    at invokeGuardedCallback (http://localhost:5176/node_modules/.vite/deps/chunk-KVMAXHTM.js?v=c435cca1:3739:39)
    at invokeGuardedCallbackAndCatchFirstError (http://localhost:5176/node_modules/.vite/deps/chunk-KVMAXHTM.js?v=c435cca1:3742:33)
    at executeDispatch (http://localhost:5176/node_modules/.vite/deps/chunk-KVMAXHTM.js?v=c435cca1:7046:11)
    at processDispatchQueueItemsInOrder (http://localhost:5176/node_modules/.vite/deps/chunk-KVMAXHTM.js?v=c435cca1:7066:15)
    at processDispatchQueue (http://localhost:5176/node_modules/.vite/deps/chunk-KVMAXHTM.js?v=c435cca1:7075:13)
    at dispatchEventsForPlugins (http://localhost:5176/node_modules/.vite/deps/chunk-KVMAXHTM.js?v=c435cca1:7083:11)
[  486838ms] ReferenceError: setEditingId is not defined
    at http://localhost:5176/src/components/FreestyleBoard.jsx?t=1789621026170:637:5
    at http://localhost:5176/src/components/FreestyleBoard.jsx?t=1789621026170:847:9
    at HTMLUnknownElement.callCallback2 (http://localhost:5176/node_modules/.vite/deps/chunk-KVMAXHTM.js?v=c435cca1:3680:22)
    at Object.invokeGuardedCallbackDev (http://localhost:5176/node_modules/.vite/deps/chunk-KVMAXHTM.js?v=c435cca1:3705:24)
    at invokeGuardedCallback (http://localhost:5176/node_modules/.vite/deps/chunk-KVMAXHTM.js?v=c435cca1:3739:39)
    at invokeGuardedCallbackAndCatchFirstError (http://localhost:5176/node_modules/.vite/deps/chunk-KVMAXHTM.js?v=c435cca1:3742:33)
    at executeDispatch (http://localhost:5176/node_modules/.vite/deps/chunk-KVMAXHTM.js?v=c435cca1:7046:11)
    at processDispatchQueueItemsInOrder (http://localhost:5176/node_modules/.vite/deps/chunk-KVMAXHTM.js?v=c435cca1:7066:15)
    at processDispatchQueue (http://localhost:5176/node_modules/.vite/deps/chunk-KVMAXHTM.js?v=c435cca1:7075:13)
    at dispatchEventsForPlugins (http://localhost:5176/node_modules/.vite/deps/chunk-KVMAXHTM.js?v=c435cca1:7083:11)
[  486839ms] ReferenceError: setEditingId is not defined
    at http://localhost:5176/src/components/FreestyleBoard.jsx?t=1789621026170:637:5
    at http://localhost:5176/src/components/FreestyleBoard.jsx?t=1789621026170:847:9
    at HTMLUnknownElement.callCallback2 (http://localhost:5176/node_modules/.vite/deps/chunk-KVMAXHTM.js?v=c435cca1:3680:22)
    at Object.invokeGuardedCallbackDev (http://localhost:5176/node_modules/.vite/deps/chunk-KVMAXHTM.js?v=c435cca1:3705:24)
    at invokeGuardedCallback (http://localhost:5176/node_modules/.vite/deps/chunk-KVMAXHTM.js?v=c435cca1:3739:39)
    at invokeGuardedCallbackAndCatchFirstError (http://localhost:5176/node_modules/.vite/deps/chunk-KVMAXHTM.js?v=c435cca1:3742:33)
    at executeDispatch (http://localhost:5176/node_modules/.vite/deps/chunk-KVMAXHTM.js?v=c435cca1:7046:11)
    at processDispatchQueueItemsInOrder (http://localhost:5176/node_modules/.vite/deps/chunk-KVMAXHTM.js?v=c435cca1:7066:15)
    at processDispatchQueue (http://localhost:5176/node_modules/.vite/deps/chunk-KVMAXHTM.js?v=c435cca1:7075:13)
    at dispatchEventsForPlugins (http://localhost:5176/node_modules/.vite/deps/chunk-KVMAXHTM.js?v=c435cca1:7083:11)
[  486845ms] ReferenceError: setEditingId is not defined
    at http://localhost:5176/src/components/FreestyleBoard.jsx?t=1789621026170:637:5
    at http://localhost:5176/src/components/FreestyleBoard.jsx?t=1789621026170:847:9
    at HTMLUnknownElement.callCallback2 (http://localhost:5176/node_modules/.vite/deps/chunk-KVMAXHTM.js?v=c435cca1:3680:22)
    at Object.invokeGuardedCallbackDev (http://localhost:5176/node_modules/.vite/deps/chunk-KVMAXHTM.js?v=c435cca1:3705:24)
    at invokeGuardedCallback (http://localhost:5176/node_modules/.vite/deps/chunk-KVMAXHTM.js?v=c435cca1:3739:39)
    at invokeGuardedCallbackAndCatchFirstError (http://localhost:5176/node_modules/.vite/deps/chunk-KVMAXHTM.js?v=c435cca1:3742:33)
    at executeDispatch (http://localhost:5176/node_modules/.vite/deps/chunk-KVMAXHTM.js?v=c435cca1:7046:11)
    at processDispatchQueueItemsInOrder (http://localhost:5176/node_modules/.vite/deps/chunk-KVMAXHTM.js?v=c435cca1:7066:15)
    at processDispatchQueue (http://localhost:5176/node_modules/.vite/deps/chunk-KVMAXHTM.js?v=c435cca1:7075:13)
    at dispatchEventsForPlugins (http://localhost:5176/node_modules/.vite/deps/chunk-KVMAXHTM.js?v=c435cca1:7083:11)
[  486847ms] ReferenceError: setEditingId is not defined
    at http://localhost:5176/src/components/FreestyleBoard.jsx?t=1789621026170:637:5
    at http://localhost:5176/src/components/FreestyleBoard.jsx?t=1789621026170:847:9
    at HTMLUnknownElement.callCallback2 (http://localhost:5176/node_modules/.vite/deps/chunk-KVMAXHTM.js?v=c435cca1:3680:22)
    at Object.invokeGuardedCallbackDev (http://localhost:5176/node_modules/.vite/deps/chunk-KVMAXHTM.js?v=c435cca1:3705:24)
    at invokeGuardedCallback (http://localhost:5176/node_modules/.vite/deps/chunk-KVMAXHTM.js?v=c435cca1:3739:39)
    at invokeGuardedCallbackAndCatchFirstError (http://localhost:5176/node_modules/.vite/deps/chunk-KVMAXHTM.js?v=c435cca1:3742:33)
    at executeDispatch (http://localhost:5176/node_modules/.vite/deps/chunk-KVMAXHTM.js?v=c435cca1:7046:11)
    at processDispatchQueueItemsInOrder (http://localhost:5176/node_modules/.vite/deps/chunk-KVMAXHTM.js?v=c435cca1:7066:15)
    at processDispatchQueue (http://localhost:5176/node_modules/.vite/deps/chunk-KVMAXHTM.js?v=c435cca1:7075:13)
    at dispatchEventsForPlugins (http://localhost:5176/node_modules/.vite/deps/chunk-KVMAXHTM.js?v=c435cca1:7083:11)
[  486851ms] ReferenceError: setEditingId is not defined
    at http://localhost:5176/src/components/FreestyleBoard.jsx?t=1789621026170:637:5
    at http://localhost:5176/src/components/FreestyleBoard.jsx?t=1789621026170:847:9
    at HTMLUnknownElement.callCallback2 (http://localhost:5176/node_modules/.vite/deps/chunk-KVMAXHTM.js?v=c435cca1:3680:22)
    at Object.invokeGuardedCallbackDev (http://localhost:5176/node_modules/.vite/deps/chunk-KVMAXHTM.js?v=c435cca1:3705:24)
    at invokeGuardedCallback (http://localhost:5176/node_modules/.vite/deps/chunk-KVMAXHTM.js?v=c435cca1:3739:39)
    at invokeGuardedCallbackAndCatchFirstError (http://localhost:5176/node_modules/.vite/deps/chunk-KVMAXHTM.js?v=c435cca1:3742:33)
    at executeDispatch (http://localhost:5176/node_modules/.vite/deps/chunk-KVMAXHTM.js?v=c435cca1:7046:11)
    at processDispatchQueueItemsInOrder (http://localhost:5176/node_modules/.vite/deps/chunk-KVMAXHTM.js?v=c435cca1:7066:15)
    at processDispatchQueue (http://localhost:5176/node_modules/.vite/deps/chunk-KVMAXHTM.js?v=c435cca1:7075:13)
    at dispatchEventsForPlugins (http://localhost:5176/node_modules/.vite/deps/chunk-KVMAXHTM.js?v=c435cca1:7083:11)
[  486855ms] ReferenceError: setEditingId is not defined
    at http://localhost:5176/src/components/FreestyleBoard.jsx?t=1789621026170:637:5
    at http://localhost:5176/src/components/FreestyleBoard.jsx?t=1789621026170:847:9
    at HTMLUnknownElement.callCallback2 (http://localhost:5176/node_modules/.vite/deps/chunk-KVMAXHTM.js?v=c435cca1:3680:22)
    at Object.invokeGuardedCallbackDev (http://localhost:5176/node_modules/.vite/deps/chunk-KVMAXHTM.js?v=c435cca1:3705:24)
    at invokeGuardedCallback (http://localhost:5176/node_modules/.vite/deps/chunk-KVMAXHTM.js?v=c435cca1:3739:39)
    at invokeGuardedCallbackAndCatchFirstError (http://localhost:5176/node_modules/.vite/deps/chunk-KVMAXHTM.js?v=c435cca1:3742:33)
    at executeDispatch (http://localhost:5176/node_modules/.vite/deps/chunk-KVMAXHTM.js?v=c435cca1:7046:11)
    at processDispatchQueueItemsInOrder (http://localhost:5176/node_modules/.vite/deps/chunk-KVMAXHTM.js?v=c435cca1:7066:15)
    at processDispatchQueue (http://localhost:5176/node_modules/.vite/deps/chunk-KVMAXHTM.js?v=c435cca1:7075:13)
    at dispatchEventsForPlugins (http://localhost:5176/node_modules/.vite/deps/chunk-KVMAXHTM.js?v=c435cca1:7083:11)
[  486862ms] ReferenceError: setEditingId is not defined
    at http://localhost:5176/src/components/FreestyleBoard.jsx?t=1789621026170:637:5
    at http://localhost:5176/src/components/FreestyleBoard.jsx?t=1789621026170:847:9
    at HTMLUnknownElement.callCallback2 (http://localhost:5176/node_modules/.vite/deps/chunk-KVMAXHTM.js?v=c435cca1:3680:22)
    at Object.invokeGuardedCallbackDev (http://localhost:5176/node_modules/.vite/deps/chunk-KVMAXHTM.js?v=c435cca1:3705:24)
    at invokeGuardedCallback (http://localhost:5176/node_modules/.vite/deps/chunk-KVMAXHTM.js?v=c435cca1:3739:39)
    at invokeGuardedCallbackAndCatchFirstError (http://localhost:5176/node_modules/.vite/deps/chunk-KVMAXHTM.js?v=c435cca1:3742:33)
    at executeDispatch (http://localhost:5176/node_modules/.vite/deps/chunk-KVMAXHTM.js?v=c435cca1:7046:11)
    at processDispatchQueueItemsInOrder (http://localhost:5176/node_modules/.vite/deps/chunk-KVMAXHTM.js?v=c435cca1:7066:15)
    at processDispatchQueue (http://localhost:5176/node_modules/.vite/deps/chunk-KVMAXHTM.js?v=c435cca1:7075:13)
    at dispatchEventsForPlugins (http://localhost:5176/node_modules/.vite/deps/chunk-KVMAXHTM.js?v=c435cca1:7083:11)
[  486864ms] ReferenceError: setEditingId is not defined
    at http://localhost:5176/src/components/FreestyleBoard.jsx?t=1789621026170:637:5
    at http://localhost:5176/src/components/FreestyleBoard.jsx?t=1789621026170:847:9
    at HTMLUnknownElement.callCallback2 (http://localhost:5176/node_modules/.vite/deps/chunk-KVMAXHTM.js?v=c435cca1:3680:22)
    at Object.invokeGuardedCallbackDev (http://localhost:5176/node_modules/.vite/deps/chunk-KVMAXHTM.js?v=c435cca1:3705:24)
    at invokeGuardedCallback (http://localhost:5176/node_modules/.vite/deps/chunk-KVMAXHTM.js?v=c435cca1:3739:39)
    at invokeGuardedCallbackAndCatchFirstError (http://localhost:5176/node_modules/.vite/deps/chunk-KVMAXHTM.js?v=c435cca1:3742:33)
    at executeDispatch (http://localhost:5176/node_modules/.vite/deps/chunk-KVMAXHTM.js?v=c435cca1:7046:11)
    at processDispatchQueueItemsInOrder (http://localhost:5176/node_modules/.vite/deps/chunk-KVMAXHTM.js?v=c435cca1:7066:15)
    at processDispatchQueue (http://localhost:5176/node_modules/.vite/deps/chunk-KVMAXHTM.js?v=c435cca1:7075:13)
    at dispatchEventsForPlugins (http://localhost:5176/node_modules/.vite/deps/chunk-KVMAXHTM.js?v=c435cca1:7083:11)
[  486871ms] ReferenceError: setEditingId is not defined
    at http://localhost:5176/src/components/FreestyleBoard.jsx?t=1789621026170:637:5
    at http://localhost:5176/src/components/FreestyleBoard.jsx?t=1789621026170:847:9
    at HTMLUnknownElement.callCallback2 (http://localhost:5176/node_modules/.vite/deps/chunk-KVMAXHTM.js?v=c435cca1:3680:22)
    at Object.invokeGuardedCallbackDev (http://localhost:5176/node_modules/.vite/deps/chunk-KVMAXHTM.js?v=c435cca1:3705:24)
    at invokeGuardedCallback (http://localhost:5176/node_modules/.vite/deps/chunk-KVMAXHTM.js?v=c435cca1:3739:39)
    at invokeGuardedCallbackAndCatchFirstError (http://localhost:5176/node_modules/.vite/deps/chunk-KVMAXHTM.js?v=c435cca1:3742:33)
    at executeDispatch (http://localhost:5176/node_modules/.vite/deps/chunk-KVMAXHTM.js?v=c435cca1:7046:11)
    at processDispatchQueueItemsInOrder (http://localhost:5176/node_modules/.vite/deps/chunk-KVMAXHTM.js?v=c435cca1:7066:15)
    at processDispatchQueue (http://localhost:5176/node_modules/.vite/deps/chunk-KVMAXHTM.js?v=c435cca1:7075:13)
    at dispatchEventsForPlugins (http://localhost:5176/node_modules/.vite/deps/chunk-KVMAXHTM.js?v=c435cca1:7083:11)
[  486871ms] ReferenceError: setEditingId is not defined
    at http://localhost:5176/src/components/FreestyleBoard.jsx?t=1789621026170:637:5
    at http://localhost:5176/src/components/FreestyleBoard.jsx?t=1789621026170:847:9
    at HTMLUnknownElement.callCallback2 (http://localhost:5176/node_modules/.vite/deps/chunk-KVMAXHTM.js?v=c435cca1:3680:22)
    at Object.invokeGuardedCallbackDev (http://localhost:5176/node_modules/.vite/deps/chunk-KVMAXHTM.js?v=c435cca1:3705:24)
    at invokeGuardedCallback (http://localhost:5176/node_modules/.vite/deps/chunk-KVMAXHTM.js?v=c435cca1:3739:39)
    at invokeGuardedCallbackAndCatchFirstError (http://localhost:5176/node_modules/.vite/deps/chunk-KVMAXHTM.js?v=c435cca1:3742:33)
    at executeDispatch (http://localhost:5176/node_modules/.vite/deps/chunk-KVMAXHTM.js?v=c435cca1:7046:11)
    at processDispatchQueueItemsInOrder (http://localhost:5176/node_modules/.vite/deps/chunk-KVMAXHTM.js?v=c435cca1:7066:15)
    at processDispatchQueue (http://localhost:5176/node_modules/.vite/deps/chunk-KVMAXHTM.js?v=c435cca1:7075:13)
    at dispatchEventsForPlugins (http://localhost:5176/node_modules/.vite/deps/chunk-KVMAXHTM.js?v=c435cca1:7083:11)
[  486880ms] ReferenceError: setEditingId is not defined
    at http://localhost:5176/src/components/FreestyleBoard.jsx?t=1789621026170:637:5
    at http://localhost:5176/src/components/FreestyleBoard.jsx?t=1789621026170:847:9
    at HTMLUnknownElement.callCallback2 (http://localhost:5176/node_modules/.vite/deps/chunk-KVMAXHTM.js?v=c435cca1:3680:22)
    at Object.invokeGuardedCallbackDev (http://localhost:5176/node_modules/.vite/deps/chunk-KVMAXHTM.js?v=c435cca1:3705:24)
    at invokeGuardedCallback (http://localhost:5176/node_modules/.vite/deps/chunk-KVMAXHTM.js?v=c435cca1:3739:39)
    at invokeGuardedCallbackAndCatchFirstError (http://localhost:5176/node_modules/.vite/deps/chunk-KVMAXHTM.js?v=c435cca1:3742:33)
    at executeDispatch (http://localhost:5176/node_modules/.vite/deps/chunk-KVMAXHTM.js?v=c435cca1:7046:11)
    at processDispatchQueueItemsInOrder (http://localhost:5176/node_modules/.vite/deps/chunk-KVMAXHTM.js?v=c435cca1:7066:15)
    at processDispatchQueue (http://localhost:5176/node_modules/.vite/deps/chunk-KVMAXHTM.js?v=c435cca1:7075:13)
    at dispatchEventsForPlugins (http://localhost:5176/node_modules/.vite/deps/chunk-KVMAXHTM.js?v=c435cca1:7083:11)
[  486880ms] ReferenceError: setEditingId is not defined
    at http://localhost:5176/src/components/FreestyleBoard.jsx?t=1789621026170:637:5
    at http://localhost:5176/src/components/FreestyleBoard.jsx?t=1789621026170:847:9
    at HTMLUnknownElement.callCallback2 (http://localhost:5176/node_modules/.vite/deps/chunk-KVMAXHTM.js?v=c435cca1:3680:22)
    at Object.invokeGuardedCallbackDev (http://localhost:5176/node_modules/.vite/deps/chunk-KVMAXHTM.js?v=c435cca1:3705:24)
    at invokeGuardedCallback (http://localhost:5176/node_modules/.vite/deps/chunk-KVMAXHTM.js?v=c435cca1:3739:39)
    at invokeGuardedCallbackAndCatchFirstError (http://localhost:5176/node_modules/.vite/deps/chunk-KVMAXHTM.js?v=c435cca1:3742:33)
    at executeDispatch (http://localhost:5176/node_modules/.vite/deps/chunk-KVMAXHTM.js?v=c435cca1:7046:11)
    at processDispatchQueueItemsInOrder (http://localhost:5176/node_modules/.vite/deps/chunk-KVMAXHTM.js?v=c435cca1:7066:15)
    at processDispatchQueue (http://localhost:5176/node_modules/.vite/deps/chunk-KVMAXHTM.js?v=c435cca1:7075:13)
    at dispatchEventsForPlugins (http://localhost:5176/node_modules/.vite/deps/chunk-KVMAXHTM.js?v=c435cca1:7083:11)
[  486886ms] ReferenceError: setEditingId is not defined
    at http://localhost:5176/src/components/FreestyleBoard.jsx?t=1789621026170:637:5
    at http://localhost:5176/src/components/FreestyleBoard.jsx?t=1789621026170:847:9
    at HTMLUnknownElement.callCallback2 (http://localhost:5176/node_modules/.vite/deps/chunk-KVMAXHTM.js?v=c435cca1:3680:22)
    at Object.invokeGuardedCallbackDev (http://localhost:5176/node_modules/.vite/deps/chunk-KVMAXHTM.js?v=c435cca1:3705:24)
    at invokeGuardedCallback (http://localhost:5176/node_modules/.vite/deps/chunk-KVMAXHTM.js?v=c435cca1:3739:39)
    at invokeGuardedCallbackAndCatchFirstError (http://localhost:5176/node_modules/.vite/deps/chunk-KVMAXHTM.js?v=c435cca1:3742:33)
    at executeDispatch (http://localhost:5176/node_modules/.vite/deps/chunk-KVMAXHTM.js?v=c435cca1:7046:11)
    at processDispatchQueueItemsInOrder (http://localhost:5176/node_modules/.vite/deps/chunk-KVMAXHTM.js?v=c435cca1:7066:15)
    at processDispatchQueue (http://localhost:5176/node_modules/.vite/deps/chunk-KVMAXHTM.js?v=c435cca1:7075:13)
    at dispatchEventsForPlugins (http://localhost:5176/node_modules/.vite/deps/chunk-KVMAXHTM.js?v=c435cca1:7083:11)
[  486886ms] ReferenceError: setEditingId is not defined
    at http://localhost:5176/src/components/FreestyleBoard.jsx?t=1789621026170:637:5
    at http://localhost:5176/src/components/FreestyleBoard.jsx?t=1789621026170:847:9
    at HTMLUnknownElement.callCallback2 (http://localhost:5176/node_modules/.vite/deps/chunk-KVMAXHTM.js?v=c435cca1:3680:22)
    at Object.invokeGuardedCallbackDev (http://localhost:5176/node_modules/.vite/deps/chunk-KVMAXHTM.js?v=c435cca1:3705:24)
    at invokeGuardedCallback (http://localhost:5176/node_modules/.vite/deps/chunk-KVMAXHTM.js?v=c435cca1:3739:39)
    at invokeGuardedCallbackAndCatchFirstError (http://localhost:5176/node_modules/.vite/deps/chunk-KVMAXHTM.js?v=c435cca1:3742:33)
    at executeDispatch (http://localhost:5176/node_modules/.vite/deps/chunk-KVMAXHTM.js?v=c435cca1:7046:11)
    at processDispatchQueueItemsInOrder (http://localhost:5176/node_modules/.vite/deps/chunk-KVMAXHTM.js?v=c435cca1:7066:15)
    at processDispatchQueue (http://localhost:5176/node_modules/.vite/deps/chunk-KVMAXHTM.js?v=c435cca1:7075:13)
    at dispatchEventsForPlugins (http://localhost:5176/node_modules/.vite/deps/chunk-KVMAXHTM.js?v=c435cca1:7083:11)
[  486897ms] ReferenceError: setEditingId is not defined
    at http://localhost:5176/src/components/FreestyleBoard.jsx?t=1789621026170:637:5
    at http://localhost:5176/src/components/FreestyleBoard.jsx?t=1789621026170:847:9
    at HTMLUnknownElement.callCallback2 (http://localhost:5176/node_modules/.vite/deps/chunk-KVMAXHTM.js?v=c435cca1:3680:22)
    at Object.invokeGuardedCallbackDev (http://localhost:5176/node_modules/.vite/deps/chunk-KVMAXHTM.js?v=c435cca1:3705:24)
    at invokeGuardedCallback (http://localhost:5176/node_modules/.vite/deps/chunk-KVMAXHTM.js?v=c435cca1:3739:39)
    at invokeGuardedCallbackAndCatchFirstError (http://localhost:5176/node_modules/.vite/deps/chunk-KVMAXHTM.js?v=c435cca1:3742:33)
    at executeDispatch (http://localhost:5176/node_modules/.vite/deps/chunk-KVMAXHTM.js?v=c435cca1:7046:11)
    at processDispatchQueueItemsInOrder (http://localhost:5176/node_modules/.vite/deps/chunk-KVMAXHTM.js?v=c435cca1:7066:15)
    at processDispatchQueue (http://localhost:5176/node_modules/.vite/deps/chunk-KVMAXHTM.js?v=c435cca1:7075:13)
    at dispatchEventsForPlugins (http://localhost:5176/node_modules/.vite/deps/chunk-KVMAXHTM.js?v=c435cca1:7083:11)
[  486898ms] ReferenceError: setEditingId is not defined
    at http://localhost:5176/src/components/FreestyleBoard.jsx?t=1789621026170:637:5
    at http://localhost:5176/src/components/FreestyleBoard.jsx?t=1789621026170:847:9
    at HTMLUnknownElement.callCallback2 (http://localhost:5176/node_modules/.vite/deps/chunk-KVMAXHTM.js?v=c435cca1:3680:22)
    at Object.invokeGuardedCallbackDev (http://localhost:5176/node_modules/.vite/deps/chunk-KVMAXHTM.js?v=c435cca1:3705:24)
    at invokeGuardedCallback (http://localhost:5176/node_modules/.vite/deps/chunk-KVMAXHTM.js?v=c435cca1:3739:39)
    at invokeGuardedCallbackAndCatchFirstError (http://localhost:5176/node_modules/.vite/deps/chunk-KVMAXHTM.js?v=c435cca1:3742:33)
    at executeDispatch (http://localhost:5176/node_modules/.vite/deps/chunk-KVMAXHTM.js?v=c435cca1:7046:11)
    at processDispatchQueueItemsInOrder (http://localhost:5176/node_modules/.vite/deps/chunk-KVMAXHTM.js?v=c435cca1:7066:15)
    at processDispatchQueue (http://localhost:5176/node_modules/.vite/deps/chunk-KVMAXHTM.js?v=c435cca1:7075:13)
    at dispatchEventsForPlugins (http://localhost:5176/node_modules/.vite/deps/chunk-KVMAXHTM.js?v=c435cca1:7083:11)
[  488142ms] ReferenceError: setEditingId is not defined
    at http://localhost:5176/src/components/FreestyleBoard.jsx?t=1789621026170:637:5
    at http://localhost:5176/src/components/FreestyleBoard.jsx?t=1789621026170:847:9
    at HTMLUnknownElement.callCallback2 (http://localhost:5176/node_modules/.vite/deps/chunk-KVMAXHTM.js?v=c435cca1:3680:22)
    at Object.invokeGuardedCallbackDev (http://localhost:5176/node_modules/.vite/deps/chunk-KVMAXHTM.js?v=c435cca1:3705:24)
    at invokeGuardedCallback (http://localhost:5176/node_modules/.vite/deps/chunk-KVMAXHTM.js?v=c435cca1:3739:39)
    at invokeGuardedCallbackAndCatchFirstError (http://localhost:5176/node_modules/.vite/deps/chunk-KVMAXHTM.js?v=c435cca1:3742:33)
    at executeDispatch (http://localhost:5176/node_modules/.vite/deps/chunk-KVMAXHTM.js?v=c435cca1:7046:11)
    at processDispatchQueueItemsInOrder (http://localhost:5176/node_modules/.vite/deps/chunk-KVMAXHTM.js?v=c435cca1:7066:15)
    at processDispatchQueue (http://localhost:5176/node_modules/.vite/deps/chunk-KVMAXHTM.js?v=c435cca1:7075:13)
    at dispatchEventsForPlugins (http://localhost:5176/node_modules/.vite/deps/chunk-KVMAXHTM.js?v=c435cca1:7083:11)
[  488145ms] ReferenceError: setEditingId is not defined
    at http://localhost:5176/src/components/FreestyleBoard.jsx?t=1789621026170:637:5
    at http://localhost:5176/src/components/FreestyleBoard.jsx?t=1789621026170:847:9
    at HTMLUnknownElement.callCallback2 (http://localhost:5176/node_modules/.vite/deps/chunk-KVMAXHTM.js?v=c435cca1:3680:22)
    at Object.invokeGuardedCallbackDev (http://localhost:5176/node_modules/.vite/deps/chunk-KVMAXHTM.js?v=c435cca1:3705:24)
    at invokeGuardedCallback (http://localhost:5176/node_modules/.vite/deps/chunk-KVMAXHTM.js?v=c435cca1:3739:39)
    at invokeGuardedCallbackAndCatchFirstError (http://localhost:5176/node_modules/.vite/deps/chunk-KVMAXHTM.js?v=c435cca1:3742:33)
    at executeDispatch (http://localhost:5176/node_modules/.vite/deps/chunk-KVMAXHTM.js?v=c435cca1:7046:11)
    at processDispatchQueueItemsInOrder (http://localhost:5176/node_modules/.vite/deps/chunk-KVMAXHTM.js?v=c435cca1:7066:15)
    at processDispatchQueue (http://localhost:5176/node_modules/.vite/deps/chunk-KVMAXHTM.js?v=c435cca1:7075:13)
    at dispatchEventsForPlugins (http://localhost:5176/node_modules/.vite/deps/chunk-KVMAXHTM.js?v=c435cca1:7083:11)
[  488150ms] ReferenceError: setEditingId is not defined
    at http://localhost:5176/src/components/FreestyleBoard.jsx?t=1789621026170:637:5
    at http://localhost:5176/src/components/FreestyleBoard.jsx?t=1789621026170:847:9
    at HTMLUnknownElement.callCallback2 (http://localhost:5176/node_modules/.vite/deps/chunk-KVMAXHTM.js?v=c435cca1:3680:22)
    at Object.invokeGuardedCallbackDev (http://localhost:5176/node_modules/.vite/deps/chunk-KVMAXHTM.js?v=c435cca1:3705:24)
    at invokeGuardedCallback (http://localhost:5176/node_modules/.vite/deps/chunk-KVMAXHTM.js?v=c435cca1:3739:39)
    at invokeGuardedCallbackAndCatchFirstError (http://localhost:5176/node_modules/.vite/deps/chunk-KVMAXHTM.js?v=c435cca1:3742:33)
    at executeDispatch (http://localhost:5176/node_modules/.vite/deps/chunk-KVMAXHTM.js?v=c435cca1:7046:11)
    at processDispatchQueueItemsInOrder (http://localhost:5176/node_modules/.vite/deps/chunk-KVMAXHTM.js?v=c435cca1:7066:15)
    at processDispatchQueue (http://localhost:5176/node_modules/.vite/deps/chunk-KVMAXHTM.js?v=c435cca1:7075:13)
    at dispatchEventsForPlugins (http://localhost:5176/node_modules/.vite/deps/chunk-KVMAXHTM.js?v=c435cca1:7083:11)
[  488150ms] ReferenceError: setEditingId is not defined
    at http://localhost:5176/src/components/FreestyleBoard.jsx?t=1789621026170:637:5
    at http://localhost:5176/src/components/FreestyleBoard.jsx?t=1789621026170:847:9
    at HTMLUnknownElement.callCallback2 (http://localhost:5176/node_modules/.vite/deps/chunk-KVMAXHTM.js?v=c435cca1:3680:22)
    at Object.invokeGuardedCallbackDev (http://localhost:5176/node_modules/.vite/deps/chunk-KVMAXHTM.js?v=c435cca1:3705:24)
    at invokeGuardedCallback (http://localhost:5176/node_modules/.vite/deps/chunk-KVMAXHTM.js?v=c435cca1:3739:39)
    at invokeGuardedCallbackAndCatchFirstError (http://localhost:5176/node_modules/.vite/deps/chunk-KVMAXHTM.js?v=c435cca1:3742:33)
    at executeDispatch (http://localhost:5176/node_modules/.vite/deps/chunk-KVMAXHTM.js?v=c435cca1:7046:11)
    at processDispatchQueueItemsInOrder (http://localhost:5176/node_modules/.vite/deps/chunk-KVMAXHTM.js?v=c435cca1:7066:15)
    at processDispatchQueue (http://localhost:5176/node_modules/.vite/deps/chunk-KVMAXHTM.js?v=c435cca1:7075:13)
    at dispatchEventsForPlugins (http://localhost:5176/node_modules/.vite/deps/chunk-KVMAXHTM.js?v=c435cca1:7083:11)
[  488165ms] ReferenceError: setEditingId is not defined
    at http://localhost:5176/src/components/FreestyleBoard.jsx?t=1789621026170:637:5
    at http://localhost:5176/src/components/FreestyleBoard.jsx?t=1789621026170:847:9
    at HTMLUnknownElement.callCallback2 (http://localhost:5176/node_modules/.vite/deps/chunk-KVMAXHTM.js?v=c435cca1:3680:22)
    at Object.invokeGuardedCallbackDev (http://localhost:5176/node_modules/.vite/deps/chunk-KVMAXHTM.js?v=c435cca1:3705:24)
    at invokeGuardedCallback (http://localhost:5176/node_modules/.vite/deps/chunk-KVMAXHTM.js?v=c435cca1:3739:39)
    at invokeGuardedCallbackAndCatchFirstError (http://localhost:5176/node_modules/.vite/deps/chunk-KVMAXHTM.js?v=c435cca1:3742:33)
    at executeDispatch (http://localhost:5176/node_modules/.vite/deps/chunk-KVMAXHTM.js?v=c435cca1:7046:11)
    at processDispatchQueueItemsInOrder (http://localhost:5176/node_modules/.vite/deps/chunk-KVMAXHTM.js?v=c435cca1:7066:15)
    at processDispatchQueue (http://localhost:5176/node_modules/.vite/deps/chunk-KVMAXHTM.js?v=c435cca1:7075:13)
    at dispatchEventsForPlugins (http://localhost:5176/node_modules/.vite/deps/chunk-KVMAXHTM.js?v=c435cca1:7083:11)
[  488166ms] ReferenceError: setEditingId is not defined
    at http://localhost:5176/src/components/FreestyleBoard.jsx?t=1789621026170:637:5
    at http://localhost:5176/src/components/FreestyleBoard.jsx?t=1789621026170:847:9
    at HTMLUnknownElement.callCallback2 (http://localhost:5176/node_modules/.vite/deps/chunk-KVMAXHTM.js?v=c435cca1:3680:22)
    at Object.invokeGuardedCallbackDev (http://localhost:5176/node_modules/.vite/deps/chunk-KVMAXHTM.js?v=c435cca1:3705:24)
    at invokeGuardedCallback (http://localhost:5176/node_modules/.vite/deps/chunk-KVMAXHTM.js?v=c435cca1:3739:39)
    at invokeGuardedCallbackAndCatchFirstError (http://localhost:5176/node_modules/.vite/deps/chunk-KVMAXHTM.js?v=c435cca1:3742:33)
    at executeDispatch (http://localhost:5176/node_modules/.vite/deps/chunk-KVMAXHTM.js?v=c435cca1:7046:11)
    at processDispatchQueueItemsInOrder (http://localhost:5176/node_modules/.vite/deps/chunk-KVMAXHTM.js?v=c435cca1:7066:15)
    at processDispatchQueue (http://localhost:5176/node_modules/.vite/deps/chunk-KVMAXHTM.js?v=c435cca1:7075:13)
    at dispatchEventsForPlugins (http://localhost:5176/node_modules/.vite/deps/chunk-KVMAXHTM.js?v=c435cca1:7083:11)
[  488177ms] ReferenceError: setEditingId is not defined
    at http://localhost:5176/src/components/FreestyleBoard.jsx?t=1789621026170:637:5
    at http://localhost:5176/src/components/FreestyleBoard.jsx?t=1789621026170:847:9
    at HTMLUnknownElement.callCallback2 (http://localhost:5176/node_modules/.vite/deps/chunk-KVMAXHTM.js?v=c435cca1:3680:22)
    at Object.invokeGuardedCallbackDev (http://localhost:5176/node_modules/.vite/deps/chunk-KVMAXHTM.js?v=c435cca1:3705:24)
    at invokeGuardedCallback (http://localhost:5176/node_modules/.vite/deps/chunk-KVMAXHTM.js?v=c435cca1:3739:39)
    at invokeGuardedCallbackAndCatchFirstError (http://localhost:5176/node_modules/.vite/deps/chunk-KVMAXHTM.js?v=c435cca1:3742:33)
    at executeDispatch (http://localhost:5176/node_modules/.vite/deps/chunk-KVMAXHTM.js?v=c435cca1:7046:11)
    at processDispatchQueueItemsInOrder (http://localhost:5176/node_modules/.vite/deps/chunk-KVMAXHTM.js?v=c435cca1:7066:15)
    at processDispatchQueue (http://localhost:5176/node_modules/.vite/deps/chunk-KVMAXHTM.js?v=c435cca1:7075:13)
    at dispatchEventsForPlugins (http://localhost:5176/node_modules/.vite/deps/chunk-KVMAXHTM.js?v=c435cca1:7083:11)
[  488177ms] ReferenceError: setEditingId is not defined
    at http://localhost:5176/src/components/FreestyleBoard.jsx?t=1789621026170:637:5
    at http://localhost:5176/src/components/FreestyleBoard.jsx?t=1789621026170:847:9
    at HTMLUnknownElement.callCallback2 (http://localhost:5176/node_modules/.vite/deps/chunk-KVMAXHTM.js?v=c435cca1:3680:22)
    at Object.invokeGuardedCallbackDev (http://localhost:5176/node_modules/.vite/deps/chunk-KVMAXHTM.js?v=c435cca1:3705:24)
    at invokeGuardedCallback (http://localhost:5176/node_modules/.vite/deps/chunk-KVMAXHTM.js?v=c435cca1:3739:39)
    at invokeGuardedCallbackAndCatchFirstError (http://localhost:5176/node_modules/.vite/deps/chunk-KVMAXHTM.js?v=c435cca1:3742:33)
    at executeDispatch (http://localhost:5176/node_modules/.vite/deps/chunk-KVMAXHTM.js?v=c435cca1:7046:11)
    at processDispatchQueueItemsInOrder (http://localhost:5176/node_modules/.vite/deps/chunk-KVMAXHTM.js?v=c435cca1:7066:15)
    at processDispatchQueue (http://localhost:5176/node_modules/.vite/deps/chunk-KVMAXHTM.js?v=c435cca1:7075:13)
    at dispatchEventsForPlugins (http://localhost:5176/node_modules/.vite/deps/chunk-KVMAXHTM.js?v=c435cca1:7083:11)
[  488179ms] ReferenceError: setEditingId is not defined
    at http://localhost:5176/src/components/FreestyleBoard.jsx?t=1789621026170:637:5
    at http://localhost:5176/src/components/FreestyleBoard.jsx?t=1789621026170:847:9
    at HTMLUnknownElement.callCallback2 (http://localhost:5176/node_modules/.vite/deps/chunk-KVMAXHTM.js?v=c435cca1:3680:22)
    at Object.invokeGuardedCallbackDev (http://localhost:5176/node_modules/.vite/deps/chunk-KVMAXHTM.js?v=c435cca1:3705:24)
    at invokeGuardedCallback (http://localhost:5176/node_modules/.vite/deps/chunk-KVMAXHTM.js?v=c435cca1:3739:39)
    at invokeGuardedCallbackAndCatchFirstError (http://localhost:5176/node_modules/.vite/deps/chunk-KVMAXHTM.js?v=c435cca1:3742:33)
    at executeDispatch (http://localhost:5176/node_modules/.vite/deps/chunk-KVMAXHTM.js?v=c435cca1:7046:11)
    at processDispatchQueueItemsInOrder (http://localhost:5176/node_modules/.vite/deps/chunk-KVMAXHTM.js?v=c435cca1:7066:15)
    at processDispatchQueue (http://localhost:5176/node_modules/.vite/deps/chunk-KVMAXHTM.js?v=c435cca1:7075:13)
    at dispatchEventsForPlugins (http://localhost:5176/node_modules/.vite/deps/chunk-KVMAXHTM.js?v=c435cca1:7083:11)
[  488179ms] ReferenceError: setEditingId is not defined
    at http://localhost:5176/src/components/FreestyleBoard.jsx?t=1789621026170:637:5
    at http://localhost:5176/src/components/FreestyleBoard.jsx?t=1789621026170:847:9
    at HTMLUnknownElement.callCallback2 (http://localhost:5176/node_modules/.vite/deps/chunk-KVMAXHTM.js?v=c435cca1:3680:22)
    at Object.invokeGuardedCallbackDev (http://localhost:5176/node_modules/.vite/deps/chunk-KVMAXHTM.js?v=c435cca1:3705:24)
    at invokeGuardedCallback (http://localhost:5176/node_modules/.vite/deps/chunk-KVMAXHTM.js?v=c435cca1:3739:39)
    at invokeGuardedCallbackAndCatchFirstError (http://localhost:5176/node_modules/.vite/deps/chunk-KVMAXHTM.js?v=c435cca1:3742:33)
    at executeDispatch (http://localhost:5176/node_modules/.vite/deps/chunk-KVMAXHTM.js?v=c435cca1:7046:11)
    at processDispatchQueueItemsInOrder (http://localhost:5176/node_modules/.vite/deps/chunk-KVMAXHTM.js?v=c435cca1:7066:15)
    at processDispatchQueue (http://localhost:5176/node_modules/.vite/deps/chunk-KVMAXHTM.js?v=c435cca1:7075:13)
    at dispatchEventsForPlugins (http://localhost:5176/node_modules/.vite/deps/chunk-KVMAXHTM.js?v=c435cca1:7083:11)
[  488189ms] ReferenceError: setEditingId is not defined
    at http://localhost:5176/src/components/FreestyleBoard.jsx?t=1789621026170:637:5
    at http://localhost:5176/src/components/FreestyleBoard.jsx?t=1789621026170:847:9
    at HTMLUnknownElement.callCallback2 (http://localhost:5176/node_modules/.vite/deps/chunk-KVMAXHTM.js?v=c435cca1:3680:22)
    at Object.invokeGuardedCallbackDev (http://localhost:5176/node_modules/.vite/deps/chunk-KVMAXHTM.js?v=c435cca1:3705:24)
    at invokeGuardedCallback (http://localhost:5176/node_modules/.vite/deps/chunk-KVMAXHTM.js?v=c435cca1:3739:39)
    at invokeGuardedCallbackAndCatchFirstError (http://localhost:5176/node_modules/.vite/deps/chunk-KVMAXHTM.js?v=c435cca1:3742:33)
    at executeDispatch (http://localhost:5176/node_modules/.vite/deps/chunk-KVMAXHTM.js?v=c435cca1:7046:11)
    at processDispatchQueueItemsInOrder (http://localhost:5176/node_modules/.vite/deps/chunk-KVMAXHTM.js?v=c435cca1:7066:15)
    at processDispatchQueue (http://localhost:5176/node_modules/.vite/deps/chunk-KVMAXHTM.js?v=c435cca1:7075:13)
    at dispatchEventsForPlugins (http://localhost:5176/node_modules/.vite/deps/chunk-KVMAXHTM.js?v=c435cca1:7083:11)
[  488189ms] ReferenceError: setEditingId is not defined
    at http://localhost:5176/src/components/FreestyleBoard.jsx?t=1789621026170:637:5
    at http://localhost:5176/src/components/FreestyleBoard.jsx?t=1789621026170:847:9
    at HTMLUnknownElement.callCallback2 (http://localhost:5176/node_modules/.vite/deps/chunk-KVMAXHTM.js?v=c435cca1:3680:22)
    at Object.invokeGuardedCallbackDev (http://localhost:5176/node_modules/.vite/deps/chunk-KVMAXHTM.js?v=c435cca1:3705:24)
    at invokeGuardedCallback (http://localhost:5176/node_modules/.vite/deps/chunk-KVMAXHTM.js?v=c435cca1:3739:39)
    at invokeGuardedCallbackAndCatchFirstError (http://localhost:5176/node_modules/.vite/deps/chunk-KVMAXHTM.js?v=c435cca1:3742:33)
    at executeDispatch (http://localhost:5176/node_modules/.vite/deps/chunk-KVMAXHTM.js?v=c435cca1:7046:11)
    at processDispatchQueueItemsInOrder (http://localhost:5176/node_modules/.vite/deps/chunk-KVMAXHTM.js?v=c435cca1:7066:15)
    at processDispatchQueue (http://localhost:5176/node_modules/.vite/deps/chunk-KVMAXHTM.js?v=c435cca1:7075:13)
    at dispatchEventsForPlugins (http://localhost:5176/node_modules/.vite/deps/chunk-KVMAXHTM.js?v=c435cca1:7083:11)
[  488194ms] ReferenceError: setEditingId is not defined
    at http://localhost:5176/src/components/FreestyleBoard.jsx?t=1789621026170:637:5
    at http://localhost:5176/src/components/FreestyleBoard.jsx?t=1789621026170:847:9
    at HTMLUnknownElement.callCallback2 (http://localhost:5176/node_modules/.vite/deps/chunk-KVMAXHTM.js?v=c435cca1:3680:22)
    at Object.invokeGuardedCallbackDev (http://localhost:5176/node_modules/.vite/deps/chunk-KVMAXHTM.js?v=c435cca1:3705:24)
    at invokeGuardedCallback (http://localhost:5176/node_modules/.vite/deps/chunk-KVMAXHTM.js?v=c435cca1:3739:39)
    at invokeGuardedCallbackAndCatchFirstError (http://localhost:5176/node_modules/.vite/deps/chunk-KVMAXHTM.js?v=c435cca1:3742:33)
    at executeDispatch (http://localhost:5176/node_modules/.vite/deps/chunk-KVMAXHTM.js?v=c435cca1:7046:11)
    at processDispatchQueueItemsInOrder (http://localhost:5176/node_modules/.vite/deps/chunk-KVMAXHTM.js?v=c435cca1:7066:15)
    at processDispatchQueue (http://localhost:5176/node_modules/.vite/deps/chunk-KVMAXHTM.js?v=c435cca1:7075:13)
    at dispatchEventsForPlugins (http://localhost:5176/node_modules/.vite/deps/chunk-KVMAXHTM.js?v=c435cca1:7083:11)
[  488200ms] ReferenceError: setEditingId is not defined
    at http://localhost:5176/src/components/FreestyleBoard.jsx?t=1789621026170:637:5
    at http://localhost:5176/src/components/FreestyleBoard.jsx?t=1789621026170:847:9
    at HTMLUnknownElement.callCallback2 (http://localhost:5176/node_modules/.vite/deps/chunk-KVMAXHTM.js?v=c435cca1:3680:22)
    at Object.invokeGuardedCallbackDev (http://localhost:5176/node_modules/.vite/deps/chunk-KVMAXHTM.js?v=c435cca1:3705:24)
    at invokeGuardedCallback (http://localhost:5176/node_modules/.vite/deps/chunk-KVMAXHTM.js?v=c435cca1:3739:39)
    at invokeGuardedCallbackAndCatchFirstError (http://localhost:5176/node_modules/.vite/deps/chunk-KVMAXHTM.js?v=c435cca1:3742:33)
    at executeDispatch (http://localhost:5176/node_modules/.vite/deps/chunk-KVMAXHTM.js?v=c435cca1:7046:11)
    at processDispatchQueueItemsInOrder (http://localhost:5176/node_modules/.vite/deps/chunk-KVMAXHTM.js?v=c435cca1:7066:15)
    at processDispatchQueue (http://localhost:5176/node_modules/.vite/deps/chunk-KVMAXHTM.js?v=c435cca1:7075:13)
    at dispatchEventsForPlugins (http://localhost:5176/node_modules/.vite/deps/chunk-KVMAXHTM.js?v=c435cca1:7083:11)
[  488207ms] ReferenceError: setEditingId is not defined
    at http://localhost:5176/src/components/FreestyleBoard.jsx?t=1789621026170:637:5
    at http://localhost:5176/src/components/FreestyleBoard.jsx?t=1789621026170:847:9
    at HTMLUnknownElement.callCallback2 (http://localhost:5176/node_modules/.vite/deps/chunk-KVMAXHTM.js?v=c435cca1:3680:22)
    at Object.invokeGuardedCallbackDev (http://localhost:5176/node_modules/.vite/deps/chunk-KVMAXHTM.js?v=c435cca1:3705:24)
    at invokeGuardedCallback (http://localhost:5176/node_modules/.vite/deps/chunk-KVMAXHTM.js?v=c435cca1:3739:39)
    at invokeGuardedCallbackAndCatchFirstError (http://localhost:5176/node_modules/.vite/deps/chunk-KVMAXHTM.js?v=c435cca1:3742:33)
    at executeDispatch (http://localhost:5176/node_modules/.vite/deps/chunk-KVMAXHTM.js?v=c435cca1:7046:11)
    at processDispatchQueueItemsInOrder (http://localhost:5176/node_modules/.vite/deps/chunk-KVMAXHTM.js?v=c435cca1:7066:15)
    at processDispatchQueue (http://localhost:5176/node_modules/.vite/deps/chunk-KVMAXHTM.js?v=c435cca1:7075:13)
    at dispatchEventsForPlugins (http://localhost:5176/node_modules/.vite/deps/chunk-KVMAXHTM.js?v=c435cca1:7083:11)
[  488207ms] ReferenceError: setEditingId is not defined
    at http://localhost:5176/src/components/FreestyleBoard.jsx?t=1789621026170:637:5
    at http://localhost:5176/src/components/FreestyleBoard.jsx?t=1789621026170:847:9
    at HTMLUnknownElement.callCallback2 (http://localhost:5176/node_modules/.vite/deps/chunk-KVMAXHTM.js?v=c435cca1:3680:22)
    at Object.invokeGuardedCallbackDev (http://localhost:5176/node_modules/.vite/deps/chunk-KVMAXHTM.js?v=c435cca1:3705:24)
    at invokeGuardedCallback (http://localhost:5176/node_modules/.vite/deps/chunk-KVMAXHTM.js?v=c435cca1:3739:39)
    at invokeGuardedCallbackAndCatchFirstError (http://localhost:5176/node_modules/.vite/deps/chunk-KVMAXHTM.js?v=c435cca1:3742:33)
    at executeDispatch (http://localhost:5176/node_modules/.vite/deps/chunk-KVMAXHTM.js?v=c435cca1:7046:11)
    at processDispatchQueueItemsInOrder (http://localhost:5176/node_modules/.vite/deps/chunk-KVMAXHTM.js?v=c435cca1:7066:15)
    at processDispatchQueue (http://localhost:5176/node_modules/.vite/deps/chunk-KVMAXHTM.js?v=c435cca1:7075:13)
    at dispatchEventsForPlugins (http://localhost:5176/node_modules/.vite/deps/chunk-KVMAXHTM.js?v=c435cca1:7083:11)
[  488223ms] ReferenceError: setEditingId is not defined
    at http://localhost:5176/src/components/FreestyleBoard.jsx?t=1789621026170:637:5
    at http://localhost:5176/src/components/FreestyleBoard.jsx?t=1789621026170:847:9
    at HTMLUnknownElement.callCallback2 (http://localhost:5176/node_modules/.vite/deps/chunk-KVMAXHTM.js?v=c435cca1:3680:22)
    at Object.invokeGuardedCallbackDev (http://localhost:5176/node_modules/.vite/deps/chunk-KVMAXHTM.js?v=c435cca1:3705:24)
    at invokeGuardedCallback (http://localhost:5176/node_modules/.vite/deps/chunk-KVMAXHTM.js?v=c435cca1:3739:39)
    at invokeGuardedCallbackAndCatchFirstError (http://localhost:5176/node_modules/.vite/deps/chunk-KVMAXHTM.js?v=c435cca1:3742:33)
    at executeDispatch (http://localhost:5176/node_modules/.vite/deps/chunk-KVMAXHTM.js?v=c435cca1:7046:11)
    at processDispatchQueueItemsInOrder (http://localhost:5176/node_modules/.vite/deps/chunk-KVMAXHTM.js?v=c435cca1:7066:15)
    at processDispatchQueue (http://localhost:5176/node_modules/.vite/deps/chunk-KVMAXHTM.js?v=c435cca1:7075:13)
    at dispatchEventsForPlugins (http://localhost:5176/node_modules/.vite/deps/chunk-KVMAXHTM.js?v=c435cca1:7083:11)
[  488223ms] ReferenceError: setEditingId is not defined
    at http://localhost:5176/src/components/FreestyleBoard.jsx?t=1789621026170:637:5
    at http://localhost:5176/src/components/FreestyleBoard.jsx?t=1789621026170:847:9
    at HTMLUnknownElement.callCallback2 (http://localhost:5176/node_modules/.vite/deps/chunk-KVMAXHTM.js?v=c435cca1:3680:22)
    at Object.invokeGuardedCallbackDev (http://localhost:5176/node_modules/.vite/deps/chunk-KVMAXHTM.js?v=c435cca1:3705:24)
    at invokeGuardedCallback (http://localhost:5176/node_modules/.vite/deps/chunk-KVMAXHTM.js?v=c435cca1:3739:39)
    at invokeGuardedCallbackAndCatchFirstError (http://localhost:5176/node_modules/.vite/deps/chunk-KVMAXHTM.js?v=c435cca1:3742:33)
    at executeDispatch (http://localhost:5176/node_modules/.vite/deps/chunk-KVMAXHTM.js?v=c435cca1:7046:11)
    at processDispatchQueueItemsInOrder (http://localhost:5176/node_modules/.vite/deps/chunk-KVMAXHTM.js?v=c435cca1:7066:15)
    at processDispatchQueue (http://localhost:5176/node_modules/.vite/deps/chunk-KVMAXHTM.js?v=c435cca1:7075:13)
    at dispatchEventsForPlugins (http://localhost:5176/node_modules/.vite/deps/chunk-KVMAXHTM.js?v=c435cca1:7083:11)
[  488237ms] ReferenceError: setEditingId is not defined
    at http://localhost:5176/src/components/FreestyleBoard.jsx?t=1789621026170:637:5
    at http://localhost:5176/src/components/FreestyleBoard.jsx?t=1789621026170:847:9
    at HTMLUnknownElement.callCallback2 (http://localhost:5176/node_modules/.vite/deps/chunk-KVMAXHTM.js?v=c435cca1:3680:22)
    at Object.invokeGuardedCallbackDev (http://localhost:5176/node_modules/.vite/deps/chunk-KVMAXHTM.js?v=c435cca1:3705:24)
    at invokeGuardedCallback (http://localhost:5176/node_modules/.vite/deps/chunk-KVMAXHTM.js?v=c435cca1:3739:39)
    at invokeGuardedCallbackAndCatchFirstError (http://localhost:5176/node_modules/.vite/deps/chunk-KVMAXHTM.js?v=c435cca1:3742:33)
    at executeDispatch (http://localhost:5176/node_modules/.vite/deps/chunk-KVMAXHTM.js?v=c435cca1:7046:11)
    at processDispatchQueueItemsInOrder (http://localhost:5176/node_modules/.vite/deps/chunk-KVMAXHTM.js?v=c435cca1:7066:15)
    at processDispatchQueue (http://localhost:5176/node_modules/.vite/deps/chunk-KVMAXHTM.js?v=c435cca1:7075:13)
    at dispatchEventsForPlugins (http://localhost:5176/node_modules/.vite/deps/chunk-KVMAXHTM.js?v=c435cca1:7083:11)
[  488240ms] ReferenceError: setEditingId is not defined
    at http://localhost:5176/src/components/FreestyleBoard.jsx?t=1789621026170:637:5
    at http://localhost:5176/src/components/FreestyleBoard.jsx?t=1789621026170:847:9
    at HTMLUnknownElement.callCallback2 (http://localhost:5176/node_modules/.vite/deps/chunk-KVMAXHTM.js?v=c435cca1:3680:22)
    at Object.invokeGuardedCallbackDev (http://localhost:5176/node_modules/.vite/deps/chunk-KVMAXHTM.js?v=c435cca1:3705:24)
    at invokeGuardedCallback (http://localhost:5176/node_modules/.vite/deps/chunk-KVMAXHTM.js?v=c435cca1:3739:39)
    at invokeGuardedCallbackAndCatchFirstError (http://localhost:5176/node_modules/.vite/deps/chunk-KVMAXHTM.js?v=c435cca1:3742:33)
    at executeDispatch (http://localhost:5176/node_modules/.vite/deps/chunk-KVMAXHTM.js?v=c435cca1:7046:11)
    at processDispatchQueueItemsInOrder (http://localhost:5176/node_modules/.vite/deps/chunk-KVMAXHTM.js?v=c435cca1:7066:15)
    at processDispatchQueue (http://localhost:5176/node_modules/.vite/deps/chunk-KVMAXHTM.js?v=c435cca1:7075:13)
    at dispatchEventsForPlugins (http://localhost:5176/node_modules/.vite/deps/chunk-KVMAXHTM.js?v=c435cca1:7083:11)
[  488247ms] ReferenceError: setEditingId is not defined
    at http://localhost:5176/src/components/FreestyleBoard.jsx?t=1789621026170:637:5
    at http://localhost:5176/src/components/FreestyleBoard.jsx?t=1789621026170:847:9
    at HTMLUnknownElement.callCallback2 (http://localhost:5176/node_modules/.vite/deps/chunk-KVMAXHTM.js?v=c435cca1:3680:22)
    at Object.invokeGuardedCallbackDev (http://localhost:5176/node_modules/.vite/deps/chunk-KVMAXHTM.js?v=c435cca1:3705:24)
    at invokeGuardedCallback (http://localhost:5176/node_modules/.vite/deps/chunk-KVMAXHTM.js?v=c435cca1:3739:39)
    at invokeGuardedCallbackAndCatchFirstError (http://localhost:5176/node_modules/.vite/deps/chunk-KVMAXHTM.js?v=c435cca1:3742:33)
    at executeDispatch (http://localhost:5176/node_modules/.vite/deps/chunk-KVMAXHTM.js?v=c435cca1:7046:11)
    at processDispatchQueueItemsInOrder (http://localhost:5176/node_modules/.vite/deps/chunk-KVMAXHTM.js?v=c435cca1:7066:15)
    at processDispatchQueue (http://localhost:5176/node_modules/.vite/deps/chunk-KVMAXHTM.js?v=c435cca1:7075:13)
    at dispatchEventsForPlugins (http://localhost:5176/node_modules/.vite/deps/chunk-KVMAXHTM.js?v=c435cca1:7083:11)
[  488247ms] ReferenceError: setEditingId is not defined
    at http://localhost:5176/src/components/FreestyleBoard.jsx?t=1789621026170:637:5
    at http://localhost:5176/src/components/FreestyleBoard.jsx?t=1789621026170:847:9
    at HTMLUnknownElement.callCallback2 (http://localhost:5176/node_modules/.vite/deps/chunk-KVMAXHTM.js?v=c435cca1:3680:22)
    at Object.invokeGuardedCallbackDev (http://localhost:5176/node_modules/.vite/deps/chunk-KVMAXHTM.js?v=c435cca1:3705:24)
    at invokeGuardedCallback (http://localhost:5176/node_modules/.vite/deps/chunk-KVMAXHTM.js?v=c435cca1:3739:39)
    at invokeGuardedCallbackAndCatchFirstError (http://localhost:5176/node_modules/.vite/deps/chunk-KVMAXHTM.js?v=c435cca1:3742:33)
    at executeDispatch (http://localhost:5176/node_modules/.vite/deps/chunk-KVMAXHTM.js?v=c435cca1:7046:11)
    at processDispatchQueueItemsInOrder (http://localhost:5176/node_modules/.vite/deps/chunk-KVMAXHTM.js?v=c435cca1:7066:15)
    at processDispatchQueue (http://localhost:5176/node_modules/.vite/deps/chunk-KVMAXHTM.js?v=c435cca1:7075:13)
    at dispatchEventsForPlugins (http://localhost:5176/node_modules/.vite/deps/chunk-KVMAXHTM.js?v=c435cca1:7083:11)
[  488252ms] ReferenceError: setEditingId is not defined
    at http://localhost:5176/src/components/FreestyleBoard.jsx?t=1789621026170:637:5
    at http://localhost:5176/src/components/FreestyleBoard.jsx?t=1789621026170:847:9
    at HTMLUnknownElement.callCallback2 (http://localhost:5176/node_modules/.vite/deps/chunk-KVMAXHTM.js?v=c435cca1:3680:22)
    at Object.invokeGuardedCallbackDev (http://localhost:5176/node_modules/.vite/deps/chunk-KVMAXHTM.js?v=c435cca1:3705:24)
    at invokeGuardedCallback (http://localhost:5176/node_modules/.vite/deps/chunk-KVMAXHTM.js?v=c435cca1:3739:39)
    at invokeGuardedCallbackAndCatchFirstError (http://localhost:5176/node_modules/.vite/deps/chunk-KVMAXHTM.js?v=c435cca1:3742:33)
    at executeDispatch (http://localhost:5176/node_modules/.vite/deps/chunk-KVMAXHTM.js?v=c435cca1:7046:11)
    at processDispatchQueueItemsInOrder (http://localhost:5176/node_modules/.vite/deps/chunk-KVMAXHTM.js?v=c435cca1:7066:15)
    at processDispatchQueue (http://localhost:5176/node_modules/.vite/deps/chunk-KVMAXHTM.js?v=c435cca1:7075:13)
    at dispatchEventsForPlugins (http://localhost:5176/node_modules/.vite/deps/chunk-KVMAXHTM.js?v=c435cca1:7083:11)
[  488254ms] ReferenceError: setEditingId is not defined
    at http://localhost:5176/src/components/FreestyleBoard.jsx?t=1789621026170:637:5
    at http://localhost:5176/src/components/FreestyleBoard.jsx?t=1789621026170:847:9
    at HTMLUnknownElement.callCallback2 (http://localhost:5176/node_modules/.vite/deps/chunk-KVMAXHTM.js?v=c435cca1:3680:22)
    at Object.invokeGuardedCallbackDev (http://localhost:5176/node_modules/.vite/deps/chunk-KVMAXHTM.js?v=c435cca1:3705:24)
    at invokeGuardedCallback (http://localhost:5176/node_modules/.vite/deps/chunk-KVMAXHTM.js?v=c435cca1:3739:39)
    at invokeGuardedCallbackAndCatchFirstError (http://localhost:5176/node_modules/.vite/deps/chunk-KVMAXHTM.js?v=c435cca1:3742:33)
    at executeDispatch (http://localhost:5176/node_modules/.vite/deps/chunk-KVMAXHTM.js?v=c435cca1:7046:11)
    at processDispatchQueueItemsInOrder (http://localhost:5176/node_modules/.vite/deps/chunk-KVMAXHTM.js?v=c435cca1:7066:15)
    at processDispatchQueue (http://localhost:5176/node_modules/.vite/deps/chunk-KVMAXHTM.js?v=c435cca1:7075:13)
    at dispatchEventsForPlugins (http://localhost:5176/node_modules/.vite/deps/chunk-KVMAXHTM.js?v=c435cca1:7083:11)
[  488257ms] ReferenceError: setEditingId is not defined
    at http://localhost:5176/src/components/FreestyleBoard.jsx?t=1789621026170:637:5
    at http://localhost:5176/src/components/FreestyleBoard.jsx?t=1789621026170:847:9
    at HTMLUnknownElement.callCallback2 (http://localhost:5176/node_modules/.vite/deps/chunk-KVMAXHTM.js?v=c435cca1:3680:22)
    at Object.invokeGuardedCallbackDev (http://localhost:5176/node_modules/.vite/deps/chunk-KVMAXHTM.js?v=c435cca1:3705:24)
    at invokeGuardedCallback (http://localhost:5176/node_modules/.vite/deps/chunk-KVMAXHTM.js?v=c435cca1:3739:39)
    at invokeGuardedCallbackAndCatchFirstError (http://localhost:5176/node_modules/.vite/deps/chunk-KVMAXHTM.js?v=c435cca1:3742:33)
    at executeDispatch (http://localhost:5176/node_modules/.vite/deps/chunk-KVMAXHTM.js?v=c435cca1:7046:11)
    at processDispatchQueueItemsInOrder (http://localhost:5176/node_modules/.vite/deps/chunk-KVMAXHTM.js?v=c435cca1:7066:15)
    at processDispatchQueue (http://localhost:5176/node_modules/.vite/deps/chunk-KVMAXHTM.js?v=c435cca1:7075:13)
    at dispatchEventsForPlugins (http://localhost:5176/node_modules/.vite/deps/chunk-KVMAXHTM.js?v=c435cca1:7083:11)
[  488258ms] ReferenceError: setEditingId is not defined
    at http://localhost:5176/src/components/FreestyleBoard.jsx?t=1789621026170:637:5
    at http://localhost:5176/src/components/FreestyleBoard.jsx?t=1789621026170:847:9
    at HTMLUnknownElement.callCallback2 (http://localhost:5176/node_modules/.vite/deps/chunk-KVMAXHTM.js?v=c435cca1:3680:22)
    at Object.invokeGuardedCallbackDev (http://localhost:5176/node_modules/.vite/deps/chunk-KVMAXHTM.js?v=c435cca1:3705:24)
    at invokeGuardedCallback (http://localhost:5176/node_modules/.vite/deps/chunk-KVMAXHTM.js?v=c435cca1:3739:39)
    at invokeGuardedCallbackAndCatchFirstError (http://localhost:5176/node_modules/.vite/deps/chunk-KVMAXHTM.js?v=c435cca1:3742:33)
    at executeDispatch (http://localhost:5176/node_modules/.vite/deps/chunk-KVMAXHTM.js?v=c435cca1:7046:11)
    at processDispatchQueueItemsInOrder (http://localhost:5176/node_modules/.vite/deps/chunk-KVMAXHTM.js?v=c435cca1:7066:15)
    at processDispatchQueue (http://localhost:5176/node_modules/.vite/deps/chunk-KVMAXHTM.js?v=c435cca1:7075:13)
    at dispatchEventsForPlugins (http://localhost:5176/node_modules/.vite/deps/chunk-KVMAXHTM.js?v=c435cca1:7083:11)
[  488265ms] ReferenceError: setEditingId is not defined
    at http://localhost:5176/src/components/FreestyleBoard.jsx?t=1789621026170:637:5
    at http://localhost:5176/src/components/FreestyleBoard.jsx?t=1789621026170:847:9
    at HTMLUnknownElement.callCallback2 (http://localhost:5176/node_modules/.vite/deps/chunk-KVMAXHTM.js?v=c435cca1:3680:22)
    at Object.invokeGuardedCallbackDev (http://localhost:5176/node_modules/.vite/deps/chunk-KVMAXHTM.js?v=c435cca1:3705:24)
    at invokeGuardedCallback (http://localhost:5176/node_modules/.vite/deps/chunk-KVMAXHTM.js?v=c435cca1:3739:39)
    at invokeGuardedCallbackAndCatchFirstError (http://localhost:5176/node_modules/.vite/deps/chunk-KVMAXHTM.js?v=c435cca1:3742:33)
    at executeDispatch (http://localhost:5176/node_modules/.vite/deps/chunk-KVMAXHTM.js?v=c435cca1:7046:11)
    at processDispatchQueueItemsInOrder (http://localhost:5176/node_modules/.vite/deps/chunk-KVMAXHTM.js?v=c435cca1:7066:15)
    at processDispatchQueue (http://localhost:5176/node_modules/.vite/deps/chunk-KVMAXHTM.js?v=c435cca1:7075:13)
    at dispatchEventsForPlugins (http://localhost:5176/node_modules/.vite/deps/chunk-KVMAXHTM.js?v=c435cca1:7083:11)
[  488266ms] ReferenceError: setEditingId is not defined
    at http://localhost:5176/src/components/FreestyleBoard.jsx?t=1789621026170:637:5
    at http://localhost:5176/src/components/FreestyleBoard.jsx?t=1789621026170:847:9
    at HTMLUnknownElement.callCallback2 (http://localhost:5176/node_modules/.vite/deps/chunk-KVMAXHTM.js?v=c435cca1:3680:22)
    at Object.invokeGuardedCallbackDev (http://localhost:5176/node_modules/.vite/deps/chunk-KVMAXHTM.js?v=c435cca1:3705:24)
    at invokeGuardedCallback (http://localhost:5176/node_modules/.vite/deps/chunk-KVMAXHTM.js?v=c435cca1:3739:39)
    at invokeGuardedCallbackAndCatchFirstError (http://localhost:5176/node_modules/.vite/deps/chunk-KVMAXHTM.js?v=c435cca1:3742:33)
    at executeDispatch (http://localhost:5176/node_modules/.vite/deps/chunk-KVMAXHTM.js?v=c435cca1:7046:11)
    at processDispatchQueueItemsInOrder (http://localhost:5176/node_modules/.vite/deps/chunk-KVMAXHTM.js?v=c435cca1:7066:15)
    at processDispatchQueue (http://localhost:5176/node_modules/.vite/deps/chunk-KVMAXHTM.js?v=c435cca1:7075:13)
    at dispatchEventsForPlugins (http://localhost:5176/node_modules/.vite/deps/chunk-KVMAXHTM.js?v=c435cca1:7083:11)
[  488274ms] ReferenceError: setEditingId is not defined
    at http://localhost:5176/src/components/FreestyleBoard.jsx?t=1789621026170:637:5
    at http://localhost:5176/src/components/FreestyleBoard.jsx?t=1789621026170:847:9
    at HTMLUnknownElement.callCallback2 (http://localhost:5176/node_modules/.vite/deps/chunk-KVMAXHTM.js?v=c435cca1:3680:22)
    at Object.invokeGuardedCallbackDev (http://localhost:5176/node_modules/.vite/deps/chunk-KVMAXHTM.js?v=c435cca1:3705:24)
    at invokeGuardedCallback (http://localhost:5176/node_modules/.vite/deps/chunk-KVMAXHTM.js?v=c435cca1:3739:39)
    at invokeGuardedCallbackAndCatchFirstError (http://localhost:5176/node_modules/.vite/deps/chunk-KVMAXHTM.js?v=c435cca1:3742:33)
    at executeDispatch (http://localhost:5176/node_modules/.vite/deps/chunk-KVMAXHTM.js?v=c435cca1:7046:11)
    at processDispatchQueueItemsInOrder (http://localhost:5176/node_modules/.vite/deps/chunk-KVMAXHTM.js?v=c435cca1:7066:15)
    at processDispatchQueue (http://localhost:5176/node_modules/.vite/deps/chunk-KVMAXHTM.js?v=c435cca1:7075:13)
    at dispatchEventsForPlugins (http://localhost:5176/node_modules/.vite/deps/chunk-KVMAXHTM.js?v=c435cca1:7083:11)
[  488274ms] ReferenceError: setEditingId is not defined
    at http://localhost:5176/src/components/FreestyleBoard.jsx?t=1789621026170:637:5
    at http://localhost:5176/src/components/FreestyleBoard.jsx?t=1789621026170:847:9
    at HTMLUnknownElement.callCallback2 (http://localhost:5176/node_modules/.vite/deps/chunk-KVMAXHTM.js?v=c435cca1:3680:22)
    at Object.invokeGuardedCallbackDev (http://localhost:5176/node_modules/.vite/deps/chunk-KVMAXHTM.js?v=c435cca1:3705:24)
    at invokeGuardedCallback (http://localhost:5176/node_modules/.vite/deps/chunk-KVMAXHTM.js?v=c435cca1:3739:39)
    at invokeGuardedCallbackAndCatchFirstError (http://localhost:5176/node_modules/.vite/deps/chunk-KVMAXHTM.js?v=c435cca1:3742:33)
    at executeDispatch (http://localhost:5176/node_modules/.vite/deps/chunk-KVMAXHTM.js?v=c435cca1:7046:11)
    at processDispatchQueueItemsInOrder (http://localhost:5176/node_modules/.vite/deps/chunk-KVMAXHTM.js?v=c435cca1:7066:15)
    at processDispatchQueue (http://localhost:5176/node_modules/.vite/deps/chunk-KVMAXHTM.js?v=c435cca1:7075:13)
    at dispatchEventsForPlugins (http://localhost:5176/node_modules/.vite/deps/chunk-KVMAXHTM.js?v=c435cca1:7083:11)
[  488282ms] ReferenceError: setEditingId is not defined
    at http://localhost:5176/src/components/FreestyleBoard.jsx?t=1789621026170:637:5
    at http://localhost:5176/src/components/FreestyleBoard.jsx?t=1789621026170:847:9
    at HTMLUnknownElement.callCallback2 (http://localhost:5176/node_modules/.vite/deps/chunk-KVMAXHTM.js?v=c435cca1:3680:22)
    at Object.invokeGuardedCallbackDev (http://localhost:5176/node_modules/.vite/deps/chunk-KVMAXHTM.js?v=c435cca1:3705:24)
    at invokeGuardedCallback (http://localhost:5176/node_modules/.vite/deps/chunk-KVMAXHTM.js?v=c435cca1:3739:39)
    at invokeGuardedCallbackAndCatchFirstError (http://localhost:5176/node_modules/.vite/deps/chunk-KVMAXHTM.js?v=c435cca1:3742:33)
    at executeDispatch (http://localhost:5176/node_modules/.vite/deps/chunk-KVMAXHTM.js?v=c435cca1:7046:11)
    at processDispatchQueueItemsInOrder (http://localhost:5176/node_modules/.vite/deps/chunk-KVMAXHTM.js?v=c435cca1:7066:15)
    at processDispatchQueue (http://localhost:5176/node_modules/.vite/deps/chunk-KVMAXHTM.js?v=c435cca1:7075:13)
    at dispatchEventsForPlugins (http://localhost:5176/node_modules/.vite/deps/chunk-KVMAXHTM.js?v=c435cca1:7083:11)
[  488283ms] ReferenceError: setEditingId is not defined
    at http://localhost:5176/src/components/FreestyleBoard.jsx?t=1789621026170:637:5
    at http://localhost:5176/src/components/FreestyleBoard.jsx?t=1789621026170:847:9
    at HTMLUnknownElement.callCallback2 (http://localhost:5176/node_modules/.vite/deps/chunk-KVMAXHTM.js?v=c435cca1:3680:22)
    at Object.invokeGuardedCallbackDev (http://localhost:5176/node_modules/.vite/deps/chunk-KVMAXHTM.js?v=c435cca1:3705:24)
    at invokeGuardedCallback (http://localhost:5176/node_modules/.vite/deps/chunk-KVMAXHTM.js?v=c435cca1:3739:39)
    at invokeGuardedCallbackAndCatchFirstError (http://localhost:5176/node_modules/.vite/deps/chunk-KVMAXHTM.js?v=c435cca1:3742:33)
    at executeDispatch (http://localhost:5176/node_modules/.vite/deps/chunk-KVMAXHTM.js?v=c435cca1:7046:11)
    at processDispatchQueueItemsInOrder (http://localhost:5176/node_modules/.vite/deps/chunk-KVMAXHTM.js?v=c435cca1:7066:15)
    at processDispatchQueue (http://localhost:5176/node_modules/.vite/deps/chunk-KVMAXHTM.js?v=c435cca1:7075:13)
    at dispatchEventsForPlugins (http://localhost:5176/node_modules/.vite/deps/chunk-KVMAXHTM.js?v=c435cca1:7083:11)
[  488290ms] ReferenceError: setEditingId is not defined
    at http://localhost:5176/src/components/FreestyleBoard.jsx?t=1789621026170:637:5
    at http://localhost:5176/src/components/FreestyleBoard.jsx?t=1789621026170:847:9
    at HTMLUnknownElement.callCallback2 (http://localhost:5176/node_modules/.vite/deps/chunk-KVMAXHTM.js?v=c435cca1:3680:22)
    at Object.invokeGuardedCallbackDev (http://localhost:5176/node_modules/.vite/deps/chunk-KVMAXHTM.js?v=c435cca1:3705:24)
    at invokeGuardedCallback (http://localhost:5176/node_modules/.vite/deps/chunk-KVMAXHTM.js?v=c435cca1:3739:39)
    at invokeGuardedCallbackAndCatchFirstError (http://localhost:5176/node_modules/.vite/deps/chunk-KVMAXHTM.js?v=c435cca1:3742:33)
    at executeDispatch (http://localhost:5176/node_modules/.vite/deps/chunk-KVMAXHTM.js?v=c435cca1:7046:11)
    at processDispatchQueueItemsInOrder (http://localhost:5176/node_modules/.vite/deps/chunk-KVMAXHTM.js?v=c435cca1:7066:15)
    at processDispatchQueue (http://localhost:5176/node_modules/.vite/deps/chunk-KVMAXHTM.js?v=c435cca1:7075:13)
    at dispatchEventsForPlugins (http://localhost:5176/node_modules/.vite/deps/chunk-KVMAXHTM.js?v=c435cca1:7083:11)
[  488291ms] ReferenceError: setEditingId is not defined
    at http://localhost:5176/src/components/FreestyleBoard.jsx?t=1789621026170:637:5
    at http://localhost:5176/src/components/FreestyleBoard.jsx?t=1789621026170:847:9
    at HTMLUnknownElement.callCallback2 (http://localhost:5176/node_modules/.vite/deps/chunk-KVMAXHTM.js?v=c435cca1:3680:22)
    at Object.invokeGuardedCallbackDev (http://localhost:5176/node_modules/.vite/deps/chunk-KVMAXHTM.js?v=c435cca1:3705:24)
    at invokeGuardedCallback (http://localhost:5176/node_modules/.vite/deps/chunk-KVMAXHTM.js?v=c435cca1:3739:39)
    at invokeGuardedCallbackAndCatchFirstError (http://localhost:5176/node_modules/.vite/deps/chunk-KVMAXHTM.js?v=c435cca1:3742:33)
    at executeDispatch (http://localhost:5176/node_modules/.vite/deps/chunk-KVMAXHTM.js?v=c435cca1:7046:11)
    at processDispatchQueueItemsInOrder (http://localhost:5176/node_modules/.vite/deps/chunk-KVMAXHTM.js?v=c435cca1:7066:15)
    at processDispatchQueue (http://localhost:5176/node_modules/.vite/deps/chunk-KVMAXHTM.js?v=c435cca1:7075:13)
    at dispatchEventsForPlugins (http://localhost:5176/node_modules/.vite/deps/chunk-KVMAXHTM.js?v=c435cca1:7083:11)
[  488298ms] ReferenceError: setEditingId is not defined
    at http://localhost:5176/src/components/FreestyleBoard.jsx?t=1789621026170:637:5
    at http://localhost:5176/src/components/FreestyleBoard.jsx?t=1789621026170:847:9
    at HTMLUnknownElement.callCallback2 (http://localhost:5176/node_modules/.vite/deps/chunk-KVMAXHTM.js?v=c435cca1:3680:22)
    at Object.invokeGuardedCallbackDev (http://localhost:5176/node_modules/.vite/deps/chunk-KVMAXHTM.js?v=c435cca1:3705:24)
    at invokeGuardedCallback (http://localhost:5176/node_modules/.vite/deps/chunk-KVMAXHTM.js?v=c435cca1:3739:39)
    at invokeGuardedCallbackAndCatchFirstError (http://localhost:5176/node_modules/.vite/deps/chunk-KVMAXHTM.js?v=c435cca1:3742:33)
    at executeDispatch (http://localhost:5176/node_modules/.vite/deps/chunk-KVMAXHTM.js?v=c435cca1:7046:11)
    at processDispatchQueueItemsInOrder (http://localhost:5176/node_modules/.vite/deps/chunk-KVMAXHTM.js?v=c435cca1:7066:15)
    at processDispatchQueue (http://localhost:5176/node_modules/.vite/deps/chunk-KVMAXHTM.js?v=c435cca1:7075:13)
    at dispatchEventsForPlugins (http://localhost:5176/node_modules/.vite/deps/chunk-KVMAXHTM.js?v=c435cca1:7083:11)
[  488299ms] ReferenceError: setEditingId is not defined
    at http://localhost:5176/src/components/FreestyleBoard.jsx?t=1789621026170:637:5
    at http://localhost:5176/src/components/FreestyleBoard.jsx?t=1789621026170:847:9
    at HTMLUnknownElement.callCallback2 (http://localhost:5176/node_modules/.vite/deps/chunk-KVMAXHTM.js?v=c435cca1:3680:22)
    at Object.invokeGuardedCallbackDev (http://localhost:5176/node_modules/.vite/deps/chunk-KVMAXHTM.js?v=c435cca1:3705:24)
    at invokeGuardedCallback (http://localhost:5176/node_modules/.vite/deps/chunk-KVMAXHTM.js?v=c435cca1:3739:39)
    at invokeGuardedCallbackAndCatchFirstError (http://localhost:5176/node_modules/.vite/deps/chunk-KVMAXHTM.js?v=c435cca1:3742:33)
    at executeDispatch (http://localhost:5176/node_modules/.vite/deps/chunk-KVMAXHTM.js?v=c435cca1:7046:11)
    at processDispatchQueueItemsInOrder (http://localhost:5176/node_modules/.vite/deps/chunk-KVMAXHTM.js?v=c435cca1:7066:15)
    at processDispatchQueue (http://localhost:5176/node_modules/.vite/deps/chunk-KVMAXHTM.js?v=c435cca1:7075:13)
    at dispatchEventsForPlugins (http://localhost:5176/node_modules/.vite/deps/chunk-KVMAXHTM.js?v=c435cca1:7083:11)
[  488314ms] ReferenceError: setEditingId is not defined
    at http://localhost:5176/src/components/FreestyleBoard.jsx?t=1789621026170:637:5
    at http://localhost:5176/src/components/FreestyleBoard.jsx?t=1789621026170:847:9
    at HTMLUnknownElement.callCallback2 (http://localhost:5176/node_modules/.vite/deps/chunk-KVMAXHTM.js?v=c435cca1:3680:22)
    at Object.invokeGuardedCallbackDev (http://localhost:5176/node_modules/.vite/deps/chunk-KVMAXHTM.js?v=c435cca1:3705:24)
    at invokeGuardedCallback (http://localhost:5176/node_modules/.vite/deps/chunk-KVMAXHTM.js?v=c435cca1:3739:39)
    at invokeGuardedCallbackAndCatchFirstError (http://localhost:5176/node_modules/.vite/deps/chunk-KVMAXHTM.js?v=c435cca1:3742:33)
    at executeDispatch (http://localhost:5176/node_modules/.vite/deps/chunk-KVMAXHTM.js?v=c435cca1:7046:11)
    at processDispatchQueueItemsInOrder (http://localhost:5176/node_modules/.vite/deps/chunk-KVMAXHTM.js?v=c435cca1:7066:15)
    at processDispatchQueue (http://localhost:5176/node_modules/.vite/deps/chunk-KVMAXHTM.js?v=c435cca1:7075:13)
    at dispatchEventsForPlugins (http://localhost:5176/node_modules/.vite/deps/chunk-KVMAXHTM.js?v=c435cca1:7083:11)
[  488316ms] ReferenceError: setEditingId is not defined
    at http://localhost:5176/src/components/FreestyleBoard.jsx?t=1789621026170:637:5
    at http://localhost:5176/src/components/FreestyleBoard.jsx?t=1789621026170:847:9
    at HTMLUnknownElement.callCallback2 (http://localhost:5176/node_modules/.vite/deps/chunk-KVMAXHTM.js?v=c435cca1:3680:22)
    at Object.invokeGuardedCallbackDev (http://localhost:5176/node_modules/.vite/deps/chunk-KVMAXHTM.js?v=c435cca1:3705:24)
    at invokeGuardedCallback (http://localhost:5176/node_modules/.vite/deps/chunk-KVMAXHTM.js?v=c435cca1:3739:39)
    at invokeGuardedCallbackAndCatchFirstError (http://localhost:5176/node_modules/.vite/deps/chunk-KVMAXHTM.js?v=c435cca1:3742:33)
    at executeDispatch (http://localhost:5176/node_modules/.vite/deps/chunk-KVMAXHTM.js?v=c435cca1:7046:11)
    at processDispatchQueueItemsInOrder (http://localhost:5176/node_modules/.vite/deps/chunk-KVMAXHTM.js?v=c435cca1:7066:15)
    at processDispatchQueue (http://localhost:5176/node_modules/.vite/deps/chunk-KVMAXHTM.js?v=c435cca1:7075:13)
    at dispatchEventsForPlugins (http://localhost:5176/node_modules/.vite/deps/chunk-KVMAXHTM.js?v=c435cca1:7083:11)
[  488318ms] ReferenceError: setEditingId is not defined
    at http://localhost:5176/src/components/FreestyleBoard.jsx?t=1789621026170:637:5
    at http://localhost:5176/src/components/FreestyleBoard.jsx?t=1789621026170:847:9
    at HTMLUnknownElement.callCallback2 (http://localhost:5176/node_modules/.vite/deps/chunk-KVMAXHTM.js?v=c435cca1:3680:22)
    at Object.invokeGuardedCallbackDev (http://localhost:5176/node_modules/.vite/deps/chunk-KVMAXHTM.js?v=c435cca1:3705:24)
    at invokeGuardedCallback (http://localhost:5176/node_modules/.vite/deps/chunk-KVMAXHTM.js?v=c435cca1:3739:39)
    at invokeGuardedCallbackAndCatchFirstError (http://localhost:5176/node_modules/.vite/deps/chunk-KVMAXHTM.js?v=c435cca1:3742:33)
    at executeDispatch (http://localhost:5176/node_modules/.vite/deps/chunk-KVMAXHTM.js?v=c435cca1:7046:11)
    at processDispatchQueueItemsInOrder (http://localhost:5176/node_modules/.vite/deps/chunk-KVMAXHTM.js?v=c435cca1:7066:15)
    at processDispatchQueue (http://localhost:5176/node_modules/.vite/deps/chunk-KVMAXHTM.js?v=c435cca1:7075:13)
    at dispatchEventsForPlugins (http://localhost:5176/node_modules/.vite/deps/chunk-KVMAXHTM.js?v=c435cca1:7083:11)
[  488319ms] ReferenceError: setEditingId is not defined
    at http://localhost:5176/src/components/FreestyleBoard.jsx?t=1789621026170:637:5
    at http://localhost:5176/src/components/FreestyleBoard.jsx?t=1789621026170:847:9
    at HTMLUnknownElement.callCallback2 (http://localhost:5176/node_modules/.vite/deps/chunk-KVMAXHTM.js?v=c435cca1:3680:22)
    at Object.invokeGuardedCallbackDev (http://localhost:5176/node_modules/.vite/deps/chunk-KVMAXHTM.js?v=c435cca1:3705:24)
    at invokeGuardedCallback (http://localhost:5176/node_modules/.vite/deps/chunk-KVMAXHTM.js?v=c435cca1:3739:39)
    at invokeGuardedCallbackAndCatchFirstError (http://localhost:5176/node_modules/.vite/deps/chunk-KVMAXHTM.js?v=c435cca1:3742:33)
    at executeDispatch (http://localhost:5176/node_modules/.vite/deps/chunk-KVMAXHTM.js?v=c435cca1:7046:11)
    at processDispatchQueueItemsInOrder (http://localhost:5176/node_modules/.vite/deps/chunk-KVMAXHTM.js?v=c435cca1:7066:15)
    at processDispatchQueue (http://localhost:5176/node_modules/.vite/deps/chunk-KVMAXHTM.js?v=c435cca1:7075:13)
    at dispatchEventsForPlugins (http://localhost:5176/node_modules/.vite/deps/chunk-KVMAXHTM.js?v=c435cca1:7083:11)
[  488326ms] ReferenceError: setEditingId is not defined
    at http://localhost:5176/src/components/FreestyleBoard.jsx?t=1789621026170:637:5
    at http://localhost:5176/src/components/FreestyleBoard.jsx?t=1789621026170:847:9
    at HTMLUnknownElement.callCallback2 (http://localhost:5176/node_modules/.vite/deps/chunk-KVMAXHTM.js?v=c435cca1:3680:22)
    at Object.invokeGuardedCallbackDev (http://localhost:5176/node_modules/.vite/deps/chunk-KVMAXHTM.js?v=c435cca1:3705:24)
    at invokeGuardedCallback (http://localhost:5176/node_modules/.vite/deps/chunk-KVMAXHTM.js?v=c435cca1:3739:39)
    at invokeGuardedCallbackAndCatchFirstError (http://localhost:5176/node_modules/.vite/deps/chunk-KVMAXHTM.js?v=c435cca1:3742:33)
    at executeDispatch (http://localhost:5176/node_modules/.vite/deps/chunk-KVMAXHTM.js?v=c435cca1:7046:11)
    at processDispatchQueueItemsInOrder (http://localhost:5176/node_modules/.vite/deps/chunk-KVMAXHTM.js?v=c435cca1:7066:15)
    at processDispatchQueue (http://localhost:5176/node_modules/.vite/deps/chunk-KVMAXHTM.js?v=c435cca1:7075:13)
    at dispatchEventsForPlugins (http://localhost:5176/node_modules/.vite/deps/chunk-KVMAXHTM.js?v=c435cca1:7083:11)
[  488328ms] ReferenceError: setEditingId is not defined
    at http://localhost:5176/src/components/FreestyleBoard.jsx?t=1789621026170:637:5
    at http://localhost:5176/src/components/FreestyleBoard.jsx?t=1789621026170:847:9
    at HTMLUnknownElement.callCallback2 (http://localhost:5176/node_modules/.vite/deps/chunk-KVMAXHTM.js?v=c435cca1:3680:22)
    at Object.invokeGuardedCallbackDev (http://localhost:5176/node_modules/.vite/deps/chunk-KVMAXHTM.js?v=c435cca1:3705:24)
    at invokeGuardedCallback (http://localhost:5176/node_modules/.vite/deps/chunk-KVMAXHTM.js?v=c435cca1:3739:39)
    at invokeGuardedCallbackAndCatchFirstError (http://localhost:5176/node_modules/.vite/deps/chunk-KVMAXHTM.js?v=c435cca1:3742:33)
    at executeDispatch (http://localhost:5176/node_modules/.vite/deps/chunk-KVMAXHTM.js?v=c435cca1:7046:11)
    at processDispatchQueueItemsInOrder (http://localhost:5176/node_modules/.vite/deps/chunk-KVMAXHTM.js?v=c435cca1:7066:15)
    at processDispatchQueue (http://localhost:5176/node_modules/.vite/deps/chunk-KVMAXHTM.js?v=c435cca1:7075:13)
    at dispatchEventsForPlugins (http://localhost:5176/node_modules/.vite/deps/chunk-KVMAXHTM.js?v=c435cca1:7083:11)
[  488344ms] ReferenceError: setEditingId is not defined
    at http://localhost:5176/src/components/FreestyleBoard.jsx?t=1789621026170:637:5
    at http://localhost:5176/src/components/FreestyleBoard.jsx?t=1789621026170:847:9
    at HTMLUnknownElement.callCallback2 (http://localhost:5176/node_modules/.vite/deps/chunk-KVMAXHTM.js?v=c435cca1:3680:22)
    at Object.invokeGuardedCallbackDev (http://localhost:5176/node_modules/.vite/deps/chunk-KVMAXHTM.js?v=c435cca1:3705:24)
    at invokeGuardedCallback (http://localhost:5176/node_modules/.vite/deps/chunk-KVMAXHTM.js?v=c435cca1:3739:39)
    at invokeGuardedCallbackAndCatchFirstError (http://localhost:5176/node_modules/.vite/deps/chunk-KVMAXHTM.js?v=c435cca1:3742:33)
    at executeDispatch (http://localhost:5176/node_modules/.vite/deps/chunk-KVMAXHTM.js?v=c435cca1:7046:11)
    at processDispatchQueueItemsInOrder (http://localhost:5176/node_modules/.vite/deps/chunk-KVMAXHTM.js?v=c435cca1:7066:15)
    at processDispatchQueue (http://localhost:5176/node_modules/.vite/deps/chunk-KVMAXHTM.js?v=c435cca1:7075:13)
    at dispatchEventsForPlugins (http://localhost:5176/node_modules/.vite/deps/chunk-KVMAXHTM.js?v=c435cca1:7083:11)
[  488345ms] ReferenceError: setEditingId is not defined
    at http://localhost:5176/src/components/FreestyleBoard.jsx?t=1789621026170:637:5
    at http://localhost:5176/src/components/FreestyleBoard.jsx?t=1789621026170:847:9
    at HTMLUnknownElement.callCallback2 (http://localhost:5176/node_modules/.vite/deps/chunk-KVMAXHTM.js?v=c435cca1:3680:22)
    at Object.invokeGuardedCallbackDev (http://localhost:5176/node_modules/.vite/deps/chunk-KVMAXHTM.js?v=c435cca1:3705:24)
    at invokeGuardedCallback (http://localhost:5176/node_modules/.vite/deps/chunk-KVMAXHTM.js?v=c435cca1:3739:39)
    at invokeGuardedCallbackAndCatchFirstError (http://localhost:5176/node_modules/.vite/deps/chunk-KVMAXHTM.js?v=c435cca1:3742:33)
    at executeDispatch (http://localhost:5176/node_modules/.vite/deps/chunk-KVMAXHTM.js?v=c435cca1:7046:11)
    at processDispatchQueueItemsInOrder (http://localhost:5176/node_modules/.vite/deps/chunk-KVMAXHTM.js?v=c435cca1:7066:15)
    at processDispatchQueue (http://localhost:5176/node_modules/.vite/deps/chunk-KVMAXHTM.js?v=c435cca1:7075:13)
    at dispatchEventsForPlugins (http://localhost:5176/node_modules/.vite/deps/chunk-KVMAXHTM.js?v=c435cca1:7083:11)
[  489306ms] ReferenceError: setEditingId is not defined
    at http://localhost:5176/src/components/FreestyleBoard.jsx?t=1789621026170:637:5
    at http://localhost:5176/src/components/FreestyleBoard.jsx?t=1789621026170:847:9
    at HTMLUnknownElement.callCallback2 (http://localhost:5176/node_modules/.vite/deps/chunk-KVMAXHTM.js?v=c435cca1:3680:22)
    at Object.invokeGuardedCallbackDev (http://localhost:5176/node_modules/.vite/deps/chunk-KVMAXHTM.js?v=c435cca1:3705:24)
    at invokeGuardedCallback (http://localhost:5176/node_modules/.vite/deps/chunk-KVMAXHTM.js?v=c435cca1:3739:39)
    at invokeGuardedCallbackAndCatchFirstError (http://localhost:5176/node_modules/.vite/deps/chunk-KVMAXHTM.js?v=c435cca1:3742:33)
    at executeDispatch (http://localhost:5176/node_modules/.vite/deps/chunk-KVMAXHTM.js?v=c435cca1:7046:11)
    at processDispatchQueueItemsInOrder (http://localhost:5176/node_modules/.vite/deps/chunk-KVMAXHTM.js?v=c435cca1:7066:15)
    at processDispatchQueue (http://localhost:5176/node_modules/.vite/deps/chunk-KVMAXHTM.js?v=c435cca1:7075:13)
    at dispatchEventsForPlugins (http://localhost:5176/node_modules/.vite/deps/chunk-KVMAXHTM.js?v=c435cca1:7083:11)
[  489306ms] ReferenceError: setEditingId is not defined
    at http://localhost:5176/src/components/FreestyleBoard.jsx?t=1789621026170:637:5
    at http://localhost:5176/src/components/FreestyleBoard.jsx?t=1789621026170:847:9
    at HTMLUnknownElement.callCallback2 (http://localhost:5176/node_modules/.vite/deps/chunk-KVMAXHTM.js?v=c435cca1:3680:22)
    at Object.invokeGuardedCallbackDev (http://localhost:5176/node_modules/.vite/deps/chunk-KVMAXHTM.js?v=c435cca1:3705:24)
    at invokeGuardedCallback (http://localhost:5176/node_modules/.vite/deps/chunk-KVMAXHTM.js?v=c435cca1:3739:39)
    at invokeGuardedCallbackAndCatchFirstError (http://localhost:5176/node_modules/.vite/deps/chunk-KVMAXHTM.js?v=c435cca1:3742:33)
    at executeDispatch (http://localhost:5176/node_modules/.vite/deps/chunk-KVMAXHTM.js?v=c435cca1:7046:11)
    at processDispatchQueueItemsInOrder (http://localhost:5176/node_modules/.vite/deps/chunk-KVMAXHTM.js?v=c435cca1:7066:15)
    at processDispatchQueue (http://localhost:5176/node_modules/.vite/deps/chunk-KVMAXHTM.js?v=c435cca1:7075:13)
    at dispatchEventsForPlugins (http://localhost:5176/node_modules/.vite/deps/chunk-KVMAXHTM.js?v=c435cca1:7083:11)
[  489323ms] ReferenceError: setEditingId is not defined
    at http://localhost:5176/src/components/FreestyleBoard.jsx?t=1789621026170:637:5
    at http://localhost:5176/src/components/FreestyleBoard.jsx?t=1789621026170:847:9
    at HTMLUnknownElement.callCallback2 (http://localhost:5176/node_modules/.vite/deps/chunk-KVMAXHTM.js?v=c435cca1:3680:22)
    at Object.invokeGuardedCallbackDev (http://localhost:5176/node_modules/.vite/deps/chunk-KVMAXHTM.js?v=c435cca1:3705:24)
    at invokeGuardedCallback (http://localhost:5176/node_modules/.vite/deps/chunk-KVMAXHTM.js?v=c435cca1:3739:39)
    at invokeGuardedCallbackAndCatchFirstError (http://localhost:5176/node_modules/.vite/deps/chunk-KVMAXHTM.js?v=c435cca1:3742:33)
    at executeDispatch (http://localhost:5176/node_modules/.vite/deps/chunk-KVMAXHTM.js?v=c435cca1:7046:11)
    at processDispatchQueueItemsInOrder (http://localhost:5176/node_modules/.vite/deps/chunk-KVMAXHTM.js?v=c435cca1:7066:15)
    at processDispatchQueue (http://localhost:5176/node_modules/.vite/deps/chunk-KVMAXHTM.js?v=c435cca1:7075:13)
    at dispatchEventsForPlugins (http://localhost:5176/node_modules/.vite/deps/chunk-KVMAXHTM.js?v=c435cca1:7083:11)
[  489325ms] ReferenceError: setEditingId is not defined
    at http://localhost:5176/src/components/FreestyleBoard.jsx?t=1789621026170:637:5
    at http://localhost:5176/src/components/FreestyleBoard.jsx?t=1789621026170:847:9
    at HTMLUnknownElement.callCallback2 (http://localhost:5176/node_modules/.vite/deps/chunk-KVMAXHTM.js?v=c435cca1:3680:22)
    at Object.invokeGuardedCallbackDev (http://localhost:5176/node_modules/.vite/deps/chunk-KVMAXHTM.js?v=c435cca1:3705:24)
    at invokeGuardedCallback (http://localhost:5176/node_modules/.vite/deps/chunk-KVMAXHTM.js?v=c435cca1:3739:39)
    at invokeGuardedCallbackAndCatchFirstError (http://localhost:5176/node_modules/.vite/deps/chunk-KVMAXHTM.js?v=c435cca1:3742:33)
    at executeDispatch (http://localhost:5176/node_modules/.vite/deps/chunk-KVMAXHTM.js?v=c435cca1:7046:11)
    at processDispatchQueueItemsInOrder (http://localhost:5176/node_modules/.vite/deps/chunk-KVMAXHTM.js?v=c435cca1:7066:15)
    at processDispatchQueue (http://localhost:5176/node_modules/.vite/deps/chunk-KVMAXHTM.js?v=c435cca1:7075:13)
    at dispatchEventsForPlugins (http://localhost:5176/node_modules/.vite/deps/chunk-KVMAXHTM.js?v=c435cca1:7083:11)
[  489358ms] ReferenceError: setEditingId is not defined
    at http://localhost:5176/src/components/FreestyleBoard.jsx?t=1789621026170:637:5
    at http://localhost:5176/src/components/FreestyleBoard.jsx?t=1789621026170:847:9
    at HTMLUnknownElement.callCallback2 (http://localhost:5176/node_modules/.vite/deps/chunk-KVMAXHTM.js?v=c435cca1:3680:22)
    at Object.invokeGuardedCallbackDev (http://localhost:5176/node_modules/.vite/deps/chunk-KVMAXHTM.js?v=c435cca1:3705:24)
    at invokeGuardedCallback (http://localhost:5176/node_modules/.vite/deps/chunk-KVMAXHTM.js?v=c435cca1:3739:39)
    at invokeGuardedCallbackAndCatchFirstError (http://localhost:5176/node_modules/.vite/deps/chunk-KVMAXHTM.js?v=c435cca1:3742:33)
    at executeDispatch (http://localhost:5176/node_modules/.vite/deps/chunk-KVMAXHTM.js?v=c435cca1:7046:11)
    at processDispatchQueueItemsInOrder (http://localhost:5176/node_modules/.vite/deps/chunk-KVMAXHTM.js?v=c435cca1:7066:15)
    at processDispatchQueue (http://localhost:5176/node_modules/.vite/deps/chunk-KVMAXHTM.js?v=c435cca1:7075:13)
    at dispatchEventsForPlugins (http://localhost:5176/node_modules/.vite/deps/chunk-KVMAXHTM.js?v=c435cca1:7083:11)
[  489358ms] ReferenceError: setEditingId is not defined
    at http://localhost:5176/src/components/FreestyleBoard.jsx?t=1789621026170:637:5
    at http://localhost:5176/src/components/FreestyleBoard.jsx?t=1789621026170:847:9
    at HTMLUnknownElement.callCallback2 (http://localhost:5176/node_modules/.vite/deps/chunk-KVMAXHTM.js?v=c435cca1:3680:22)
    at Object.invokeGuardedCallbackDev (http://localhost:5176/node_modules/.vite/deps/chunk-KVMAXHTM.js?v=c435cca1:3705:24)
    at invokeGuardedCallback (http://localhost:5176/node_modules/.vite/deps/chunk-KVMAXHTM.js?v=c435cca1:3739:39)
    at invokeGuardedCallbackAndCatchFirstError (http://localhost:5176/node_modules/.vite/deps/chunk-KVMAXHTM.js?v=c435cca1:3742:33)
    at executeDispatch (http://localhost:5176/node_modules/.vite/deps/chunk-KVMAXHTM.js?v=c435cca1:7046:11)
    at processDispatchQueueItemsInOrder (http://localhost:5176/node_modules/.vite/deps/chunk-KVMAXHTM.js?v=c435cca1:7066:15)
    at processDispatchQueue (http://localhost:5176/node_modules/.vite/deps/chunk-KVMAXHTM.js?v=c435cca1:7075:13)
    at dispatchEventsForPlugins (http://localhost:5176/node_modules/.vite/deps/chunk-KVMAXHTM.js?v=c435cca1:7083:11)
[  489365ms] ReferenceError: setEditingId is not defined
    at http://localhost:5176/src/components/FreestyleBoard.jsx?t=1789621026170:637:5
    at http://localhost:5176/src/components/FreestyleBoard.jsx?t=1789621026170:847:9
    at HTMLUnknownElement.callCallback2 (http://localhost:5176/node_modules/.vite/deps/chunk-KVMAXHTM.js?v=c435cca1:3680:22)
    at Object.invokeGuardedCallbackDev (http://localhost:5176/node_modules/.vite/deps/chunk-KVMAXHTM.js?v=c435cca1:3705:24)
    at invokeGuardedCallback (http://localhost:5176/node_modules/.vite/deps/chunk-KVMAXHTM.js?v=c435cca1:3739:39)
    at invokeGuardedCallbackAndCatchFirstError (http://localhost:5176/node_modules/.vite/deps/chunk-KVMAXHTM.js?v=c435cca1:3742:33)
    at executeDispatch (http://localhost:5176/node_modules/.vite/deps/chunk-KVMAXHTM.js?v=c435cca1:7046:11)
    at processDispatchQueueItemsInOrder (http://localhost:5176/node_modules/.vite/deps/chunk-KVMAXHTM.js?v=c435cca1:7066:15)
    at processDispatchQueue (http://localhost:5176/node_modules/.vite/deps/chunk-KVMAXHTM.js?v=c435cca1:7075:13)
    at dispatchEventsForPlugins (http://localhost:5176/node_modules/.vite/deps/chunk-KVMAXHTM.js?v=c435cca1:7083:11)
[  489366ms] ReferenceError: setEditingId is not defined
    at http://localhost:5176/src/components/FreestyleBoard.jsx?t=1789621026170:637:5
    at http://localhost:5176/src/components/FreestyleBoard.jsx?t=1789621026170:847:9
    at HTMLUnknownElement.callCallback2 (http://localhost:5176/node_modules/.vite/deps/chunk-KVMAXHTM.js?v=c435cca1:3680:22)
    at Object.invokeGuardedCallbackDev (http://localhost:5176/node_modules/.vite/deps/chunk-KVMAXHTM.js?v=c435cca1:3705:24)
    at invokeGuardedCallback (http://localhost:5176/node_modules/.vite/deps/chunk-KVMAXHTM.js?v=c435cca1:3739:39)
    at invokeGuardedCallbackAndCatchFirstError (http://localhost:5176/node_modules/.vite/deps/chunk-KVMAXHTM.js?v=c435cca1:3742:33)
    at executeDispatch (http://localhost:5176/node_modules/.vite/deps/chunk-KVMAXHTM.js?v=c435cca1:7046:11)
    at processDispatchQueueItemsInOrder (http://localhost:5176/node_modules/.vite/deps/chunk-KVMAXHTM.js?v=c435cca1:7066:15)
    at processDispatchQueue (http://localhost:5176/node_modules/.vite/deps/chunk-KVMAXHTM.js?v=c435cca1:7075:13)
    at dispatchEventsForPlugins (http://localhost:5176/node_modules/.vite/deps/chunk-KVMAXHTM.js?v=c435cca1:7083:11)
[  489375ms] ReferenceError: setEditingId is not defined
    at http://localhost:5176/src/components/FreestyleBoard.jsx?t=1789621026170:637:5
    at http://localhost:5176/src/components/FreestyleBoard.jsx?t=1789621026170:847:9
    at HTMLUnknownElement.callCallback2 (http://localhost:5176/node_modules/.vite/deps/chunk-KVMAXHTM.js?v=c435cca1:3680:22)
    at Object.invokeGuardedCallbackDev (http://localhost:5176/node_modules/.vite/deps/chunk-KVMAXHTM.js?v=c435cca1:3705:24)
    at invokeGuardedCallback (http://localhost:5176/node_modules/.vite/deps/chunk-KVMAXHTM.js?v=c435cca1:3739:39)
    at invokeGuardedCallbackAndCatchFirstError (http://localhost:5176/node_modules/.vite/deps/chunk-KVMAXHTM.js?v=c435cca1:3742:33)
    at executeDispatch (http://localhost:5176/node_modules/.vite/deps/chunk-KVMAXHTM.js?v=c435cca1:7046:11)
    at processDispatchQueueItemsInOrder (http://localhost:5176/node_modules/.vite/deps/chunk-KVMAXHTM.js?v=c435cca1:7066:15)
    at processDispatchQueue (http://localhost:5176/node_modules/.vite/deps/chunk-KVMAXHTM.js?v=c435cca1:7075:13)
    at dispatchEventsForPlugins (http://localhost:5176/node_modules/.vite/deps/chunk-KVMAXHTM.js?v=c435cca1:7083:11)
[  489376ms] ReferenceError: setEditingId is not defined
    at http://localhost:5176/src/components/FreestyleBoard.jsx?t=1789621026170:637:5
    at http://localhost:5176/src/components/FreestyleBoard.jsx?t=1789621026170:847:9
    at HTMLUnknownElement.callCallback2 (http://localhost:5176/node_modules/.vite/deps/chunk-KVMAXHTM.js?v=c435cca1:3680:22)
    at Object.invokeGuardedCallbackDev (http://localhost:5176/node_modules/.vite/deps/chunk-KVMAXHTM.js?v=c435cca1:3705:24)
    at invokeGuardedCallback (http://localhost:5176/node_modules/.vite/deps/chunk-KVMAXHTM.js?v=c435cca1:3739:39)
    at invokeGuardedCallbackAndCatchFirstError (http://localhost:5176/node_modules/.vite/deps/chunk-KVMAXHTM.js?v=c435cca1:3742:33)
    at executeDispatch (http://localhost:5176/node_modules/.vite/deps/chunk-KVMAXHTM.js?v=c435cca1:7046:11)
    at processDispatchQueueItemsInOrder (http://localhost:5176/node_modules/.vite/deps/chunk-KVMAXHTM.js?v=c435cca1:7066:15)
    at processDispatchQueue (http://localhost:5176/node_modules/.vite/deps/chunk-KVMAXHTM.js?v=c435cca1:7075:13)
    at dispatchEventsForPlugins (http://localhost:5176/node_modules/.vite/deps/chunk-KVMAXHTM.js?v=c435cca1:7083:11)
[  489385ms] ReferenceError: setEditingId is not defined
    at http://localhost:5176/src/components/FreestyleBoard.jsx?t=1789621026170:637:5
    at http://localhost:5176/src/components/FreestyleBoard.jsx?t=1789621026170:847:9
    at HTMLUnknownElement.callCallback2 (http://localhost:5176/node_modules/.vite/deps/chunk-KVMAXHTM.js?v=c435cca1:3680:22)
    at Object.invokeGuardedCallbackDev (http://localhost:5176/node_modules/.vite/deps/chunk-KVMAXHTM.js?v=c435cca1:3705:24)
    at invokeGuardedCallback (http://localhost:5176/node_modules/.vite/deps/chunk-KVMAXHTM.js?v=c435cca1:3739:39)
    at invokeGuardedCallbackAndCatchFirstError (http://localhost:5176/node_modules/.vite/deps/chunk-KVMAXHTM.js?v=c435cca1:3742:33)
    at executeDispatch (http://localhost:5176/node_modules/.vite/deps/chunk-KVMAXHTM.js?v=c435cca1:7046:11)
    at processDispatchQueueItemsInOrder (http://localhost:5176/node_modules/.vite/deps/chunk-KVMAXHTM.js?v=c435cca1:7066:15)
    at processDispatchQueue (http://localhost:5176/node_modules/.vite/deps/chunk-KVMAXHTM.js?v=c435cca1:7075:13)
    at dispatchEventsForPlugins (http://localhost:5176/node_modules/.vite/deps/chunk-KVMAXHTM.js?v=c435cca1:7083:11)
[  489385ms] ReferenceError: setEditingId is not defined
    at http://localhost:5176/src/components/FreestyleBoard.jsx?t=1789621026170:637:5
    at http://localhost:5176/src/components/FreestyleBoard.jsx?t=1789621026170:847:9
    at HTMLUnknownElement.callCallback2 (http://localhost:5176/node_modules/.vite/deps/chunk-KVMAXHTM.js?v=c435cca1:3680:22)
    at Object.invokeGuardedCallbackDev (http://localhost:5176/node_modules/.vite/deps/chunk-KVMAXHTM.js?v=c435cca1:3705:24)
    at invokeGuardedCallback (http://localhost:5176/node_modules/.vite/deps/chunk-KVMAXHTM.js?v=c435cca1:3739:39)
    at invokeGuardedCallbackAndCatchFirstError (http://localhost:5176/node_modules/.vite/deps/chunk-KVMAXHTM.js?v=c435cca1:3742:33)
    at executeDispatch (http://localhost:5176/node_modules/.vite/deps/chunk-KVMAXHTM.js?v=c435cca1:7046:11)
    at processDispatchQueueItemsInOrder (http://localhost:5176/node_modules/.vite/deps/chunk-KVMAXHTM.js?v=c435cca1:7066:15)
    at processDispatchQueue (http://localhost:5176/node_modules/.vite/deps/chunk-KVMAXHTM.js?v=c435cca1:7075:13)
    at dispatchEventsForPlugins (http://localhost:5176/node_modules/.vite/deps/chunk-KVMAXHTM.js?v=c435cca1:7083:11)
[  489391ms] ReferenceError: setEditingId is not defined
    at http://localhost:5176/src/components/FreestyleBoard.jsx?t=1789621026170:637:5
    at http://localhost:5176/src/components/FreestyleBoard.jsx?t=1789621026170:847:9
    at HTMLUnknownElement.callCallback2 (http://localhost:5176/node_modules/.vite/deps/chunk-KVMAXHTM.js?v=c435cca1:3680:22)
    at Object.invokeGuardedCallbackDev (http://localhost:5176/node_modules/.vite/deps/chunk-KVMAXHTM.js?v=c435cca1:3705:24)
    at invokeGuardedCallback (http://localhost:5176/node_modules/.vite/deps/chunk-KVMAXHTM.js?v=c435cca1:3739:39)
    at invokeGuardedCallbackAndCatchFirstError (http://localhost:5176/node_modules/.vite/deps/chunk-KVMAXHTM.js?v=c435cca1:3742:33)
    at executeDispatch (http://localhost:5176/node_modules/.vite/deps/chunk-KVMAXHTM.js?v=c435cca1:7046:11)
    at processDispatchQueueItemsInOrder (http://localhost:5176/node_modules/.vite/deps/chunk-KVMAXHTM.js?v=c435cca1:7066:15)
    at processDispatchQueue (http://localhost:5176/node_modules/.vite/deps/chunk-KVMAXHTM.js?v=c435cca1:7075:13)
    at dispatchEventsForPlugins (http://localhost:5176/node_modules/.vite/deps/chunk-KVMAXHTM.js?v=c435cca1:7083:11)
[  489393ms] ReferenceError: setEditingId is not defined
    at http://localhost:5176/src/components/FreestyleBoard.jsx?t=1789621026170:637:5
    at http://localhost:5176/src/components/FreestyleBoard.jsx?t=1789621026170:847:9
    at HTMLUnknownElement.callCallback2 (http://localhost:5176/node_modules/.vite/deps/chunk-KVMAXHTM.js?v=c435cca1:3680:22)
    at Object.invokeGuardedCallbackDev (http://localhost:5176/node_modules/.vite/deps/chunk-KVMAXHTM.js?v=c435cca1:3705:24)
    at invokeGuardedCallback (http://localhost:5176/node_modules/.vite/deps/chunk-KVMAXHTM.js?v=c435cca1:3739:39)
    at invokeGuardedCallbackAndCatchFirstError (http://localhost:5176/node_modules/.vite/deps/chunk-KVMAXHTM.js?v=c435cca1:3742:33)
    at executeDispatch (http://localhost:5176/node_modules/.vite/deps/chunk-KVMAXHTM.js?v=c435cca1:7046:11)
    at processDispatchQueueItemsInOrder (http://localhost:5176/node_modules/.vite/deps/chunk-KVMAXHTM.js?v=c435cca1:7066:15)
    at processDispatchQueue (http://localhost:5176/node_modules/.vite/deps/chunk-KVMAXHTM.js?v=c435cca1:7075:13)
    at dispatchEventsForPlugins (http://localhost:5176/node_modules/.vite/deps/chunk-KVMAXHTM.js?v=c435cca1:7083:11)
[  489399ms] ReferenceError: setEditingId is not defined
    at http://localhost:5176/src/components/FreestyleBoard.jsx?t=1789621026170:637:5
    at http://localhost:5176/src/components/FreestyleBoard.jsx?t=1789621026170:847:9
    at HTMLUnknownElement.callCallback2 (http://localhost:5176/node_modules/.vite/deps/chunk-KVMAXHTM.js?v=c435cca1:3680:22)
    at Object.invokeGuardedCallbackDev (http://localhost:5176/node_modules/.vite/deps/chunk-KVMAXHTM.js?v=c435cca1:3705:24)
    at invokeGuardedCallback (http://localhost:5176/node_modules/.vite/deps/chunk-KVMAXHTM.js?v=c435cca1:3739:39)
    at invokeGuardedCallbackAndCatchFirstError (http://localhost:5176/node_modules/.vite/deps/chunk-KVMAXHTM.js?v=c435cca1:3742:33)
    at executeDispatch (http://localhost:5176/node_modules/.vite/deps/chunk-KVMAXHTM.js?v=c435cca1:7046:11)
    at processDispatchQueueItemsInOrder (http://localhost:5176/node_modules/.vite/deps/chunk-KVMAXHTM.js?v=c435cca1:7066:15)
    at processDispatchQueue (http://localhost:5176/node_modules/.vite/deps/chunk-KVMAXHTM.js?v=c435cca1:7075:13)
    at dispatchEventsForPlugins (http://localhost:5176/node_modules/.vite/deps/chunk-KVMAXHTM.js?v=c435cca1:7083:11)
[  489400ms] ReferenceError: setEditingId is not defined
    at http://localhost:5176/src/components/FreestyleBoard.jsx?t=1789621026170:637:5
    at http://localhost:5176/src/components/FreestyleBoard.jsx?t=1789621026170:847:9
    at HTMLUnknownElement.callCallback2 (http://localhost:5176/node_modules/.vite/deps/chunk-KVMAXHTM.js?v=c435cca1:3680:22)
    at Object.invokeGuardedCallbackDev (http://localhost:5176/node_modules/.vite/deps/chunk-KVMAXHTM.js?v=c435cca1:3705:24)
    at invokeGuardedCallback (http://localhost:5176/node_modules/.vite/deps/chunk-KVMAXHTM.js?v=c435cca1:3739:39)
    at invokeGuardedCallbackAndCatchFirstError (http://localhost:5176/node_modules/.vite/deps/chunk-KVMAXHTM.js?v=c435cca1:3742:33)
    at executeDispatch (http://localhost:5176/node_modules/.vite/deps/chunk-KVMAXHTM.js?v=c435cca1:7046:11)
    at processDispatchQueueItemsInOrder (http://localhost:5176/node_modules/.vite/deps/chunk-KVMAXHTM.js?v=c435cca1:7066:15)
    at processDispatchQueue (http://localhost:5176/node_modules/.vite/deps/chunk-KVMAXHTM.js?v=c435cca1:7075:13)
    at dispatchEventsForPlugins (http://localhost:5176/node_modules/.vite/deps/chunk-KVMAXHTM.js?v=c435cca1:7083:11)
[  489409ms] ReferenceError: setEditingId is not defined
    at http://localhost:5176/src/components/FreestyleBoard.jsx?t=1789621026170:637:5
    at http://localhost:5176/src/components/FreestyleBoard.jsx?t=1789621026170:847:9
    at HTMLUnknownElement.callCallback2 (http://localhost:5176/node_modules/.vite/deps/chunk-KVMAXHTM.js?v=c435cca1:3680:22)
    at Object.invokeGuardedCallbackDev (http://localhost:5176/node_modules/.vite/deps/chunk-KVMAXHTM.js?v=c435cca1:3705:24)
    at invokeGuardedCallback (http://localhost:5176/node_modules/.vite/deps/chunk-KVMAXHTM.js?v=c435cca1:3739:39)
    at invokeGuardedCallbackAndCatchFirstError (http://localhost:5176/node_modules/.vite/deps/chunk-KVMAXHTM.js?v=c435cca1:3742:33)
    at executeDispatch (http://localhost:5176/node_modules/.vite/deps/chunk-KVMAXHTM.js?v=c435cca1:7046:11)
    at processDispatchQueueItemsInOrder (http://localhost:5176/node_modules/.vite/deps/chunk-KVMAXHTM.js?v=c435cca1:7066:15)
    at processDispatchQueue (http://localhost:5176/node_modules/.vite/deps/chunk-KVMAXHTM.js?v=c435cca1:7075:13)
    at dispatchEventsForPlugins (http://localhost:5176/node_modules/.vite/deps/chunk-KVMAXHTM.js?v=c435cca1:7083:11)
[  489409ms] ReferenceError: setEditingId is not defined
    at http://localhost:5176/src/components/FreestyleBoard.jsx?t=1789621026170:637:5
    at http://localhost:5176/src/components/FreestyleBoard.jsx?t=1789621026170:847:9
    at HTMLUnknownElement.callCallback2 (http://localhost:5176/node_modules/.vite/deps/chunk-KVMAXHTM.js?v=c435cca1:3680:22)
    at Object.invokeGuardedCallbackDev (http://localhost:5176/node_modules/.vite/deps/chunk-KVMAXHTM.js?v=c435cca1:3705:24)
    at invokeGuardedCallback (http://localhost:5176/node_modules/.vite/deps/chunk-KVMAXHTM.js?v=c435cca1:3739:39)
    at invokeGuardedCallbackAndCatchFirstError (http://localhost:5176/node_modules/.vite/deps/chunk-KVMAXHTM.js?v=c435cca1:3742:33)
    at executeDispatch (http://localhost:5176/node_modules/.vite/deps/chunk-KVMAXHTM.js?v=c435cca1:7046:11)
    at processDispatchQueueItemsInOrder (http://localhost:5176/node_modules/.vite/deps/chunk-KVMAXHTM.js?v=c435cca1:7066:15)
    at processDispatchQueue (http://localhost:5176/node_modules/.vite/deps/chunk-KVMAXHTM.js?v=c435cca1:7075:13)
    at dispatchEventsForPlugins (http://localhost:5176/node_modules/.vite/deps/chunk-KVMAXHTM.js?v=c435cca1:7083:11)
[  489417ms] ReferenceError: setEditingId is not defined
    at http://localhost:5176/src/components/FreestyleBoard.jsx?t=1789621026170:637:5
    at http://localhost:5176/src/components/FreestyleBoard.jsx?t=1789621026170:847:9
    at HTMLUnknownElement.callCallback2 (http://localhost:5176/node_modules/.vite/deps/chunk-KVMAXHTM.js?v=c435cca1:3680:22)
    at Object.invokeGuardedCallbackDev (http://localhost:5176/node_modules/.vite/deps/chunk-KVMAXHTM.js?v=c435cca1:3705:24)
    at invokeGuardedCallback (http://localhost:5176/node_modules/.vite/deps/chunk-KVMAXHTM.js?v=c435cca1:3739:39)
    at invokeGuardedCallbackAndCatchFirstError (http://localhost:5176/node_modules/.vite/deps/chunk-KVMAXHTM.js?v=c435cca1:3742:33)
    at executeDispatch (http://localhost:5176/node_modules/.vite/deps/chunk-KVMAXHTM.js?v=c435cca1:7046:11)
    at processDispatchQueueItemsInOrder (http://localhost:5176/node_modules/.vite/deps/chunk-KVMAXHTM.js?v=c435cca1:7066:15)
    at processDispatchQueue (http://localhost:5176/node_modules/.vite/deps/chunk-KVMAXHTM.js?v=c435cca1:7075:13)
    at dispatchEventsForPlugins (http://localhost:5176/node_modules/.vite/deps/chunk-KVMAXHTM.js?v=c435cca1:7083:11)
[  489418ms] ReferenceError: setEditingId is not defined
    at http://localhost:5176/src/components/FreestyleBoard.jsx?t=1789621026170:637:5
    at http://localhost:5176/src/components/FreestyleBoard.jsx?t=1789621026170:847:9
    at HTMLUnknownElement.callCallback2 (http://localhost:5176/node_modules/.vite/deps/chunk-KVMAXHTM.js?v=c435cca1:3680:22)
    at Object.invokeGuardedCallbackDev (http://localhost:5176/node_modules/.vite/deps/chunk-KVMAXHTM.js?v=c435cca1:3705:24)
    at invokeGuardedCallback (http://localhost:5176/node_modules/.vite/deps/chunk-KVMAXHTM.js?v=c435cca1:3739:39)
    at invokeGuardedCallbackAndCatchFirstError (http://localhost:5176/node_modules/.vite/deps/chunk-KVMAXHTM.js?v=c435cca1:3742:33)
    at executeDispatch (http://localhost:5176/node_modules/.vite/deps/chunk-KVMAXHTM.js?v=c435cca1:7046:11)
    at processDispatchQueueItemsInOrder (http://localhost:5176/node_modules/.vite/deps/chunk-KVMAXHTM.js?v=c435cca1:7066:15)
    at processDispatchQueue (http://localhost:5176/node_modules/.vite/deps/chunk-KVMAXHTM.js?v=c435cca1:7075:13)
    at dispatchEventsForPlugins (http://localhost:5176/node_modules/.vite/deps/chunk-KVMAXHTM.js?v=c435cca1:7083:11)
[  489424ms] ReferenceError: setEditingId is not defined
    at http://localhost:5176/src/components/FreestyleBoard.jsx?t=1789621026170:637:5
    at http://localhost:5176/src/components/FreestyleBoard.jsx?t=1789621026170:847:9
    at HTMLUnknownElement.callCallback2 (http://localhost:5176/node_modules/.vite/deps/chunk-KVMAXHTM.js?v=c435cca1:3680:22)
    at Object.invokeGuardedCallbackDev (http://localhost:5176/node_modules/.vite/deps/chunk-KVMAXHTM.js?v=c435cca1:3705:24)
    at invokeGuardedCallback (http://localhost:5176/node_modules/.vite/deps/chunk-KVMAXHTM.js?v=c435cca1:3739:39)
    at invokeGuardedCallbackAndCatchFirstError (http://localhost:5176/node_modules/.vite/deps/chunk-KVMAXHTM.js?v=c435cca1:3742:33)
    at executeDispatch (http://localhost:5176/node_modules/.vite/deps/chunk-KVMAXHTM.js?v=c435cca1:7046:11)
    at processDispatchQueueItemsInOrder (http://localhost:5176/node_modules/.vite/deps/chunk-KVMAXHTM.js?v=c435cca1:7066:15)
    at processDispatchQueue (http://localhost:5176/node_modules/.vite/deps/chunk-KVMAXHTM.js?v=c435cca1:7075:13)
    at dispatchEventsForPlugins (http://localhost:5176/node_modules/.vite/deps/chunk-KVMAXHTM.js?v=c435cca1:7083:11)
[  489424ms] ReferenceError: setEditingId is not defined
    at http://localhost:5176/src/components/FreestyleBoard.jsx?t=1789621026170:637:5
    at http://localhost:5176/src/components/FreestyleBoard.jsx?t=1789621026170:847:9
    at HTMLUnknownElement.callCallback2 (http://localhost:5176/node_modules/.vite/deps/chunk-KVMAXHTM.js?v=c435cca1:3680:22)
    at Object.invokeGuardedCallbackDev (http://localhost:5176/node_modules/.vite/deps/chunk-KVMAXHTM.js?v=c435cca1:3705:24)
    at invokeGuardedCallback (http://localhost:5176/node_modules/.vite/deps/chunk-KVMAXHTM.js?v=c435cca1:3739:39)
    at invokeGuardedCallbackAndCatchFirstError (http://localhost:5176/node_modules/.vite/deps/chunk-KVMAXHTM.js?v=c435cca1:3742:33)
    at executeDispatch (http://localhost:5176/node_modules/.vite/deps/chunk-KVMAXHTM.js?v=c435cca1:7046:11)
    at processDispatchQueueItemsInOrder (http://localhost:5176/node_modules/.vite/deps/chunk-KVMAXHTM.js?v=c435cca1:7066:15)
    at processDispatchQueue (http://localhost:5176/node_modules/.vite/deps/chunk-KVMAXHTM.js?v=c435cca1:7075:13)
    at dispatchEventsForPlugins (http://localhost:5176/node_modules/.vite/deps/chunk-KVMAXHTM.js?v=c435cca1:7083:11)
[  489439ms] ReferenceError: setEditingId is not defined
    at http://localhost:5176/src/components/FreestyleBoard.jsx?t=1789621026170:637:5
    at http://localhost:5176/src/components/FreestyleBoard.jsx?t=1789621026170:847:9
    at HTMLUnknownElement.callCallback2 (http://localhost:5176/node_modules/.vite/deps/chunk-KVMAXHTM.js?v=c435cca1:3680:22)
    at Object.invokeGuardedCallbackDev (http://localhost:5176/node_modules/.vite/deps/chunk-KVMAXHTM.js?v=c435cca1:3705:24)
    at invokeGuardedCallback (http://localhost:5176/node_modules/.vite/deps/chunk-KVMAXHTM.js?v=c435cca1:3739:39)
    at invokeGuardedCallbackAndCatchFirstError (http://localhost:5176/node_modules/.vite/deps/chunk-KVMAXHTM.js?v=c435cca1:3742:33)
    at executeDispatch (http://localhost:5176/node_modules/.vite/deps/chunk-KVMAXHTM.js?v=c435cca1:7046:11)
    at processDispatchQueueItemsInOrder (http://localhost:5176/node_modules/.vite/deps/chunk-KVMAXHTM.js?v=c435cca1:7066:15)
    at processDispatchQueue (http://localhost:5176/node_modules/.vite/deps/chunk-KVMAXHTM.js?v=c435cca1:7075:13)
    at dispatchEventsForPlugins (http://localhost:5176/node_modules/.vite/deps/chunk-KVMAXHTM.js?v=c435cca1:7083:11)
[  489441ms] ReferenceError: setEditingId is not defined
    at http://localhost:5176/src/components/FreestyleBoard.jsx?t=1789621026170:637:5
    at http://localhost:5176/src/components/FreestyleBoard.jsx?t=1789621026170:847:9
    at HTMLUnknownElement.callCallback2 (http://localhost:5176/node_modules/.vite/deps/chunk-KVMAXHTM.js?v=c435cca1:3680:22)
    at Object.invokeGuardedCallbackDev (http://localhost:5176/node_modules/.vite/deps/chunk-KVMAXHTM.js?v=c435cca1:3705:24)
    at invokeGuardedCallback (http://localhost:5176/node_modules/.vite/deps/chunk-KVMAXHTM.js?v=c435cca1:3739:39)
    at invokeGuardedCallbackAndCatchFirstError (http://localhost:5176/node_modules/.vite/deps/chunk-KVMAXHTM.js?v=c435cca1:3742:33)
    at executeDispatch (http://localhost:5176/node_modules/.vite/deps/chunk-KVMAXHTM.js?v=c435cca1:7046:11)
    at processDispatchQueueItemsInOrder (http://localhost:5176/node_modules/.vite/deps/chunk-KVMAXHTM.js?v=c435cca1:7066:15)
    at processDispatchQueue (http://localhost:5176/node_modules/.vite/deps/chunk-KVMAXHTM.js?v=c435cca1:7075:13)
    at dispatchEventsForPlugins (http://localhost:5176/node_modules/.vite/deps/chunk-KVMAXHTM.js?v=c435cca1:7083:11)
[  489443ms] ReferenceError: setEditingId is not defined
    at http://localhost:5176/src/components/FreestyleBoard.jsx?t=1789621026170:637:5
    at http://localhost:5176/src/components/FreestyleBoard.jsx?t=1789621026170:847:9
    at HTMLUnknownElement.callCallback2 (http://localhost:5176/node_modules/.vite/deps/chunk-KVMAXHTM.js?v=c435cca1:3680:22)
    at Object.invokeGuardedCallbackDev (http://localhost:5176/node_modules/.vite/deps/chunk-KVMAXHTM.js?v=c435cca1:3705:24)
    at invokeGuardedCallback (http://localhost:5176/node_modules/.vite/deps/chunk-KVMAXHTM.js?v=c435cca1:3739:39)
    at invokeGuardedCallbackAndCatchFirstError (http://localhost:5176/node_modules/.vite/deps/chunk-KVMAXHTM.js?v=c435cca1:3742:33)
    at executeDispatch (http://localhost:5176/node_modules/.vite/deps/chunk-KVMAXHTM.js?v=c435cca1:7046:11)
    at processDispatchQueueItemsInOrder (http://localhost:5176/node_modules/.vite/deps/chunk-KVMAXHTM.js?v=c435cca1:7066:15)
    at processDispatchQueue (http://localhost:5176/node_modules/.vite/deps/chunk-KVMAXHTM.js?v=c435cca1:7075:13)
    at dispatchEventsForPlugins (http://localhost:5176/node_modules/.vite/deps/chunk-KVMAXHTM.js?v=c435cca1:7083:11)
[  489444ms] ReferenceError: setEditingId is not defined
    at http://localhost:5176/src/components/FreestyleBoard.jsx?t=1789621026170:637:5
    at http://localhost:5176/src/components/FreestyleBoard.jsx?t=1789621026170:847:9
    at HTMLUnknownElement.callCallback2 (http://localhost:5176/node_modules/.vite/deps/chunk-KVMAXHTM.js?v=c435cca1:3680:22)
    at Object.invokeGuardedCallbackDev (http://localhost:5176/node_modules/.vite/deps/chunk-KVMAXHTM.js?v=c435cca1:3705:24)
    at invokeGuardedCallback (http://localhost:5176/node_modules/.vite/deps/chunk-KVMAXHTM.js?v=c435cca1:3739:39)
    at invokeGuardedCallbackAndCatchFirstError (http://localhost:5176/node_modules/.vite/deps/chunk-KVMAXHTM.js?v=c435cca1:3742:33)
    at executeDispatch (http://localhost:5176/node_modules/.vite/deps/chunk-KVMAXHTM.js?v=c435cca1:7046:11)
    at processDispatchQueueItemsInOrder (http://localhost:5176/node_modules/.vite/deps/chunk-KVMAXHTM.js?v=c435cca1:7066:15)
    at processDispatchQueue (http://localhost:5176/node_modules/.vite/deps/chunk-KVMAXHTM.js?v=c435cca1:7075:13)
    at dispatchEventsForPlugins (http://localhost:5176/node_modules/.vite/deps/chunk-KVMAXHTM.js?v=c435cca1:7083:11)
[  489450ms] ReferenceError: setEditingId is not defined
    at http://localhost:5176/src/components/FreestyleBoard.jsx?t=1789621026170:637:5
    at http://localhost:5176/src/components/FreestyleBoard.jsx?t=1789621026170:847:9
    at HTMLUnknownElement.callCallback2 (http://localhost:5176/node_modules/.vite/deps/chunk-KVMAXHTM.js?v=c435cca1:3680:22)
    at Object.invokeGuardedCallbackDev (http://localhost:5176/node_modules/.vite/deps/chunk-KVMAXHTM.js?v=c435cca1:3705:24)
    at invokeGuardedCallback (http://localhost:5176/node_modules/.vite/deps/chunk-KVMAXHTM.js?v=c435cca1:3739:39)
    at invokeGuardedCallbackAndCatchFirstError (http://localhost:5176/node_modules/.vite/deps/chunk-KVMAXHTM.js?v=c435cca1:3742:33)
    at executeDispatch (http://localhost:5176/node_modules/.vite/deps/chunk-KVMAXHTM.js?v=c435cca1:7046:11)
    at processDispatchQueueItemsInOrder (http://localhost:5176/node_modules/.vite/deps/chunk-KVMAXHTM.js?v=c435cca1:7066:15)
    at processDispatchQueue (http://localhost:5176/node_modules/.vite/deps/chunk-KVMAXHTM.js?v=c435cca1:7075:13)
    at dispatchEventsForPlugins (http://localhost:5176/node_modules/.vite/deps/chunk-KVMAXHTM.js?v=c435cca1:7083:11)
[  489451ms] ReferenceError: setEditingId is not defined
    at http://localhost:5176/src/components/FreestyleBoard.jsx?t=1789621026170:637:5
    at http://localhost:5176/src/components/FreestyleBoard.jsx?t=1789621026170:847:9
    at HTMLUnknownElement.callCallback2 (http://localhost:5176/node_modules/.vite/deps/chunk-KVMAXHTM.js?v=c435cca1:3680:22)
    at Object.invokeGuardedCallbackDev (http://localhost:5176/node_modules/.vite/deps/chunk-KVMAXHTM.js?v=c435cca1:3705:24)
    at invokeGuardedCallback (http://localhost:5176/node_modules/.vite/deps/chunk-KVMAXHTM.js?v=c435cca1:3739:39)
    at invokeGuardedCallbackAndCatchFirstError (http://localhost:5176/node_modules/.vite/deps/chunk-KVMAXHTM.js?v=c435cca1:3742:33)
    at executeDispatch (http://localhost:5176/node_modules/.vite/deps/chunk-KVMAXHTM.js?v=c435cca1:7046:11)
    at processDispatchQueueItemsInOrder (http://localhost:5176/node_modules/.vite/deps/chunk-KVMAXHTM.js?v=c435cca1:7066:15)
    at processDispatchQueue (http://localhost:5176/node_modules/.vite/deps/chunk-KVMAXHTM.js?v=c435cca1:7075:13)
    at dispatchEventsForPlugins (http://localhost:5176/node_modules/.vite/deps/chunk-KVMAXHTM.js?v=c435cca1:7083:11)
[  489462ms] ReferenceError: setEditingId is not defined
    at http://localhost:5176/src/components/FreestyleBoard.jsx?t=1789621026170:637:5
    at http://localhost:5176/src/components/FreestyleBoard.jsx?t=1789621026170:847:9
    at HTMLUnknownElement.callCallback2 (http://localhost:5176/node_modules/.vite/deps/chunk-KVMAXHTM.js?v=c435cca1:3680:22)
    at Object.invokeGuardedCallbackDev (http://localhost:5176/node_modules/.vite/deps/chunk-KVMAXHTM.js?v=c435cca1:3705:24)
    at invokeGuardedCallback (http://localhost:5176/node_modules/.vite/deps/chunk-KVMAXHTM.js?v=c435cca1:3739:39)
    at invokeGuardedCallbackAndCatchFirstError (http://localhost:5176/node_modules/.vite/deps/chunk-KVMAXHTM.js?v=c435cca1:3742:33)
    at executeDispatch (http://localhost:5176/node_modules/.vite/deps/chunk-KVMAXHTM.js?v=c435cca1:7046:11)
    at processDispatchQueueItemsInOrder (http://localhost:5176/node_modules/.vite/deps/chunk-KVMAXHTM.js?v=c435cca1:7066:15)
    at processDispatchQueue (http://localhost:5176/node_modules/.vite/deps/chunk-KVMAXHTM.js?v=c435cca1:7075:13)
    at dispatchEventsForPlugins (http://localhost:5176/node_modules/.vite/deps/chunk-KVMAXHTM.js?v=c435cca1:7083:11)
[  489463ms] ReferenceError: setEditingId is not defined
    at http://localhost:5176/src/components/FreestyleBoard.jsx?t=1789621026170:637:5
    at http://localhost:5176/src/components/FreestyleBoard.jsx?t=1789621026170:847:9
    at HTMLUnknownElement.callCallback2 (http://localhost:5176/node_modules/.vite/deps/chunk-KVMAXHTM.js?v=c435cca1:3680:22)
    at Object.invokeGuardedCallbackDev (http://localhost:5176/node_modules/.vite/deps/chunk-KVMAXHTM.js?v=c435cca1:3705:24)
    at invokeGuardedCallback (http://localhost:5176/node_modules/.vite/deps/chunk-KVMAXHTM.js?v=c435cca1:3739:39)
    at invokeGuardedCallbackAndCatchFirstError (http://localhost:5176/node_modules/.vite/deps/chunk-KVMAXHTM.js?v=c435cca1:3742:33)
    at executeDispatch (http://localhost:5176/node_modules/.vite/deps/chunk-KVMAXHTM.js?v=c435cca1:7046:11)
    at processDispatchQueueItemsInOrder (http://localhost:5176/node_modules/.vite/deps/chunk-KVMAXHTM.js?v=c435cca1:7066:15)
    at processDispatchQueue (http://localhost:5176/node_modules/.vite/deps/chunk-KVMAXHTM.js?v=c435cca1:7075:13)
    at dispatchEventsForPlugins (http://localhost:5176/node_modules/.vite/deps/chunk-KVMAXHTM.js?v=c435cca1:7083:11)
[  489470ms] ReferenceError: setEditingId is not defined
    at http://localhost:5176/src/components/FreestyleBoard.jsx?t=1789621026170:637:5
    at http://localhost:5176/src/components/FreestyleBoard.jsx?t=1789621026170:847:9
    at HTMLUnknownElement.callCallback2 (http://localhost:5176/node_modules/.vite/deps/chunk-KVMAXHTM.js?v=c435cca1:3680:22)
    at Object.invokeGuardedCallbackDev (http://localhost:5176/node_modules/.vite/deps/chunk-KVMAXHTM.js?v=c435cca1:3705:24)
    at invokeGuardedCallback (http://localhost:5176/node_modules/.vite/deps/chunk-KVMAXHTM.js?v=c435cca1:3739:39)
    at invokeGuardedCallbackAndCatchFirstError (http://localhost:5176/node_modules/.vite/deps/chunk-KVMAXHTM.js?v=c435cca1:3742:33)
    at executeDispatch (http://localhost:5176/node_modules/.vite/deps/chunk-KVMAXHTM.js?v=c435cca1:7046:11)
    at processDispatchQueueItemsInOrder (http://localhost:5176/node_modules/.vite/deps/chunk-KVMAXHTM.js?v=c435cca1:7066:15)
    at processDispatchQueue (http://localhost:5176/node_modules/.vite/deps/chunk-KVMAXHTM.js?v=c435cca1:7075:13)
    at dispatchEventsForPlugins (http://localhost:5176/node_modules/.vite/deps/chunk-KVMAXHTM.js?v=c435cca1:7083:11)
[  489471ms] ReferenceError: setEditingId is not defined
    at http://localhost:5176/src/components/FreestyleBoard.jsx?t=1789621026170:637:5
    at http://localhost:5176/src/components/FreestyleBoard.jsx?t=1789621026170:847:9
    at HTMLUnknownElement.callCallback2 (http://localhost:5176/node_modules/.vite/deps/chunk-KVMAXHTM.js?v=c435cca1:3680:22)
    at Object.invokeGuardedCallbackDev (http://localhost:5176/node_modules/.vite/deps/chunk-KVMAXHTM.js?v=c435cca1:3705:24)
    at invokeGuardedCallback (http://localhost:5176/node_modules/.vite/deps/chunk-KVMAXHTM.js?v=c435cca1:3739:39)
    at invokeGuardedCallbackAndCatchFirstError (http://localhost:5176/node_modules/.vite/deps/chunk-KVMAXHTM.js?v=c435cca1:3742:33)
    at executeDispatch (http://localhost:5176/node_modules/.vite/deps/chunk-KVMAXHTM.js?v=c435cca1:7046:11)
    at processDispatchQueueItemsInOrder (http://localhost:5176/node_modules/.vite/deps/chunk-KVMAXHTM.js?v=c435cca1:7066:15)
    at processDispatchQueue (http://localhost:5176/node_modules/.vite/deps/chunk-KVMAXHTM.js?v=c435cca1:7075:13)
    at dispatchEventsForPlugins (http://localhost:5176/node_modules/.vite/deps/chunk-KVMAXHTM.js?v=c435cca1:7083:11)
[  489478ms] ReferenceError: setEditingId is not defined
    at http://localhost:5176/src/components/FreestyleBoard.jsx?t=1789621026170:637:5
    at http://localhost:5176/src/components/FreestyleBoard.jsx?t=1789621026170:847:9
    at HTMLUnknownElement.callCallback2 (http://localhost:5176/node_modules/.vite/deps/chunk-KVMAXHTM.js?v=c435cca1:3680:22)
    at Object.invokeGuardedCallbackDev (http://localhost:5176/node_modules/.vite/deps/chunk-KVMAXHTM.js?v=c435cca1:3705:24)
    at invokeGuardedCallback (http://localhost:5176/node_modules/.vite/deps/chunk-KVMAXHTM.js?v=c435cca1:3739:39)
    at invokeGuardedCallbackAndCatchFirstError (http://localhost:5176/node_modules/.vite/deps/chunk-KVMAXHTM.js?v=c435cca1:3742:33)
    at executeDispatch (http://localhost:5176/node_modules/.vite/deps/chunk-KVMAXHTM.js?v=c435cca1:7046:11)
    at processDispatchQueueItemsInOrder (http://localhost:5176/node_modules/.vite/deps/chunk-KVMAXHTM.js?v=c435cca1:7066:15)
    at processDispatchQueue (http://localhost:5176/node_modules/.vite/deps/chunk-KVMAXHTM.js?v=c435cca1:7075:13)
    at dispatchEventsForPlugins (http://localhost:5176/node_modules/.vite/deps/chunk-KVMAXHTM.js?v=c435cca1:7083:11)
[  489479ms] ReferenceError: setEditingId is not defined
    at http://localhost:5176/src/components/FreestyleBoard.jsx?t=1789621026170:637:5
    at http://localhost:5176/src/components/FreestyleBoard.jsx?t=1789621026170:847:9
    at HTMLUnknownElement.callCallback2 (http://localhost:5176/node_modules/.vite/deps/chunk-KVMAXHTM.js?v=c435cca1:3680:22)
    at Object.invokeGuardedCallbackDev (http://localhost:5176/node_modules/.vite/deps/chunk-KVMAXHTM.js?v=c435cca1:3705:24)
    at invokeGuardedCallback (http://localhost:5176/node_modules/.vite/deps/chunk-KVMAXHTM.js?v=c435cca1:3739:39)
    at invokeGuardedCallbackAndCatchFirstError (http://localhost:5176/node_modules/.vite/deps/chunk-KVMAXHTM.js?v=c435cca1:3742:33)
    at executeDispatch (http://localhost:5176/node_modules/.vite/deps/chunk-KVMAXHTM.js?v=c435cca1:7046:11)
    at processDispatchQueueItemsInOrder (http://localhost:5176/node_modules/.vite/deps/chunk-KVMAXHTM.js?v=c435cca1:7066:15)
    at processDispatchQueue (http://localhost:5176/node_modules/.vite/deps/chunk-KVMAXHTM.js?v=c435cca1:7075:13)
    at dispatchEventsForPlugins (http://localhost:5176/node_modules/.vite/deps/chunk-KVMAXHTM.js?v=c435cca1:7083:11)
[  489484ms] ReferenceError: setEditingId is not defined
    at http://localhost:5176/src/components/FreestyleBoard.jsx?t=1789621026170:637:5
    at http://localhost:5176/src/components/FreestyleBoard.jsx?t=1789621026170:847:9
    at HTMLUnknownElement.callCallback2 (http://localhost:5176/node_modules/.vite/deps/chunk-KVMAXHTM.js?v=c435cca1:3680:22)
    at Object.invokeGuardedCallbackDev (http://localhost:5176/node_modules/.vite/deps/chunk-KVMAXHTM.js?v=c435cca1:3705:24)
    at invokeGuardedCallback (http://localhost:5176/node_modules/.vite/deps/chunk-KVMAXHTM.js?v=c435cca1:3739:39)
    at invokeGuardedCallbackAndCatchFirstError (http://localhost:5176/node_modules/.vite/deps/chunk-KVMAXHTM.js?v=c435cca1:3742:33)
    at executeDispatch (http://localhost:5176/node_modules/.vite/deps/chunk-KVMAXHTM.js?v=c435cca1:7046:11)
    at processDispatchQueueItemsInOrder (http://localhost:5176/node_modules/.vite/deps/chunk-KVMAXHTM.js?v=c435cca1:7066:15)
    at processDispatchQueue (http://localhost:5176/node_modules/.vite/deps/chunk-KVMAXHTM.js?v=c435cca1:7075:13)
    at dispatchEventsForPlugins (http://localhost:5176/node_modules/.vite/deps/chunk-KVMAXHTM.js?v=c435cca1:7083:11)
[  489484ms] ReferenceError: setEditingId is not defined
    at http://localhost:5176/src/components/FreestyleBoard.jsx?t=1789621026170:637:5
    at http://localhost:5176/src/components/FreestyleBoard.jsx?t=1789621026170:847:9
    at HTMLUnknownElement.callCallback2 (http://localhost:5176/node_modules/.vite/deps/chunk-KVMAXHTM.js?v=c435cca1:3680:22)
    at Object.invokeGuardedCallbackDev (http://localhost:5176/node_modules/.vite/deps/chunk-KVMAXHTM.js?v=c435cca1:3705:24)
    at invokeGuardedCallback (http://localhost:5176/node_modules/.vite/deps/chunk-KVMAXHTM.js?v=c435cca1:3739:39)
    at invokeGuardedCallbackAndCatchFirstError (http://localhost:5176/node_modules/.vite/deps/chunk-KVMAXHTM.js?v=c435cca1:3742:33)
    at executeDispatch (http://localhost:5176/node_modules/.vite/deps/chunk-KVMAXHTM.js?v=c435cca1:7046:11)
    at processDispatchQueueItemsInOrder (http://localhost:5176/node_modules/.vite/deps/chunk-KVMAXHTM.js?v=c435cca1:7066:15)
    at processDispatchQueue (http://localhost:5176/node_modules/.vite/deps/chunk-KVMAXHTM.js?v=c435cca1:7075:13)
    at dispatchEventsForPlugins (http://localhost:5176/node_modules/.vite/deps/chunk-KVMAXHTM.js?v=c435cca1:7083:11)
[  489493ms] ReferenceError: setEditingId is not defined
    at http://localhost:5176/src/components/FreestyleBoard.jsx?t=1789621026170:637:5
    at http://localhost:5176/src/components/FreestyleBoard.jsx?t=1789621026170:847:9
    at HTMLUnknownElement.callCallback2 (http://localhost:5176/node_modules/.vite/deps/chunk-KVMAXHTM.js?v=c435cca1:3680:22)
    at Object.invokeGuardedCallbackDev (http://localhost:5176/node_modules/.vite/deps/chunk-KVMAXHTM.js?v=c435cca1:3705:24)
    at invokeGuardedCallback (http://localhost:5176/node_modules/.vite/deps/chunk-KVMAXHTM.js?v=c435cca1:3739:39)
    at invokeGuardedCallbackAndCatchFirstError (http://localhost:5176/node_modules/.vite/deps/chunk-KVMAXHTM.js?v=c435cca1:3742:33)
    at executeDispatch (http://localhost:5176/node_modules/.vite/deps/chunk-KVMAXHTM.js?v=c435cca1:7046:11)
    at processDispatchQueueItemsInOrder (http://localhost:5176/node_modules/.vite/deps/chunk-KVMAXHTM.js?v=c435cca1:7066:15)
    at processDispatchQueue (http://localhost:5176/node_modules/.vite/deps/chunk-KVMAXHTM.js?v=c435cca1:7075:13)
    at dispatchEventsForPlugins (http://localhost:5176/node_modules/.vite/deps/chunk-KVMAXHTM.js?v=c435cca1:7083:11)
[  489494ms] ReferenceError: setEditingId is not defined
    at http://localhost:5176/src/components/FreestyleBoard.jsx?t=1789621026170:637:5
    at http://localhost:5176/src/components/FreestyleBoard.jsx?t=1789621026170:847:9
    at HTMLUnknownElement.callCallback2 (http://localhost:5176/node_modules/.vite/deps/chunk-KVMAXHTM.js?v=c435cca1:3680:22)
    at Object.invokeGuardedCallbackDev (http://localhost:5176/node_modules/.vite/deps/chunk-KVMAXHTM.js?v=c435cca1:3705:24)
    at invokeGuardedCallback (http://localhost:5176/node_modules/.vite/deps/chunk-KVMAXHTM.js?v=c435cca1:3739:39)
    at invokeGuardedCallbackAndCatchFirstError (http://localhost:5176/node_modules/.vite/deps/chunk-KVMAXHTM.js?v=c435cca1:3742:33)
    at executeDispatch (http://localhost:5176/node_modules/.vite/deps/chunk-KVMAXHTM.js?v=c435cca1:7046:11)
    at processDispatchQueueItemsInOrder (http://localhost:5176/node_modules/.vite/deps/chunk-KVMAXHTM.js?v=c435cca1:7066:15)
    at processDispatchQueue (http://localhost:5176/node_modules/.vite/deps/chunk-KVMAXHTM.js?v=c435cca1:7075:13)
    at dispatchEventsForPlugins (http://localhost:5176/node_modules/.vite/deps/chunk-KVMAXHTM.js?v=c435cca1:7083:11)
[  489500ms] ReferenceError: setEditingId is not defined
    at http://localhost:5176/src/components/FreestyleBoard.jsx?t=1789621026170:637:5
    at http://localhost:5176/src/components/FreestyleBoard.jsx?t=1789621026170:847:9
    at HTMLUnknownElement.callCallback2 (http://localhost:5176/node_modules/.vite/deps/chunk-KVMAXHTM.js?v=c435cca1:3680:22)
    at Object.invokeGuardedCallbackDev (http://localhost:5176/node_modules/.vite/deps/chunk-KVMAXHTM.js?v=c435cca1:3705:24)
    at invokeGuardedCallback (http://localhost:5176/node_modules/.vite/deps/chunk-KVMAXHTM.js?v=c435cca1:3739:39)
    at invokeGuardedCallbackAndCatchFirstError (http://localhost:5176/node_modules/.vite/deps/chunk-KVMAXHTM.js?v=c435cca1:3742:33)
    at executeDispatch (http://localhost:5176/node_modules/.vite/deps/chunk-KVMAXHTM.js?v=c435cca1:7046:11)
    at processDispatchQueueItemsInOrder (http://localhost:5176/node_modules/.vite/deps/chunk-KVMAXHTM.js?v=c435cca1:7066:15)
    at processDispatchQueue (http://localhost:5176/node_modules/.vite/deps/chunk-KVMAXHTM.js?v=c435cca1:7075:13)
    at dispatchEventsForPlugins (http://localhost:5176/node_modules/.vite/deps/chunk-KVMAXHTM.js?v=c435cca1:7083:11)
[  489501ms] ReferenceError: setEditingId is not defined
    at http://localhost:5176/src/components/FreestyleBoard.jsx?t=1789621026170:637:5
    at http://localhost:5176/src/components/FreestyleBoard.jsx?t=1789621026170:847:9
    at HTMLUnknownElement.callCallback2 (http://localhost:5176/node_modules/.vite/deps/chunk-KVMAXHTM.js?v=c435cca1:3680:22)
    at Object.invokeGuardedCallbackDev (http://localhost:5176/node_modules/.vite/deps/chunk-KVMAXHTM.js?v=c435cca1:3705:24)
    at invokeGuardedCallback (http://localhost:5176/node_modules/.vite/deps/chunk-KVMAXHTM.js?v=c435cca1:3739:39)
    at invokeGuardedCallbackAndCatchFirstError (http://localhost:5176/node_modules/.vite/deps/chunk-KVMAXHTM.js?v=c435cca1:3742:33)
    at executeDispatch (http://localhost:5176/node_modules/.vite/deps/chunk-KVMAXHTM.js?v=c435cca1:7046:11)
    at processDispatchQueueItemsInOrder (http://localhost:5176/node_modules/.vite/deps/chunk-KVMAXHTM.js?v=c435cca1:7066:15)
    at processDispatchQueue (http://localhost:5176/node_modules/.vite/deps/chunk-KVMAXHTM.js?v=c435cca1:7075:13)
    at dispatchEventsForPlugins (http://localhost:5176/node_modules/.vite/deps/chunk-KVMAXHTM.js?v=c435cca1:7083:11)
[  489507ms] ReferenceError: setEditingId is not defined
    at http://localhost:5176/src/components/FreestyleBoard.jsx?t=1789621026170:637:5
    at http://localhost:5176/src/components/FreestyleBoard.jsx?t=1789621026170:847:9
    at HTMLUnknownElement.callCallback2 (http://localhost:5176/node_modules/.vite/deps/chunk-KVMAXHTM.js?v=c435cca1:3680:22)
    at Object.invokeGuardedCallbackDev (http://localhost:5176/node_modules/.vite/deps/chunk-KVMAXHTM.js?v=c435cca1:3705:24)
    at invokeGuardedCallback (http://localhost:5176/node_modules/.vite/deps/chunk-KVMAXHTM.js?v=c435cca1:3739:39)
    at invokeGuardedCallbackAndCatchFirstError (http://localhost:5176/node_modules/.vite/deps/chunk-KVMAXHTM.js?v=c435cca1:3742:33)
    at executeDispatch (http://localhost:5176/node_modules/.vite/deps/chunk-KVMAXHTM.js?v=c435cca1:7046:11)
    at processDispatchQueueItemsInOrder (http://localhost:5176/node_modules/.vite/deps/chunk-KVMAXHTM.js?v=c435cca1:7066:15)
    at processDispatchQueue (http://localhost:5176/node_modules/.vite/deps/chunk-KVMAXHTM.js?v=c435cca1:7075:13)
    at dispatchEventsForPlugins (http://localhost:5176/node_modules/.vite/deps/chunk-KVMAXHTM.js?v=c435cca1:7083:11)
[  489509ms] ReferenceError: setEditingId is not defined
    at http://localhost:5176/src/components/FreestyleBoard.jsx?t=1789621026170:637:5
    at http://localhost:5176/src/components/FreestyleBoard.jsx?t=1789621026170:847:9
    at HTMLUnknownElement.callCallback2 (http://localhost:5176/node_modules/.vite/deps/chunk-KVMAXHTM.js?v=c435cca1:3680:22)
    at Object.invokeGuardedCallbackDev (http://localhost:5176/node_modules/.vite/deps/chunk-KVMAXHTM.js?v=c435cca1:3705:24)
    at invokeGuardedCallback (http://localhost:5176/node_modules/.vite/deps/chunk-KVMAXHTM.js?v=c435cca1:3739:39)
    at invokeGuardedCallbackAndCatchFirstError (http://localhost:5176/node_modules/.vite/deps/chunk-KVMAXHTM.js?v=c435cca1:3742:33)
    at executeDispatch (http://localhost:5176/node_modules/.vite/deps/chunk-KVMAXHTM.js?v=c435cca1:7046:11)
    at processDispatchQueueItemsInOrder (http://localhost:5176/node_modules/.vite/deps/chunk-KVMAXHTM.js?v=c435cca1:7066:15)
    at processDispatchQueue (http://localhost:5176/node_modules/.vite/deps/chunk-KVMAXHTM.js?v=c435cca1:7075:13)
    at dispatchEventsForPlugins (http://localhost:5176/node_modules/.vite/deps/chunk-KVMAXHTM.js?v=c435cca1:7083:11)
[  489520ms] ReferenceError: setEditingId is not defined
    at http://localhost:5176/src/components/FreestyleBoard.jsx?t=1789621026170:637:5
    at http://localhost:5176/src/components/FreestyleBoard.jsx?t=1789621026170:847:9
    at HTMLUnknownElement.callCallback2 (http://localhost:5176/node_modules/.vite/deps/chunk-KVMAXHTM.js?v=c435cca1:3680:22)
    at Object.invokeGuardedCallbackDev (http://localhost:5176/node_modules/.vite/deps/chunk-KVMAXHTM.js?v=c435cca1:3705:24)
    at invokeGuardedCallback (http://localhost:5176/node_modules/.vite/deps/chunk-KVMAXHTM.js?v=c435cca1:3739:39)
    at invokeGuardedCallbackAndCatchFirstError (http://localhost:5176/node_modules/.vite/deps/chunk-KVMAXHTM.js?v=c435cca1:3742:33)
    at executeDispatch (http://localhost:5176/node_modules/.vite/deps/chunk-KVMAXHTM.js?v=c435cca1:7046:11)
    at processDispatchQueueItemsInOrder (http://localhost:5176/node_modules/.vite/deps/chunk-KVMAXHTM.js?v=c435cca1:7066:15)
    at processDispatchQueue (http://localhost:5176/node_modules/.vite/deps/chunk-KVMAXHTM.js?v=c435cca1:7075:13)
    at dispatchEventsForPlugins (http://localhost:5176/node_modules/.vite/deps/chunk-KVMAXHTM.js?v=c435cca1:7083:11)
[  489521ms] ReferenceError: setEditingId is not defined
    at http://localhost:5176/src/components/FreestyleBoard.jsx?t=1789621026170:637:5
    at http://localhost:5176/src/components/FreestyleBoard.jsx?t=1789621026170:847:9
    at HTMLUnknownElement.callCallback2 (http://localhost:5176/node_modules/.vite/deps/chunk-KVMAXHTM.js?v=c435cca1:3680:22)
    at Object.invokeGuardedCallbackDev (http://localhost:5176/node_modules/.vite/deps/chunk-KVMAXHTM.js?v=c435cca1:3705:24)
    at invokeGuardedCallback (http://localhost:5176/node_modules/.vite/deps/chunk-KVMAXHTM.js?v=c435cca1:3739:39)
    at invokeGuardedCallbackAndCatchFirstError (http://localhost:5176/node_modules/.vite/deps/chunk-KVMAXHTM.js?v=c435cca1:3742:33)
    at executeDispatch (http://localhost:5176/node_modules/.vite/deps/chunk-KVMAXHTM.js?v=c435cca1:7046:11)
    at processDispatchQueueItemsInOrder (http://localhost:5176/node_modules/.vite/deps/chunk-KVMAXHTM.js?v=c435cca1:7066:15)
    at processDispatchQueue (http://localhost:5176/node_modules/.vite/deps/chunk-KVMAXHTM.js?v=c435cca1:7075:13)
    at dispatchEventsForPlugins (http://localhost:5176/node_modules/.vite/deps/chunk-KVMAXHTM.js?v=c435cca1:7083:11)
[  489527ms] ReferenceError: setEditingId is not defined
    at http://localhost:5176/src/components/FreestyleBoard.jsx?t=1789621026170:637:5
    at http://localhost:5176/src/components/FreestyleBoard.jsx?t=1789621026170:847:9
    at HTMLUnknownElement.callCallback2 (http://localhost:5176/node_modules/.vite/deps/chunk-KVMAXHTM.js?v=c435cca1:3680:22)
    at Object.invokeGuardedCallbackDev (http://localhost:5176/node_modules/.vite/deps/chunk-KVMAXHTM.js?v=c435cca1:3705:24)
    at invokeGuardedCallback (http://localhost:5176/node_modules/.vite/deps/chunk-KVMAXHTM.js?v=c435cca1:3739:39)
    at invokeGuardedCallbackAndCatchFirstError (http://localhost:5176/node_modules/.vite/deps/chunk-KVMAXHTM.js?v=c435cca1:3742:33)
    at executeDispatch (http://localhost:5176/node_modules/.vite/deps/chunk-KVMAXHTM.js?v=c435cca1:7046:11)
    at processDispatchQueueItemsInOrder (http://localhost:5176/node_modules/.vite/deps/chunk-KVMAXHTM.js?v=c435cca1:7066:15)
    at processDispatchQueue (http://localhost:5176/node_modules/.vite/deps/chunk-KVMAXHTM.js?v=c435cca1:7075:13)
    at dispatchEventsForPlugins (http://localhost:5176/node_modules/.vite/deps/chunk-KVMAXHTM.js?v=c435cca1:7083:11)
[  489527ms] ReferenceError: setEditingId is not defined
    at http://localhost:5176/src/components/FreestyleBoard.jsx?t=1789621026170:637:5
    at http://localhost:5176/src/components/FreestyleBoard.jsx?t=1789621026170:847:9
    at HTMLUnknownElement.callCallback2 (http://localhost:5176/node_modules/.vite/deps/chunk-KVMAXHTM.js?v=c435cca1:3680:22)
    at Object.invokeGuardedCallbackDev (http://localhost:5176/node_modules/.vite/deps/chunk-KVMAXHTM.js?v=c435cca1:3705:24)
    at invokeGuardedCallback (http://localhost:5176/node_modules/.vite/deps/chunk-KVMAXHTM.js?v=c435cca1:3739:39)
    at invokeGuardedCallbackAndCatchFirstError (http://localhost:5176/node_modules/.vite/deps/chunk-KVMAXHTM.js?v=c435cca1:3742:33)
    at executeDispatch (http://localhost:5176/node_modules/.vite/deps/chunk-KVMAXHTM.js?v=c435cca1:7046:11)
    at processDispatchQueueItemsInOrder (http://localhost:5176/node_modules/.vite/deps/chunk-KVMAXHTM.js?v=c435cca1:7066:15)
    at processDispatchQueue (http://localhost:5176/node_modules/.vite/deps/chunk-KVMAXHTM.js?v=c435cca1:7075:13)
    at dispatchEventsForPlugins (http://localhost:5176/node_modules/.vite/deps/chunk-KVMAXHTM.js?v=c435cca1:7083:11)
[  489533ms] ReferenceError: setEditingId is not defined
    at http://localhost:5176/src/components/FreestyleBoard.jsx?t=1789621026170:637:5
    at http://localhost:5176/src/components/FreestyleBoard.jsx?t=1789621026170:847:9
    at HTMLUnknownElement.callCallback2 (http://localhost:5176/node_modules/.vite/deps/chunk-KVMAXHTM.js?v=c435cca1:3680:22)
    at Object.invokeGuardedCallbackDev (http://localhost:5176/node_modules/.vite/deps/chunk-KVMAXHTM.js?v=c435cca1:3705:24)
    at invokeGuardedCallback (http://localhost:5176/node_modules/.vite/deps/chunk-KVMAXHTM.js?v=c435cca1:3739:39)
    at invokeGuardedCallbackAndCatchFirstError (http://localhost:5176/node_modules/.vite/deps/chunk-KVMAXHTM.js?v=c435cca1:3742:33)
    at executeDispatch (http://localhost:5176/node_modules/.vite/deps/chunk-KVMAXHTM.js?v=c435cca1:7046:11)
    at processDispatchQueueItemsInOrder (http://localhost:5176/node_modules/.vite/deps/chunk-KVMAXHTM.js?v=c435cca1:7066:15)
    at processDispatchQueue (http://localhost:5176/node_modules/.vite/deps/chunk-KVMAXHTM.js?v=c435cca1:7075:13)
    at dispatchEventsForPlugins (http://localhost:5176/node_modules/.vite/deps/chunk-KVMAXHTM.js?v=c435cca1:7083:11)
[  489534ms] ReferenceError: setEditingId is not defined
    at http://localhost:5176/src/components/FreestyleBoard.jsx?t=1789621026170:637:5
    at http://localhost:5176/src/components/FreestyleBoard.jsx?t=1789621026170:847:9
    at HTMLUnknownElement.callCallback2 (http://localhost:5176/node_modules/.vite/deps/chunk-KVMAXHTM.js?v=c435cca1:3680:22)
    at Object.invokeGuardedCallbackDev (http://localhost:5176/node_modules/.vite/deps/chunk-KVMAXHTM.js?v=c435cca1:3705:24)
    at invokeGuardedCallback (http://localhost:5176/node_modules/.vite/deps/chunk-KVMAXHTM.js?v=c435cca1:3739:39)
    at invokeGuardedCallbackAndCatchFirstError (http://localhost:5176/node_modules/.vite/deps/chunk-KVMAXHTM.js?v=c435cca1:3742:33)
    at executeDispatch (http://localhost:5176/node_modules/.vite/deps/chunk-KVMAXHTM.js?v=c435cca1:7046:11)
    at processDispatchQueueItemsInOrder (http://localhost:5176/node_modules/.vite/deps/chunk-KVMAXHTM.js?v=c435cca1:7066:15)
    at processDispatchQueue (http://localhost:5176/node_modules/.vite/deps/chunk-KVMAXHTM.js?v=c435cca1:7075:13)
    at dispatchEventsForPlugins (http://localhost:5176/node_modules/.vite/deps/chunk-KVMAXHTM.js?v=c435cca1:7083:11)
[  492032ms] ReferenceError: setEditingId is not defined
    at http://localhost:5176/src/components/FreestyleBoard.jsx?t=1789621026170:637:5
    at http://localhost:5176/src/components/FreestyleBoard.jsx?t=1789621026170:847:9
    at HTMLUnknownElement.callCallback2 (http://localhost:5176/node_modules/.vite/deps/chunk-KVMAXHTM.js?v=c435cca1:3680:22)
    at Object.invokeGuardedCallbackDev (http://localhost:5176/node_modules/.vite/deps/chunk-KVMAXHTM.js?v=c435cca1:3705:24)
    at invokeGuardedCallback (http://localhost:5176/node_modules/.vite/deps/chunk-KVMAXHTM.js?v=c435cca1:3739:39)
    at invokeGuardedCallbackAndCatchFirstError (http://localhost:5176/node_modules/.vite/deps/chunk-KVMAXHTM.js?v=c435cca1:3742:33)
    at executeDispatch (http://localhost:5176/node_modules/.vite/deps/chunk-KVMAXHTM.js?v=c435cca1:7046:11)
    at processDispatchQueueItemsInOrder (http://localhost:5176/node_modules/.vite/deps/chunk-KVMAXHTM.js?v=c435cca1:7066:15)
    at processDispatchQueue (http://localhost:5176/node_modules/.vite/deps/chunk-KVMAXHTM.js?v=c435cca1:7075:13)
    at dispatchEventsForPlugins (http://localhost:5176/node_modules/.vite/deps/chunk-KVMAXHTM.js?v=c435cca1:7083:11)
[  492033ms] ReferenceError: setEditingId is not defined
    at http://localhost:5176/src/components/FreestyleBoard.jsx?t=1789621026170:637:5
    at http://localhost:5176/src/components/FreestyleBoard.jsx?t=1789621026170:847:9
    at HTMLUnknownElement.callCallback2 (http://localhost:5176/node_modules/.vite/deps/chunk-KVMAXHTM.js?v=c435cca1:3680:22)
    at Object.invokeGuardedCallbackDev (http://localhost:5176/node_modules/.vite/deps/chunk-KVMAXHTM.js?v=c435cca1:3705:24)
    at invokeGuardedCallback (http://localhost:5176/node_modules/.vite/deps/chunk-KVMAXHTM.js?v=c435cca1:3739:39)
    at invokeGuardedCallbackAndCatchFirstError (http://localhost:5176/node_modules/.vite/deps/chunk-KVMAXHTM.js?v=c435cca1:3742:33)
    at executeDispatch (http://localhost:5176/node_modules/.vite/deps/chunk-KVMAXHTM.js?v=c435cca1:7046:11)
    at processDispatchQueueItemsInOrder (http://localhost:5176/node_modules/.vite/deps/chunk-KVMAXHTM.js?v=c435cca1:7066:15)
    at processDispatchQueue (http://localhost:5176/node_modules/.vite/deps/chunk-KVMAXHTM.js?v=c435cca1:7075:13)
    at dispatchEventsForPlugins (http://localhost:5176/node_modules/.vite/deps/chunk-KVMAXHTM.js?v=c435cca1:7083:11)
[  492044ms] ReferenceError: setEditingId is not defined
    at http://localhost:5176/src/components/FreestyleBoard.jsx?t=1789621026170:637:5
    at http://localhost:5176/src/components/FreestyleBoard.jsx?t=1789621026170:847:9
    at HTMLUnknownElement.callCallback2 (http://localhost:5176/node_modules/.vite/deps/chunk-KVMAXHTM.js?v=c435cca1:3680:22)
    at Object.invokeGuardedCallbackDev (http://localhost:5176/node_modules/.vite/deps/chunk-KVMAXHTM.js?v=c435cca1:3705:24)
    at invokeGuardedCallback (http://localhost:5176/node_modules/.vite/deps/chunk-KVMAXHTM.js?v=c435cca1:3739:39)
    at invokeGuardedCallbackAndCatchFirstError (http://localhost:5176/node_modules/.vite/deps/chunk-KVMAXHTM.js?v=c435cca1:3742:33)
    at executeDispatch (http://localhost:5176/node_modules/.vite/deps/chunk-KVMAXHTM.js?v=c435cca1:7046:11)
    at processDispatchQueueItemsInOrder (http://localhost:5176/node_modules/.vite/deps/chunk-KVMAXHTM.js?v=c435cca1:7066:15)
    at processDispatchQueue (http://localhost:5176/node_modules/.vite/deps/chunk-KVMAXHTM.js?v=c435cca1:7075:13)
    at dispatchEventsForPlugins (http://localhost:5176/node_modules/.vite/deps/chunk-KVMAXHTM.js?v=c435cca1:7083:11)
[  492045ms] ReferenceError: setEditingId is not defined
    at http://localhost:5176/src/components/FreestyleBoard.jsx?t=1789621026170:637:5
    at http://localhost:5176/src/components/FreestyleBoard.jsx?t=1789621026170:847:9
    at HTMLUnknownElement.callCallback2 (http://localhost:5176/node_modules/.vite/deps/chunk-KVMAXHTM.js?v=c435cca1:3680:22)
    at Object.invokeGuardedCallbackDev (http://localhost:5176/node_modules/.vite/deps/chunk-KVMAXHTM.js?v=c435cca1:3705:24)
    at invokeGuardedCallback (http://localhost:5176/node_modules/.vite/deps/chunk-KVMAXHTM.js?v=c435cca1:3739:39)
    at invokeGuardedCallbackAndCatchFirstError (http://localhost:5176/node_modules/.vite/deps/chunk-KVMAXHTM.js?v=c435cca1:3742:33)
    at executeDispatch (http://localhost:5176/node_modules/.vite/deps/chunk-KVMAXHTM.js?v=c435cca1:7046:11)
    at processDispatchQueueItemsInOrder (http://localhost:5176/node_modules/.vite/deps/chunk-KVMAXHTM.js?v=c435cca1:7066:15)
    at processDispatchQueue (http://localhost:5176/node_modules/.vite/deps/chunk-KVMAXHTM.js?v=c435cca1:7075:13)
    at dispatchEventsForPlugins (http://localhost:5176/node_modules/.vite/deps/chunk-KVMAXHTM.js?v=c435cca1:7083:11)
[  492059ms] ReferenceError: setEditingId is not defined
    at http://localhost:5176/src/components/FreestyleBoard.jsx?t=1789621026170:637:5
    at http://localhost:5176/src/components/FreestyleBoard.jsx?t=1789621026170:847:9
    at HTMLUnknownElement.callCallback2 (http://localhost:5176/node_modules/.vite/deps/chunk-KVMAXHTM.js?v=c435cca1:3680:22)
    at Object.invokeGuardedCallbackDev (http://localhost:5176/node_modules/.vite/deps/chunk-KVMAXHTM.js?v=c435cca1:3705:24)
    at invokeGuardedCallback (http://localhost:5176/node_modules/.vite/deps/chunk-KVMAXHTM.js?v=c435cca1:3739:39)
    at invokeGuardedCallbackAndCatchFirstError (http://localhost:5176/node_modules/.vite/deps/chunk-KVMAXHTM.js?v=c435cca1:3742:33)
    at executeDispatch (http://localhost:5176/node_modules/.vite/deps/chunk-KVMAXHTM.js?v=c435cca1:7046:11)
    at processDispatchQueueItemsInOrder (http://localhost:5176/node_modules/.vite/deps/chunk-KVMAXHTM.js?v=c435cca1:7066:15)
    at processDispatchQueue (http://localhost:5176/node_modules/.vite/deps/chunk-KVMAXHTM.js?v=c435cca1:7075:13)
    at dispatchEventsForPlugins (http://localhost:5176/node_modules/.vite/deps/chunk-KVMAXHTM.js?v=c435cca1:7083:11)
[  492061ms] ReferenceError: setEditingId is not defined
    at http://localhost:5176/src/components/FreestyleBoard.jsx?t=1789621026170:637:5
    at http://localhost:5176/src/components/FreestyleBoard.jsx?t=1789621026170:847:9
    at HTMLUnknownElement.callCallback2 (http://localhost:5176/node_modules/.vite/deps/chunk-KVMAXHTM.js?v=c435cca1:3680:22)
    at Object.invokeGuardedCallbackDev (http://localhost:5176/node_modules/.vite/deps/chunk-KVMAXHTM.js?v=c435cca1:3705:24)
    at invokeGuardedCallback (http://localhost:5176/node_modules/.vite/deps/chunk-KVMAXHTM.js?v=c435cca1:3739:39)
    at invokeGuardedCallbackAndCatchFirstError (http://localhost:5176/node_modules/.vite/deps/chunk-KVMAXHTM.js?v=c435cca1:3742:33)
    at executeDispatch (http://localhost:5176/node_modules/.vite/deps/chunk-KVMAXHTM.js?v=c435cca1:7046:11)
    at processDispatchQueueItemsInOrder (http://localhost:5176/node_modules/.vite/deps/chunk-KVMAXHTM.js?v=c435cca1:7066:15)
    at processDispatchQueue (http://localhost:5176/node_modules/.vite/deps/chunk-KVMAXHTM.js?v=c435cca1:7075:13)
    at dispatchEventsForPlugins (http://localhost:5176/node_modules/.vite/deps/chunk-KVMAXHTM.js?v=c435cca1:7083:11)
[  492074ms] ReferenceError: setEditingId is not defined
    at http://localhost:5176/src/components/FreestyleBoard.jsx?t=1789621026170:637:5
    at http://localhost:5176/src/components/FreestyleBoard.jsx?t=1789621026170:847:9
    at HTMLUnknownElement.callCallback2 (http://localhost:5176/node_modules/.vite/deps/chunk-KVMAXHTM.js?v=c435cca1:3680:22)
    at Object.invokeGuardedCallbackDev (http://localhost:5176/node_modules/.vite/deps/chunk-KVMAXHTM.js?v=c435cca1:3705:24)
    at invokeGuardedCallback (http://localhost:5176/node_modules/.vite/deps/chunk-KVMAXHTM.js?v=c435cca1:3739:39)
    at invokeGuardedCallbackAndCatchFirstError (http://localhost:5176/node_modules/.vite/deps/chunk-KVMAXHTM.js?v=c435cca1:3742:33)
    at executeDispatch (http://localhost:5176/node_modules/.vite/deps/chunk-KVMAXHTM.js?v=c435cca1:7046:11)
    at processDispatchQueueItemsInOrder (http://localhost:5176/node_modules/.vite/deps/chunk-KVMAXHTM.js?v=c435cca1:7066:15)
    at processDispatchQueue (http://localhost:5176/node_modules/.vite/deps/chunk-KVMAXHTM.js?v=c435cca1:7075:13)
    at dispatchEventsForPlugins (http://localhost:5176/node_modules/.vite/deps/chunk-KVMAXHTM.js?v=c435cca1:7083:11)
[  492076ms] ReferenceError: setEditingId is not defined
    at http://localhost:5176/src/components/FreestyleBoard.jsx?t=1789621026170:637:5
    at http://localhost:5176/src/components/FreestyleBoard.jsx?t=1789621026170:847:9
    at HTMLUnknownElement.callCallback2 (http://localhost:5176/node_modules/.vite/deps/chunk-KVMAXHTM.js?v=c435cca1:3680:22)
    at Object.invokeGuardedCallbackDev (http://localhost:5176/node_modules/.vite/deps/chunk-KVMAXHTM.js?v=c435cca1:3705:24)
    at invokeGuardedCallback (http://localhost:5176/node_modules/.vite/deps/chunk-KVMAXHTM.js?v=c435cca1:3739:39)
    at invokeGuardedCallbackAndCatchFirstError (http://localhost:5176/node_modules/.vite/deps/chunk-KVMAXHTM.js?v=c435cca1:3742:33)
    at executeDispatch (http://localhost:5176/node_modules/.vite/deps/chunk-KVMAXHTM.js?v=c435cca1:7046:11)
    at processDispatchQueueItemsInOrder (http://localhost:5176/node_modules/.vite/deps/chunk-KVMAXHTM.js?v=c435cca1:7066:15)
    at processDispatchQueue (http://localhost:5176/node_modules/.vite/deps/chunk-KVMAXHTM.js?v=c435cca1:7075:13)
    at dispatchEventsForPlugins (http://localhost:5176/node_modules/.vite/deps/chunk-KVMAXHTM.js?v=c435cca1:7083:11)
[  492090ms] ReferenceError: setEditingId is not defined
    at http://localhost:5176/src/components/FreestyleBoard.jsx?t=1789621026170:637:5
    at http://localhost:5176/src/components/FreestyleBoard.jsx?t=1789621026170:847:9
    at HTMLUnknownElement.callCallback2 (http://localhost:5176/node_modules/.vite/deps/chunk-KVMAXHTM.js?v=c435cca1:3680:22)
    at Object.invokeGuardedCallbackDev (http://localhost:5176/node_modules/.vite/deps/chunk-KVMAXHTM.js?v=c435cca1:3705:24)
    at invokeGuardedCallback (http://localhost:5176/node_modules/.vite/deps/chunk-KVMAXHTM.js?v=c435cca1:3739:39)
    at invokeGuardedCallbackAndCatchFirstError (http://localhost:5176/node_modules/.vite/deps/chunk-KVMAXHTM.js?v=c435cca1:3742:33)
    at executeDispatch (http://localhost:5176/node_modules/.vite/deps/chunk-KVMAXHTM.js?v=c435cca1:7046:11)
    at processDispatchQueueItemsInOrder (http://localhost:5176/node_modules/.vite/deps/chunk-KVMAXHTM.js?v=c435cca1:7066:15)
    at processDispatchQueue (http://localhost:5176/node_modules/.vite/deps/chunk-KVMAXHTM.js?v=c435cca1:7075:13)
    at dispatchEventsForPlugins (http://localhost:5176/node_modules/.vite/deps/chunk-KVMAXHTM.js?v=c435cca1:7083:11)
[  492091ms] ReferenceError: setEditingId is not defined
    at http://localhost:5176/src/components/FreestyleBoard.jsx?t=1789621026170:637:5
    at http://localhost:5176/src/components/FreestyleBoard.jsx?t=1789621026170:847:9
    at HTMLUnknownElement.callCallback2 (http://localhost:5176/node_modules/.vite/deps/chunk-KVMAXHTM.js?v=c435cca1:3680:22)
    at Object.invokeGuardedCallbackDev (http://localhost:5176/node_modules/.vite/deps/chunk-KVMAXHTM.js?v=c435cca1:3705:24)
    at invokeGuardedCallback (http://localhost:5176/node_modules/.vite/deps/chunk-KVMAXHTM.js?v=c435cca1:3739:39)
    at invokeGuardedCallbackAndCatchFirstError (http://localhost:5176/node_modules/.vite/deps/chunk-KVMAXHTM.js?v=c435cca1:3742:33)
    at executeDispatch (http://localhost:5176/node_modules/.vite/deps/chunk-KVMAXHTM.js?v=c435cca1:7046:11)
    at processDispatchQueueItemsInOrder (http://localhost:5176/node_modules/.vite/deps/chunk-KVMAXHTM.js?v=c435cca1:7066:15)
    at processDispatchQueue (http://localhost:5176/node_modules/.vite/deps/chunk-KVMAXHTM.js?v=c435cca1:7075:13)
    at dispatchEventsForPlugins (http://localhost:5176/node_modules/.vite/deps/chunk-KVMAXHTM.js?v=c435cca1:7083:11)
[  492101ms] ReferenceError: setEditingId is not defined
    at http://localhost:5176/src/components/FreestyleBoard.jsx?t=1789621026170:637:5
    at http://localhost:5176/src/components/FreestyleBoard.jsx?t=1789621026170:847:9
    at HTMLUnknownElement.callCallback2 (http://localhost:5176/node_modules/.vite/deps/chunk-KVMAXHTM.js?v=c435cca1:3680:22)
    at Object.invokeGuardedCallbackDev (http://localhost:5176/node_modules/.vite/deps/chunk-KVMAXHTM.js?v=c435cca1:3705:24)
    at invokeGuardedCallback (http://localhost:5176/node_modules/.vite/deps/chunk-KVMAXHTM.js?v=c435cca1:3739:39)
    at invokeGuardedCallbackAndCatchFirstError (http://localhost:5176/node_modules/.vite/deps/chunk-KVMAXHTM.js?v=c435cca1:3742:33)
    at executeDispatch (http://localhost:5176/node_modules/.vite/deps/chunk-KVMAXHTM.js?v=c435cca1:7046:11)
    at processDispatchQueueItemsInOrder (http://localhost:5176/node_modules/.vite/deps/chunk-KVMAXHTM.js?v=c435cca1:7066:15)
    at processDispatchQueue (http://localhost:5176/node_modules/.vite/deps/chunk-KVMAXHTM.js?v=c435cca1:7075:13)
    at dispatchEventsForPlugins (http://localhost:5176/node_modules/.vite/deps/chunk-KVMAXHTM.js?v=c435cca1:7083:11)
[  492102ms] ReferenceError: setEditingId is not defined
    at http://localhost:5176/src/components/FreestyleBoard.jsx?t=1789621026170:637:5
    at http://localhost:5176/src/components/FreestyleBoard.jsx?t=1789621026170:847:9
    at HTMLUnknownElement.callCallback2 (http://localhost:5176/node_modules/.vite/deps/chunk-KVMAXHTM.js?v=c435cca1:3680:22)
    at Object.invokeGuardedCallbackDev (http://localhost:5176/node_modules/.vite/deps/chunk-KVMAXHTM.js?v=c435cca1:3705:24)
    at invokeGuardedCallback (http://localhost:5176/node_modules/.vite/deps/chunk-KVMAXHTM.js?v=c435cca1:3739:39)
    at invokeGuardedCallbackAndCatchFirstError (http://localhost:5176/node_modules/.vite/deps/chunk-KVMAXHTM.js?v=c435cca1:3742:33)
    at executeDispatch (http://localhost:5176/node_modules/.vite/deps/chunk-KVMAXHTM.js?v=c435cca1:7046:11)
    at processDispatchQueueItemsInOrder (http://localhost:5176/node_modules/.vite/deps/chunk-KVMAXHTM.js?v=c435cca1:7066:15)
    at processDispatchQueue (http://localhost:5176/node_modules/.vite/deps/chunk-KVMAXHTM.js?v=c435cca1:7075:13)
    at dispatchEventsForPlugins (http://localhost:5176/node_modules/.vite/deps/chunk-KVMAXHTM.js?v=c435cca1:7083:11)
[  492111ms] ReferenceError: setEditingId is not defined
    at http://localhost:5176/src/components/FreestyleBoard.jsx?t=1789621026170:637:5
    at http://localhost:5176/src/components/FreestyleBoard.jsx?t=1789621026170:847:9
    at HTMLUnknownElement.callCallback2 (http://localhost:5176/node_modules/.vite/deps/chunk-KVMAXHTM.js?v=c435cca1:3680:22)
    at Object.invokeGuardedCallbackDev (http://localhost:5176/node_modules/.vite/deps/chunk-KVMAXHTM.js?v=c435cca1:3705:24)
    at invokeGuardedCallback (http://localhost:5176/node_modules/.vite/deps/chunk-KVMAXHTM.js?v=c435cca1:3739:39)
    at invokeGuardedCallbackAndCatchFirstError (http://localhost:5176/node_modules/.vite/deps/chunk-KVMAXHTM.js?v=c435cca1:3742:33)
    at executeDispatch (http://localhost:5176/node_modules/.vite/deps/chunk-KVMAXHTM.js?v=c435cca1:7046:11)
    at processDispatchQueueItemsInOrder (http://localhost:5176/node_modules/.vite/deps/chunk-KVMAXHTM.js?v=c435cca1:7066:15)
    at processDispatchQueue (http://localhost:5176/node_modules/.vite/deps/chunk-KVMAXHTM.js?v=c435cca1:7075:13)
    at dispatchEventsForPlugins (http://localhost:5176/node_modules/.vite/deps/chunk-KVMAXHTM.js?v=c435cca1:7083:11)
[  492112ms] ReferenceError: setEditingId is not defined
    at http://localhost:5176/src/components/FreestyleBoard.jsx?t=1789621026170:637:5
    at http://localhost:5176/src/components/FreestyleBoard.jsx?t=1789621026170:847:9
    at HTMLUnknownElement.callCallback2 (http://localhost:5176/node_modules/.vite/deps/chunk-KVMAXHTM.js?v=c435cca1:3680:22)
    at Object.invokeGuardedCallbackDev (http://localhost:5176/node_modules/.vite/deps/chunk-KVMAXHTM.js?v=c435cca1:3705:24)
    at invokeGuardedCallback (http://localhost:5176/node_modules/.vite/deps/chunk-KVMAXHTM.js?v=c435cca1:3739:39)
    at invokeGuardedCallbackAndCatchFirstError (http://localhost:5176/node_modules/.vite/deps/chunk-KVMAXHTM.js?v=c435cca1:3742:33)
    at executeDispatch (http://localhost:5176/node_modules/.vite/deps/chunk-KVMAXHTM.js?v=c435cca1:7046:11)
    at processDispatchQueueItemsInOrder (http://localhost:5176/node_modules/.vite/deps/chunk-KVMAXHTM.js?v=c435cca1:7066:15)
    at processDispatchQueue (http://localhost:5176/node_modules/.vite/deps/chunk-KVMAXHTM.js?v=c435cca1:7075:13)
    at dispatchEventsForPlugins (http://localhost:5176/node_modules/.vite/deps/chunk-KVMAXHTM.js?v=c435cca1:7083:11)
[  492119ms] ReferenceError: setEditingId is not defined
    at http://localhost:5176/src/components/FreestyleBoard.jsx?t=1789621026170:637:5
    at http://localhost:5176/src/components/FreestyleBoard.jsx?t=1789621026170:847:9
    at HTMLUnknownElement.callCallback2 (http://localhost:5176/node_modules/.vite/deps/chunk-KVMAXHTM.js?v=c435cca1:3680:22)
    at Object.invokeGuardedCallbackDev (http://localhost:5176/node_modules/.vite/deps/chunk-KVMAXHTM.js?v=c435cca1:3705:24)
    at invokeGuardedCallback (http://localhost:5176/node_modules/.vite/deps/chunk-KVMAXHTM.js?v=c435cca1:3739:39)
    at invokeGuardedCallbackAndCatchFirstError (http://localhost:5176/node_modules/.vite/deps/chunk-KVMAXHTM.js?v=c435cca1:3742:33)
    at executeDispatch (http://localhost:5176/node_modules/.vite/deps/chunk-KVMAXHTM.js?v=c435cca1:7046:11)
    at processDispatchQueueItemsInOrder (http://localhost:5176/node_modules/.vite/deps/chunk-KVMAXHTM.js?v=c435cca1:7066:15)
    at processDispatchQueue (http://localhost:5176/node_modules/.vite/deps/chunk-KVMAXHTM.js?v=c435cca1:7075:13)
    at dispatchEventsForPlugins (http://localhost:5176/node_modules/.vite/deps/chunk-KVMAXHTM.js?v=c435cca1:7083:11)
[  492120ms] ReferenceError: setEditingId is not defined
    at http://localhost:5176/src/components/FreestyleBoard.jsx?t=1789621026170:637:5
    at http://localhost:5176/src/components/FreestyleBoard.jsx?t=1789621026170:847:9
    at HTMLUnknownElement.callCallback2 (http://localhost:5176/node_modules/.vite/deps/chunk-KVMAXHTM.js?v=c435cca1:3680:22)
    at Object.invokeGuardedCallbackDev (http://localhost:5176/node_modules/.vite/deps/chunk-KVMAXHTM.js?v=c435cca1:3705:24)
    at invokeGuardedCallback (http://localhost:5176/node_modules/.vite/deps/chunk-KVMAXHTM.js?v=c435cca1:3739:39)
    at invokeGuardedCallbackAndCatchFirstError (http://localhost:5176/node_modules/.vite/deps/chunk-KVMAXHTM.js?v=c435cca1:3742:33)
    at executeDispatch (http://localhost:5176/node_modules/.vite/deps/chunk-KVMAXHTM.js?v=c435cca1:7046:11)
    at processDispatchQueueItemsInOrder (http://localhost:5176/node_modules/.vite/deps/chunk-KVMAXHTM.js?v=c435cca1:7066:15)
    at processDispatchQueue (http://localhost:5176/node_modules/.vite/deps/chunk-KVMAXHTM.js?v=c435cca1:7075:13)
    at dispatchEventsForPlugins (http://localhost:5176/node_modules/.vite/deps/chunk-KVMAXHTM.js?v=c435cca1:7083:11)
[  492127ms] ReferenceError: setEditingId is not defined
    at http://localhost:5176/src/components/FreestyleBoard.jsx?t=1789621026170:637:5
    at http://localhost:5176/src/components/FreestyleBoard.jsx?t=1789621026170:847:9
    at HTMLUnknownElement.callCallback2 (http://localhost:5176/node_modules/.vite/deps/chunk-KVMAXHTM.js?v=c435cca1:3680:22)
    at Object.invokeGuardedCallbackDev (http://localhost:5176/node_modules/.vite/deps/chunk-KVMAXHTM.js?v=c435cca1:3705:24)
    at invokeGuardedCallback (http://localhost:5176/node_modules/.vite/deps/chunk-KVMAXHTM.js?v=c435cca1:3739:39)
    at invokeGuardedCallbackAndCatchFirstError (http://localhost:5176/node_modules/.vite/deps/chunk-KVMAXHTM.js?v=c435cca1:3742:33)
    at executeDispatch (http://localhost:5176/node_modules/.vite/deps/chunk-KVMAXHTM.js?v=c435cca1:7046:11)
    at processDispatchQueueItemsInOrder (http://localhost:5176/node_modules/.vite/deps/chunk-KVMAXHTM.js?v=c435cca1:7066:15)
    at processDispatchQueue (http://localhost:5176/node_modules/.vite/deps/chunk-KVMAXHTM.js?v=c435cca1:7075:13)
    at dispatchEventsForPlugins (http://localhost:5176/node_modules/.vite/deps/chunk-KVMAXHTM.js?v=c435cca1:7083:11)
[  492128ms] ReferenceError: setEditingId is not defined
    at http://localhost:5176/src/components/FreestyleBoard.jsx?t=1789621026170:637:5
    at http://localhost:5176/src/components/FreestyleBoard.jsx?t=1789621026170:847:9
    at HTMLUnknownElement.callCallback2 (http://localhost:5176/node_modules/.vite/deps/chunk-KVMAXHTM.js?v=c435cca1:3680:22)
    at Object.invokeGuardedCallbackDev (http://localhost:5176/node_modules/.vite/deps/chunk-KVMAXHTM.js?v=c435cca1:3705:24)
    at invokeGuardedCallback (http://localhost:5176/node_modules/.vite/deps/chunk-KVMAXHTM.js?v=c435cca1:3739:39)
    at invokeGuardedCallbackAndCatchFirstError (http://localhost:5176/node_modules/.vite/deps/chunk-KVMAXHTM.js?v=c435cca1:3742:33)
    at executeDispatch (http://localhost:5176/node_modules/.vite/deps/chunk-KVMAXHTM.js?v=c435cca1:7046:11)
    at processDispatchQueueItemsInOrder (http://localhost:5176/node_modules/.vite/deps/chunk-KVMAXHTM.js?v=c435cca1:7066:15)
    at processDispatchQueue (http://localhost:5176/node_modules/.vite/deps/chunk-KVMAXHTM.js?v=c435cca1:7075:13)
    at dispatchEventsForPlugins (http://localhost:5176/node_modules/.vite/deps/chunk-KVMAXHTM.js?v=c435cca1:7083:11)
[  492135ms] ReferenceError: setEditingId is not defined
    at http://localhost:5176/src/components/FreestyleBoard.jsx?t=1789621026170:637:5
    at http://localhost:5176/src/components/FreestyleBoard.jsx?t=1789621026170:847:9
    at HTMLUnknownElement.callCallback2 (http://localhost:5176/node_modules/.vite/deps/chunk-KVMAXHTM.js?v=c435cca1:3680:22)
    at Object.invokeGuardedCallbackDev (http://localhost:5176/node_modules/.vite/deps/chunk-KVMAXHTM.js?v=c435cca1:3705:24)
    at invokeGuardedCallback (http://localhost:5176/node_modules/.vite/deps/chunk-KVMAXHTM.js?v=c435cca1:3739:39)
    at invokeGuardedCallbackAndCatchFirstError (http://localhost:5176/node_modules/.vite/deps/chunk-KVMAXHTM.js?v=c435cca1:3742:33)
    at executeDispatch (http://localhost:5176/node_modules/.vite/deps/chunk-KVMAXHTM.js?v=c435cca1:7046:11)
    at processDispatchQueueItemsInOrder (http://localhost:5176/node_modules/.vite/deps/chunk-KVMAXHTM.js?v=c435cca1:7066:15)
    at processDispatchQueue (http://localhost:5176/node_modules/.vite/deps/chunk-KVMAXHTM.js?v=c435cca1:7075:13)
    at dispatchEventsForPlugins (http://localhost:5176/node_modules/.vite/deps/chunk-KVMAXHTM.js?v=c435cca1:7083:11)
[  492137ms] ReferenceError: setEditingId is not defined
    at http://localhost:5176/src/components/FreestyleBoard.jsx?t=1789621026170:637:5
    at http://localhost:5176/src/components/FreestyleBoard.jsx?t=1789621026170:847:9
    at HTMLUnknownElement.callCallback2 (http://localhost:5176/node_modules/.vite/deps/chunk-KVMAXHTM.js?v=c435cca1:3680:22)
    at Object.invokeGuardedCallbackDev (http://localhost:5176/node_modules/.vite/deps/chunk-KVMAXHTM.js?v=c435cca1:3705:24)
    at invokeGuardedCallback (http://localhost:5176/node_modules/.vite/deps/chunk-KVMAXHTM.js?v=c435cca1:3739:39)
    at invokeGuardedCallbackAndCatchFirstError (http://localhost:5176/node_modules/.vite/deps/chunk-KVMAXHTM.js?v=c435cca1:3742:33)
    at executeDispatch (http://localhost:5176/node_modules/.vite/deps/chunk-KVMAXHTM.js?v=c435cca1:7046:11)
    at processDispatchQueueItemsInOrder (http://localhost:5176/node_modules/.vite/deps/chunk-KVMAXHTM.js?v=c435cca1:7066:15)
    at processDispatchQueue (http://localhost:5176/node_modules/.vite/deps/chunk-KVMAXHTM.js?v=c435cca1:7075:13)
    at dispatchEventsForPlugins (http://localhost:5176/node_modules/.vite/deps/chunk-KVMAXHTM.js?v=c435cca1:7083:11)
[  492144ms] ReferenceError: setEditingId is not defined
    at http://localhost:5176/src/components/FreestyleBoard.jsx?t=1789621026170:637:5
    at http://localhost:5176/src/components/FreestyleBoard.jsx?t=1789621026170:847:9
    at HTMLUnknownElement.callCallback2 (http://localhost:5176/node_modules/.vite/deps/chunk-KVMAXHTM.js?v=c435cca1:3680:22)
    at Object.invokeGuardedCallbackDev (http://localhost:5176/node_modules/.vite/deps/chunk-KVMAXHTM.js?v=c435cca1:3705:24)
    at invokeGuardedCallback (http://localhost:5176/node_modules/.vite/deps/chunk-KVMAXHTM.js?v=c435cca1:3739:39)
    at invokeGuardedCallbackAndCatchFirstError (http://localhost:5176/node_modules/.vite/deps/chunk-KVMAXHTM.js?v=c435cca1:3742:33)
    at executeDispatch (http://localhost:5176/node_modules/.vite/deps/chunk-KVMAXHTM.js?v=c435cca1:7046:11)
    at processDispatchQueueItemsInOrder (http://localhost:5176/node_modules/.vite/deps/chunk-KVMAXHTM.js?v=c435cca1:7066:15)
    at processDispatchQueue (http://localhost:5176/node_modules/.vite/deps/chunk-KVMAXHTM.js?v=c435cca1:7075:13)
    at dispatchEventsForPlugins (http://localhost:5176/node_modules/.vite/deps/chunk-KVMAXHTM.js?v=c435cca1:7083:11)
[  492145ms] ReferenceError: setEditingId is not defined
    at http://localhost:5176/src/components/FreestyleBoard.jsx?t=1789621026170:637:5
    at http://localhost:5176/src/components/FreestyleBoard.jsx?t=1789621026170:847:9
    at HTMLUnknownElement.callCallback2 (http://localhost:5176/node_modules/.vite/deps/chunk-KVMAXHTM.js?v=c435cca1:3680:22)
    at Object.invokeGuardedCallbackDev (http://localhost:5176/node_modules/.vite/deps/chunk-KVMAXHTM.js?v=c435cca1:3705:24)
    at invokeGuardedCallback (http://localhost:5176/node_modules/.vite/deps/chunk-KVMAXHTM.js?v=c435cca1:3739:39)
    at invokeGuardedCallbackAndCatchFirstError (http://localhost:5176/node_modules/.vite/deps/chunk-KVMAXHTM.js?v=c435cca1:3742:33)
    at executeDispatch (http://localhost:5176/node_modules/.vite/deps/chunk-KVMAXHTM.js?v=c435cca1:7046:11)
    at processDispatchQueueItemsInOrder (http://localhost:5176/node_modules/.vite/deps/chunk-KVMAXHTM.js?v=c435cca1:7066:15)
    at processDispatchQueue (http://localhost:5176/node_modules/.vite/deps/chunk-KVMAXHTM.js?v=c435cca1:7075:13)
    at dispatchEventsForPlugins (http://localhost:5176/node_modules/.vite/deps/chunk-KVMAXHTM.js?v=c435cca1:7083:11)
[  492147ms] ReferenceError: setEditingId is not defined
    at http://localhost:5176/src/components/FreestyleBoard.jsx?t=1789621026170:637:5
    at http://localhost:5176/src/components/FreestyleBoard.jsx?t=1789621026170:847:9
    at HTMLUnknownElement.callCallback2 (http://localhost:5176/node_modules/.vite/deps/chunk-KVMAXHTM.js?v=c435cca1:3680:22)
    at Object.invokeGuardedCallbackDev (http://localhost:5176/node_modules/.vite/deps/chunk-KVMAXHTM.js?v=c435cca1:3705:24)
    at invokeGuardedCallback (http://localhost:5176/node_modules/.vite/deps/chunk-KVMAXHTM.js?v=c435cca1:3739:39)
    at invokeGuardedCallbackAndCatchFirstError (http://localhost:5176/node_modules/.vite/deps/chunk-KVMAXHTM.js?v=c435cca1:3742:33)
    at executeDispatch (http://localhost:5176/node_modules/.vite/deps/chunk-KVMAXHTM.js?v=c435cca1:7046:11)
    at processDispatchQueueItemsInOrder (http://localhost:5176/node_modules/.vite/deps/chunk-KVMAXHTM.js?v=c435cca1:7066:15)
    at processDispatchQueue (http://localhost:5176/node_modules/.vite/deps/chunk-KVMAXHTM.js?v=c435cca1:7075:13)
    at dispatchEventsForPlugins (http://localhost:5176/node_modules/.vite/deps/chunk-KVMAXHTM.js?v=c435cca1:7083:11)
[  492148ms] ReferenceError: setEditingId is not defined
    at http://localhost:5176/src/components/FreestyleBoard.jsx?t=1789621026170:637:5
    at http://localhost:5176/src/components/FreestyleBoard.jsx?t=1789621026170:847:9
    at HTMLUnknownElement.callCallback2 (http://localhost:5176/node_modules/.vite/deps/chunk-KVMAXHTM.js?v=c435cca1:3680:22)
    at Object.invokeGuardedCallbackDev (http://localhost:5176/node_modules/.vite/deps/chunk-KVMAXHTM.js?v=c435cca1:3705:24)
    at invokeGuardedCallback (http://localhost:5176/node_modules/.vite/deps/chunk-KVMAXHTM.js?v=c435cca1:3739:39)
    at invokeGuardedCallbackAndCatchFirstError (http://localhost:5176/node_modules/.vite/deps/chunk-KVMAXHTM.js?v=c435cca1:3742:33)
    at executeDispatch (http://localhost:5176/node_modules/.vite/deps/chunk-KVMAXHTM.js?v=c435cca1:7046:11)
    at processDispatchQueueItemsInOrder (http://localhost:5176/node_modules/.vite/deps/chunk-KVMAXHTM.js?v=c435cca1:7066:15)
    at processDispatchQueue (http://localhost:5176/node_modules/.vite/deps/chunk-KVMAXHTM.js?v=c435cca1:7075:13)
    at dispatchEventsForPlugins (http://localhost:5176/node_modules/.vite/deps/chunk-KVMAXHTM.js?v=c435cca1:7083:11)
[  492158ms] ReferenceError: setEditingId is not defined
    at http://localhost:5176/src/components/FreestyleBoard.jsx?t=1789621026170:637:5
    at http://localhost:5176/src/components/FreestyleBoard.jsx?t=1789621026170:847:9
    at HTMLUnknownElement.callCallback2 (http://localhost:5176/node_modules/.vite/deps/chunk-KVMAXHTM.js?v=c435cca1:3680:22)
    at Object.invokeGuardedCallbackDev (http://localhost:5176/node_modules/.vite/deps/chunk-KVMAXHTM.js?v=c435cca1:3705:24)
    at invokeGuardedCallback (http://localhost:5176/node_modules/.vite/deps/chunk-KVMAXHTM.js?v=c435cca1:3739:39)
    at invokeGuardedCallbackAndCatchFirstError (http://localhost:5176/node_modules/.vite/deps/chunk-KVMAXHTM.js?v=c435cca1:3742:33)
    at executeDispatch (http://localhost:5176/node_modules/.vite/deps/chunk-KVMAXHTM.js?v=c435cca1:7046:11)
    at processDispatchQueueItemsInOrder (http://localhost:5176/node_modules/.vite/deps/chunk-KVMAXHTM.js?v=c435cca1:7066:15)
    at processDispatchQueue (http://localhost:5176/node_modules/.vite/deps/chunk-KVMAXHTM.js?v=c435cca1:7075:13)
    at dispatchEventsForPlugins (http://localhost:5176/node_modules/.vite/deps/chunk-KVMAXHTM.js?v=c435cca1:7083:11)
[  492159ms] ReferenceError: setEditingId is not defined
    at http://localhost:5176/src/components/FreestyleBoard.jsx?t=1789621026170:637:5
    at http://localhost:5176/src/components/FreestyleBoard.jsx?t=1789621026170:847:9
    at HTMLUnknownElement.callCallback2 (http://localhost:5176/node_modules/.vite/deps/chunk-KVMAXHTM.js?v=c435cca1:3680:22)
    at Object.invokeGuardedCallbackDev (http://localhost:5176/node_modules/.vite/deps/chunk-KVMAXHTM.js?v=c435cca1:3705:24)
    at invokeGuardedCallback (http://localhost:5176/node_modules/.vite/deps/chunk-KVMAXHTM.js?v=c435cca1:3739:39)
    at invokeGuardedCallbackAndCatchFirstError (http://localhost:5176/node_modules/.vite/deps/chunk-KVMAXHTM.js?v=c435cca1:3742:33)
    at executeDispatch (http://localhost:5176/node_modules/.vite/deps/chunk-KVMAXHTM.js?v=c435cca1:7046:11)
    at processDispatchQueueItemsInOrder (http://localhost:5176/node_modules/.vite/deps/chunk-KVMAXHTM.js?v=c435cca1:7066:15)
    at processDispatchQueue (http://localhost:5176/node_modules/.vite/deps/chunk-KVMAXHTM.js?v=c435cca1:7075:13)
    at dispatchEventsForPlugins (http://localhost:5176/node_modules/.vite/deps/chunk-KVMAXHTM.js?v=c435cca1:7083:11)
[  492166ms] ReferenceError: setEditingId is not defined
    at http://localhost:5176/src/components/FreestyleBoard.jsx?t=1789621026170:637:5
    at http://localhost:5176/src/components/FreestyleBoard.jsx?t=1789621026170:847:9
    at HTMLUnknownElement.callCallback2 (http://localhost:5176/node_modules/.vite/deps/chunk-KVMAXHTM.js?v=c435cca1:3680:22)
    at Object.invokeGuardedCallbackDev (http://localhost:5176/node_modules/.vite/deps/chunk-KVMAXHTM.js?v=c435cca1:3705:24)
    at invokeGuardedCallback (http://localhost:5176/node_modules/.vite/deps/chunk-KVMAXHTM.js?v=c435cca1:3739:39)
    at invokeGuardedCallbackAndCatchFirstError (http://localhost:5176/node_modules/.vite/deps/chunk-KVMAXHTM.js?v=c435cca1:3742:33)
    at executeDispatch (http://localhost:5176/node_modules/.vite/deps/chunk-KVMAXHTM.js?v=c435cca1:7046:11)
    at processDispatchQueueItemsInOrder (http://localhost:5176/node_modules/.vite/deps/chunk-KVMAXHTM.js?v=c435cca1:7066:15)
    at processDispatchQueue (http://localhost:5176/node_modules/.vite/deps/chunk-KVMAXHTM.js?v=c435cca1:7075:13)
    at dispatchEventsForPlugins (http://localhost:5176/node_modules/.vite/deps/chunk-KVMAXHTM.js?v=c435cca1:7083:11)
[  492166ms] ReferenceError: setEditingId is not defined
    at http://localhost:5176/src/components/FreestyleBoard.jsx?t=1789621026170:637:5
    at http://localhost:5176/src/components/FreestyleBoard.jsx?t=1789621026170:847:9
    at HTMLUnknownElement.callCallback2 (http://localhost:5176/node_modules/.vite/deps/chunk-KVMAXHTM.js?v=c435cca1:3680:22)
    at Object.invokeGuardedCallbackDev (http://localhost:5176/node_modules/.vite/deps/chunk-KVMAXHTM.js?v=c435cca1:3705:24)
    at invokeGuardedCallback (http://localhost:5176/node_modules/.vite/deps/chunk-KVMAXHTM.js?v=c435cca1:3739:39)
    at invokeGuardedCallbackAndCatchFirstError (http://localhost:5176/node_modules/.vite/deps/chunk-KVMAXHTM.js?v=c435cca1:3742:33)
    at executeDispatch (http://localhost:5176/node_modules/.vite/deps/chunk-KVMAXHTM.js?v=c435cca1:7046:11)
    at processDispatchQueueItemsInOrder (http://localhost:5176/node_modules/.vite/deps/chunk-KVMAXHTM.js?v=c435cca1:7066:15)
    at processDispatchQueue (http://localhost:5176/node_modules/.vite/deps/chunk-KVMAXHTM.js?v=c435cca1:7075:13)
    at dispatchEventsForPlugins (http://localhost:5176/node_modules/.vite/deps/chunk-KVMAXHTM.js?v=c435cca1:7083:11)
[  492174ms] ReferenceError: setEditingId is not defined
    at http://localhost:5176/src/components/FreestyleBoard.jsx?t=1789621026170:637:5
    at http://localhost:5176/src/components/FreestyleBoard.jsx?t=1789621026170:847:9
    at HTMLUnknownElement.callCallback2 (http://localhost:5176/node_modules/.vite/deps/chunk-KVMAXHTM.js?v=c435cca1:3680:22)
    at Object.invokeGuardedCallbackDev (http://localhost:5176/node_modules/.vite/deps/chunk-KVMAXHTM.js?v=c435cca1:3705:24)
    at invokeGuardedCallback (http://localhost:5176/node_modules/.vite/deps/chunk-KVMAXHTM.js?v=c435cca1:3739:39)
    at invokeGuardedCallbackAndCatchFirstError (http://localhost:5176/node_modules/.vite/deps/chunk-KVMAXHTM.js?v=c435cca1:3742:33)
    at executeDispatch (http://localhost:5176/node_modules/.vite/deps/chunk-KVMAXHTM.js?v=c435cca1:7046:11)
    at processDispatchQueueItemsInOrder (http://localhost:5176/node_modules/.vite/deps/chunk-KVMAXHTM.js?v=c435cca1:7066:15)
    at processDispatchQueue (http://localhost:5176/node_modules/.vite/deps/chunk-KVMAXHTM.js?v=c435cca1:7075:13)
    at dispatchEventsForPlugins (http://localhost:5176/node_modules/.vite/deps/chunk-KVMAXHTM.js?v=c435cca1:7083:11)
[  492174ms] ReferenceError: setEditingId is not defined
    at http://localhost:5176/src/components/FreestyleBoard.jsx?t=1789621026170:637:5
    at http://localhost:5176/src/components/FreestyleBoard.jsx?t=1789621026170:847:9
    at HTMLUnknownElement.callCallback2 (http://localhost:5176/node_modules/.vite/deps/chunk-KVMAXHTM.js?v=c435cca1:3680:22)
    at Object.invokeGuardedCallbackDev (http://localhost:5176/node_modules/.vite/deps/chunk-KVMAXHTM.js?v=c435cca1:3705:24)
    at invokeGuardedCallback (http://localhost:5176/node_modules/.vite/deps/chunk-KVMAXHTM.js?v=c435cca1:3739:39)
    at invokeGuardedCallbackAndCatchFirstError (http://localhost:5176/node_modules/.vite/deps/chunk-KVMAXHTM.js?v=c435cca1:3742:33)
    at executeDispatch (http://localhost:5176/node_modules/.vite/deps/chunk-KVMAXHTM.js?v=c435cca1:7046:11)
    at processDispatchQueueItemsInOrder (http://localhost:5176/node_modules/.vite/deps/chunk-KVMAXHTM.js?v=c435cca1:7066:15)
    at processDispatchQueue (http://localhost:5176/node_modules/.vite/deps/chunk-KVMAXHTM.js?v=c435cca1:7075:13)
    at dispatchEventsForPlugins (http://localhost:5176/node_modules/.vite/deps/chunk-KVMAXHTM.js?v=c435cca1:7083:11)
[  492184ms] ReferenceError: setEditingId is not defined
    at http://localhost:5176/src/components/FreestyleBoard.jsx?t=1789621026170:637:5
    at http://localhost:5176/src/components/FreestyleBoard.jsx?t=1789621026170:847:9
    at HTMLUnknownElement.callCallback2 (http://localhost:5176/node_modules/.vite/deps/chunk-KVMAXHTM.js?v=c435cca1:3680:22)
    at Object.invokeGuardedCallbackDev (http://localhost:5176/node_modules/.vite/deps/chunk-KVMAXHTM.js?v=c435cca1:3705:24)
    at invokeGuardedCallback (http://localhost:5176/node_modules/.vite/deps/chunk-KVMAXHTM.js?v=c435cca1:3739:39)
    at invokeGuardedCallbackAndCatchFirstError (http://localhost:5176/node_modules/.vite/deps/chunk-KVMAXHTM.js?v=c435cca1:3742:33)
    at executeDispatch (http://localhost:5176/node_modules/.vite/deps/chunk-KVMAXHTM.js?v=c435cca1:7046:11)
    at processDispatchQueueItemsInOrder (http://localhost:5176/node_modules/.vite/deps/chunk-KVMAXHTM.js?v=c435cca1:7066:15)
    at processDispatchQueue (http://localhost:5176/node_modules/.vite/deps/chunk-KVMAXHTM.js?v=c435cca1:7075:13)
    at dispatchEventsForPlugins (http://localhost:5176/node_modules/.vite/deps/chunk-KVMAXHTM.js?v=c435cca1:7083:11)
[  492185ms] ReferenceError: setEditingId is not defined
    at http://localhost:5176/src/components/FreestyleBoard.jsx?t=1789621026170:637:5
    at http://localhost:5176/src/components/FreestyleBoard.jsx?t=1789621026170:847:9
    at HTMLUnknownElement.callCallback2 (http://localhost:5176/node_modules/.vite/deps/chunk-KVMAXHTM.js?v=c435cca1:3680:22)
    at Object.invokeGuardedCallbackDev (http://localhost:5176/node_modules/.vite/deps/chunk-KVMAXHTM.js?v=c435cca1:3705:24)
    at invokeGuardedCallback (http://localhost:5176/node_modules/.vite/deps/chunk-KVMAXHTM.js?v=c435cca1:3739:39)
    at invokeGuardedCallbackAndCatchFirstError (http://localhost:5176/node_modules/.vite/deps/chunk-KVMAXHTM.js?v=c435cca1:3742:33)
    at executeDispatch (http://localhost:5176/node_modules/.vite/deps/chunk-KVMAXHTM.js?v=c435cca1:7046:11)
    at processDispatchQueueItemsInOrder (http://localhost:5176/node_modules/.vite/deps/chunk-KVMAXHTM.js?v=c435cca1:7066:15)
    at processDispatchQueue (http://localhost:5176/node_modules/.vite/deps/chunk-KVMAXHTM.js?v=c435cca1:7075:13)
    at dispatchEventsForPlugins (http://localhost:5176/node_modules/.vite/deps/chunk-KVMAXHTM.js?v=c435cca1:7083:11)
[  492189ms] ReferenceError: setEditingId is not defined
    at http://localhost:5176/src/components/FreestyleBoard.jsx?t=1789621026170:637:5
    at http://localhost:5176/src/components/FreestyleBoard.jsx?t=1789621026170:847:9
    at HTMLUnknownElement.callCallback2 (http://localhost:5176/node_modules/.vite/deps/chunk-KVMAXHTM.js?v=c435cca1:3680:22)
    at Object.invokeGuardedCallbackDev (http://localhost:5176/node_modules/.vite/deps/chunk-KVMAXHTM.js?v=c435cca1:3705:24)
    at invokeGuardedCallback (http://localhost:5176/node_modules/.vite/deps/chunk-KVMAXHTM.js?v=c435cca1:3739:39)
    at invokeGuardedCallbackAndCatchFirstError (http://localhost:5176/node_modules/.vite/deps/chunk-KVMAXHTM.js?v=c435cca1:3742:33)
    at executeDispatch (http://localhost:5176/node_modules/.vite/deps/chunk-KVMAXHTM.js?v=c435cca1:7046:11)
    at processDispatchQueueItemsInOrder (http://localhost:5176/node_modules/.vite/deps/chunk-KVMAXHTM.js?v=c435cca1:7066:15)
    at processDispatchQueue (http://localhost:5176/node_modules/.vite/deps/chunk-KVMAXHTM.js?v=c435cca1:7075:13)
    at dispatchEventsForPlugins (http://localhost:5176/node_modules/.vite/deps/chunk-KVMAXHTM.js?v=c435cca1:7083:11)
[  492190ms] ReferenceError: setEditingId is not defined
    at http://localhost:5176/src/components/FreestyleBoard.jsx?t=1789621026170:637:5
    at http://localhost:5176/src/components/FreestyleBoard.jsx?t=1789621026170:847:9
    at HTMLUnknownElement.callCallback2 (http://localhost:5176/node_modules/.vite/deps/chunk-KVMAXHTM.js?v=c435cca1:3680:22)
    at Object.invokeGuardedCallbackDev (http://localhost:5176/node_modules/.vite/deps/chunk-KVMAXHTM.js?v=c435cca1:3705:24)
    at invokeGuardedCallback (http://localhost:5176/node_modules/.vite/deps/chunk-KVMAXHTM.js?v=c435cca1:3739:39)
    at invokeGuardedCallbackAndCatchFirstError (http://localhost:5176/node_modules/.vite/deps/chunk-KVMAXHTM.js?v=c435cca1:3742:33)
    at executeDispatch (http://localhost:5176/node_modules/.vite/deps/chunk-KVMAXHTM.js?v=c435cca1:7046:11)
    at processDispatchQueueItemsInOrder (http://localhost:5176/node_modules/.vite/deps/chunk-KVMAXHTM.js?v=c435cca1:7066:15)
    at processDispatchQueue (http://localhost:5176/node_modules/.vite/deps/chunk-KVMAXHTM.js?v=c435cca1:7075:13)
    at dispatchEventsForPlugins (http://localhost:5176/node_modules/.vite/deps/chunk-KVMAXHTM.js?v=c435cca1:7083:11)
[  492198ms] ReferenceError: setEditingId is not defined
    at http://localhost:5176/src/components/FreestyleBoard.jsx?t=1789621026170:637:5
    at http://localhost:5176/src/components/FreestyleBoard.jsx?t=1789621026170:847:9
    at HTMLUnknownElement.callCallback2 (http://localhost:5176/node_modules/.vite/deps/chunk-KVMAXHTM.js?v=c435cca1:3680:22)
    at Object.invokeGuardedCallbackDev (http://localhost:5176/node_modules/.vite/deps/chunk-KVMAXHTM.js?v=c435cca1:3705:24)
    at invokeGuardedCallback (http://localhost:5176/node_modules/.vite/deps/chunk-KVMAXHTM.js?v=c435cca1:3739:39)
    at invokeGuardedCallbackAndCatchFirstError (http://localhost:5176/node_modules/.vite/deps/chunk-KVMAXHTM.js?v=c435cca1:3742:33)
    at executeDispatch (http://localhost:5176/node_modules/.vite/deps/chunk-KVMAXHTM.js?v=c435cca1:7046:11)
    at processDispatchQueueItemsInOrder (http://localhost:5176/node_modules/.vite/deps/chunk-KVMAXHTM.js?v=c435cca1:7066:15)
    at processDispatchQueue (http://localhost:5176/node_modules/.vite/deps/chunk-KVMAXHTM.js?v=c435cca1:7075:13)
    at dispatchEventsForPlugins (http://localhost:5176/node_modules/.vite/deps/chunk-KVMAXHTM.js?v=c435cca1:7083:11)
[  492199ms] ReferenceError: setEditingId is not defined
    at http://localhost:5176/src/components/FreestyleBoard.jsx?t=1789621026170:637:5
    at http://localhost:5176/src/components/FreestyleBoard.jsx?t=1789621026170:847:9
    at HTMLUnknownElement.callCallback2 (http://localhost:5176/node_modules/.vite/deps/chunk-KVMAXHTM.js?v=c435cca1:3680:22)
    at Object.invokeGuardedCallbackDev (http://localhost:5176/node_modules/.vite/deps/chunk-KVMAXHTM.js?v=c435cca1:3705:24)
    at invokeGuardedCallback (http://localhost:5176/node_modules/.vite/deps/chunk-KVMAXHTM.js?v=c435cca1:3739:39)
    at invokeGuardedCallbackAndCatchFirstError (http://localhost:5176/node_modules/.vite/deps/chunk-KVMAXHTM.js?v=c435cca1:3742:33)
    at executeDispatch (http://localhost:5176/node_modules/.vite/deps/chunk-KVMAXHTM.js?v=c435cca1:7046:11)
    at processDispatchQueueItemsInOrder (http://localhost:5176/node_modules/.vite/deps/chunk-KVMAXHTM.js?v=c435cca1:7066:15)
    at processDispatchQueue (http://localhost:5176/node_modules/.vite/deps/chunk-KVMAXHTM.js?v=c435cca1:7075:13)
    at dispatchEventsForPlugins (http://localhost:5176/node_modules/.vite/deps/chunk-KVMAXHTM.js?v=c435cca1:7083:11)
[  492206ms] ReferenceError: setEditingId is not defined
    at http://localhost:5176/src/components/FreestyleBoard.jsx?t=1789621026170:637:5
    at http://localhost:5176/src/components/FreestyleBoard.jsx?t=1789621026170:847:9
    at HTMLUnknownElement.callCallback2 (http://localhost:5176/node_modules/.vite/deps/chunk-KVMAXHTM.js?v=c435cca1:3680:22)
    at Object.invokeGuardedCallbackDev (http://localhost:5176/node_modules/.vite/deps/chunk-KVMAXHTM.js?v=c435cca1:3705:24)
    at invokeGuardedCallback (http://localhost:5176/node_modules/.vite/deps/chunk-KVMAXHTM.js?v=c435cca1:3739:39)
    at invokeGuardedCallbackAndCatchFirstError (http://localhost:5176/node_modules/.vite/deps/chunk-KVMAXHTM.js?v=c435cca1:3742:33)
    at executeDispatch (http://localhost:5176/node_modules/.vite/deps/chunk-KVMAXHTM.js?v=c435cca1:7046:11)
    at processDispatchQueueItemsInOrder (http://localhost:5176/node_modules/.vite/deps/chunk-KVMAXHTM.js?v=c435cca1:7066:15)
    at processDispatchQueue (http://localhost:5176/node_modules/.vite/deps/chunk-KVMAXHTM.js?v=c435cca1:7075:13)
    at dispatchEventsForPlugins (http://localhost:5176/node_modules/.vite/deps/chunk-KVMAXHTM.js?v=c435cca1:7083:11)
[  492206ms] ReferenceError: setEditingId is not defined
    at http://localhost:5176/src/components/FreestyleBoard.jsx?t=1789621026170:637:5
    at http://localhost:5176/src/components/FreestyleBoard.jsx?t=1789621026170:847:9
    at HTMLUnknownElement.callCallback2 (http://localhost:5176/node_modules/.vite/deps/chunk-KVMAXHTM.js?v=c435cca1:3680:22)
    at Object.invokeGuardedCallbackDev (http://localhost:5176/node_modules/.vite/deps/chunk-KVMAXHTM.js?v=c435cca1:3705:24)
    at invokeGuardedCallback (http://localhost:5176/node_modules/.vite/deps/chunk-KVMAXHTM.js?v=c435cca1:3739:39)
    at invokeGuardedCallbackAndCatchFirstError (http://localhost:5176/node_modules/.vite/deps/chunk-KVMAXHTM.js?v=c435cca1:3742:33)
    at executeDispatch (http://localhost:5176/node_modules/.vite/deps/chunk-KVMAXHTM.js?v=c435cca1:7046:11)
    at processDispatchQueueItemsInOrder (http://localhost:5176/node_modules/.vite/deps/chunk-KVMAXHTM.js?v=c435cca1:7066:15)
    at processDispatchQueue (http://localhost:5176/node_modules/.vite/deps/chunk-KVMAXHTM.js?v=c435cca1:7075:13)
    at dispatchEventsForPlugins (http://localhost:5176/node_modules/.vite/deps/chunk-KVMAXHTM.js?v=c435cca1:7083:11)
[  492218ms] ReferenceError: setEditingId is not defined
    at http://localhost:5176/src/components/FreestyleBoard.jsx?t=1789621026170:637:5
    at http://localhost:5176/src/components/FreestyleBoard.jsx?t=1789621026170:847:9
    at HTMLUnknownElement.callCallback2 (http://localhost:5176/node_modules/.vite/deps/chunk-KVMAXHTM.js?v=c435cca1:3680:22)
    at Object.invokeGuardedCallbackDev (http://localhost:5176/node_modules/.vite/deps/chunk-KVMAXHTM.js?v=c435cca1:3705:24)
    at invokeGuardedCallback (http://localhost:5176/node_modules/.vite/deps/chunk-KVMAXHTM.js?v=c435cca1:3739:39)
    at invokeGuardedCallbackAndCatchFirstError (http://localhost:5176/node_modules/.vite/deps/chunk-KVMAXHTM.js?v=c435cca1:3742:33)
    at executeDispatch (http://localhost:5176/node_modules/.vite/deps/chunk-KVMAXHTM.js?v=c435cca1:7046:11)
    at processDispatchQueueItemsInOrder (http://localhost:5176/node_modules/.vite/deps/chunk-KVMAXHTM.js?v=c435cca1:7066:15)
    at processDispatchQueue (http://localhost:5176/node_modules/.vite/deps/chunk-KVMAXHTM.js?v=c435cca1:7075:13)
    at dispatchEventsForPlugins (http://localhost:5176/node_modules/.vite/deps/chunk-KVMAXHTM.js?v=c435cca1:7083:11)
[  492219ms] ReferenceError: setEditingId is not defined
    at http://localhost:5176/src/components/FreestyleBoard.jsx?t=1789621026170:637:5
    at http://localhost:5176/src/components/FreestyleBoard.jsx?t=1789621026170:847:9
    at HTMLUnknownElement.callCallback2 (http://localhost:5176/node_modules/.vite/deps/chunk-KVMAXHTM.js?v=c435cca1:3680:22)
    at Object.invokeGuardedCallbackDev (http://localhost:5176/node_modules/.vite/deps/chunk-KVMAXHTM.js?v=c435cca1:3705:24)
    at invokeGuardedCallback (http://localhost:5176/node_modules/.vite/deps/chunk-KVMAXHTM.js?v=c435cca1:3739:39)
    at invokeGuardedCallbackAndCatchFirstError (http://localhost:5176/node_modules/.vite/deps/chunk-KVMAXHTM.js?v=c435cca1:3742:33)
    at executeDispatch (http://localhost:5176/node_modules/.vite/deps/chunk-KVMAXHTM.js?v=c435cca1:7046:11)
    at processDispatchQueueItemsInOrder (http://localhost:5176/node_modules/.vite/deps/chunk-KVMAXHTM.js?v=c435cca1:7066:15)
    at processDispatchQueue (http://localhost:5176/node_modules/.vite/deps/chunk-KVMAXHTM.js?v=c435cca1:7075:13)
    at dispatchEventsForPlugins (http://localhost:5176/node_modules/.vite/deps/chunk-KVMAXHTM.js?v=c435cca1:7083:11)
[  492227ms] ReferenceError: setEditingId is not defined
    at http://localhost:5176/src/components/FreestyleBoard.jsx?t=1789621026170:637:5
    at http://localhost:5176/src/components/FreestyleBoard.jsx?t=1789621026170:847:9
    at HTMLUnknownElement.callCallback2 (http://localhost:5176/node_modules/.vite/deps/chunk-KVMAXHTM.js?v=c435cca1:3680:22)
    at Object.invokeGuardedCallbackDev (http://localhost:5176/node_modules/.vite/deps/chunk-KVMAXHTM.js?v=c435cca1:3705:24)
    at invokeGuardedCallback (http://localhost:5176/node_modules/.vite/deps/chunk-KVMAXHTM.js?v=c435cca1:3739:39)
    at invokeGuardedCallbackAndCatchFirstError (http://localhost:5176/node_modules/.vite/deps/chunk-KVMAXHTM.js?v=c435cca1:3742:33)
    at executeDispatch (http://localhost:5176/node_modules/.vite/deps/chunk-KVMAXHTM.js?v=c435cca1:7046:11)
    at processDispatchQueueItemsInOrder (http://localhost:5176/node_modules/.vite/deps/chunk-KVMAXHTM.js?v=c435cca1:7066:15)
    at processDispatchQueue (http://localhost:5176/node_modules/.vite/deps/chunk-KVMAXHTM.js?v=c435cca1:7075:13)
    at dispatchEventsForPlugins (http://localhost:5176/node_modules/.vite/deps/chunk-KVMAXHTM.js?v=c435cca1:7083:11)
[  492228ms] ReferenceError: setEditingId is not defined
    at http://localhost:5176/src/components/FreestyleBoard.jsx?t=1789621026170:637:5
    at http://localhost:5176/src/components/FreestyleBoard.jsx?t=1789621026170:847:9
    at HTMLUnknownElement.callCallback2 (http://localhost:5176/node_modules/.vite/deps/chunk-KVMAXHTM.js?v=c435cca1:3680:22)
    at Object.invokeGuardedCallbackDev (http://localhost:5176/node_modules/.vite/deps/chunk-KVMAXHTM.js?v=c435cca1:3705:24)
    at invokeGuardedCallback (http://localhost:5176/node_modules/.vite/deps/chunk-KVMAXHTM.js?v=c435cca1:3739:39)
    at invokeGuardedCallbackAndCatchFirstError (http://localhost:5176/node_modules/.vite/deps/chunk-KVMAXHTM.js?v=c435cca1:3742:33)
    at executeDispatch (http://localhost:5176/node_modules/.vite/deps/chunk-KVMAXHTM.js?v=c435cca1:7046:11)
    at processDispatchQueueItemsInOrder (http://localhost:5176/node_modules/.vite/deps/chunk-KVMAXHTM.js?v=c435cca1:7066:15)
    at processDispatchQueue (http://localhost:5176/node_modules/.vite/deps/chunk-KVMAXHTM.js?v=c435cca1:7075:13)
    at dispatchEventsForPlugins (http://localhost:5176/node_modules/.vite/deps/chunk-KVMAXHTM.js?v=c435cca1:7083:11)
[  492232ms] ReferenceError: setEditingId is not defined
    at http://localhost:5176/src/components/FreestyleBoard.jsx?t=1789621026170:637:5
    at http://localhost:5176/src/components/FreestyleBoard.jsx?t=1789621026170:847:9
    at HTMLUnknownElement.callCallback2 (http://localhost:5176/node_modules/.vite/deps/chunk-KVMAXHTM.js?v=c435cca1:3680:22)
    at Object.invokeGuardedCallbackDev (http://localhost:5176/node_modules/.vite/deps/chunk-KVMAXHTM.js?v=c435cca1:3705:24)
    at invokeGuardedCallback (http://localhost:5176/node_modules/.vite/deps/chunk-KVMAXHTM.js?v=c435cca1:3739:39)
    at invokeGuardedCallbackAndCatchFirstError (http://localhost:5176/node_modules/.vite/deps/chunk-KVMAXHTM.js?v=c435cca1:3742:33)
    at executeDispatch (http://localhost:5176/node_modules/.vite/deps/chunk-KVMAXHTM.js?v=c435cca1:7046:11)
    at processDispatchQueueItemsInOrder (http://localhost:5176/node_modules/.vite/deps/chunk-KVMAXHTM.js?v=c435cca1:7066:15)
    at processDispatchQueue (http://localhost:5176/node_modules/.vite/deps/chunk-KVMAXHTM.js?v=c435cca1:7075:13)
    at dispatchEventsForPlugins (http://localhost:5176/node_modules/.vite/deps/chunk-KVMAXHTM.js?v=c435cca1:7083:11)
[  492232ms] ReferenceError: setEditingId is not defined
    at http://localhost:5176/src/components/FreestyleBoard.jsx?t=1789621026170:637:5
    at http://localhost:5176/src/components/FreestyleBoard.jsx?t=1789621026170:847:9
    at HTMLUnknownElement.callCallback2 (http://localhost:5176/node_modules/.vite/deps/chunk-KVMAXHTM.js?v=c435cca1:3680:22)
    at Object.invokeGuardedCallbackDev (http://localhost:5176/node_modules/.vite/deps/chunk-KVMAXHTM.js?v=c435cca1:3705:24)
    at invokeGuardedCallback (http://localhost:5176/node_modules/.vite/deps/chunk-KVMAXHTM.js?v=c435cca1:3739:39)
    at invokeGuardedCallbackAndCatchFirstError (http://localhost:5176/node_modules/.vite/deps/chunk-KVMAXHTM.js?v=c435cca1:3742:33)
    at executeDispatch (http://localhost:5176/node_modules/.vite/deps/chunk-KVMAXHTM.js?v=c435cca1:7046:11)
    at processDispatchQueueItemsInOrder (http://localhost:5176/node_modules/.vite/deps/chunk-KVMAXHTM.js?v=c435cca1:7066:15)
    at processDispatchQueue (http://localhost:5176/node_modules/.vite/deps/chunk-KVMAXHTM.js?v=c435cca1:7075:13)
    at dispatchEventsForPlugins (http://localhost:5176/node_modules/.vite/deps/chunk-KVMAXHTM.js?v=c435cca1:7083:11)
[  492240ms] ReferenceError: setEditingId is not defined
    at http://localhost:5176/src/components/FreestyleBoard.jsx?t=1789621026170:637:5
    at http://localhost:5176/src/components/FreestyleBoard.jsx?t=1789621026170:847:9
    at HTMLUnknownElement.callCallback2 (http://localhost:5176/node_modules/.vite/deps/chunk-KVMAXHTM.js?v=c435cca1:3680:22)
    at Object.invokeGuardedCallbackDev (http://localhost:5176/node_modules/.vite/deps/chunk-KVMAXHTM.js?v=c435cca1:3705:24)
    at invokeGuardedCallback (http://localhost:5176/node_modules/.vite/deps/chunk-KVMAXHTM.js?v=c435cca1:3739:39)
    at invokeGuardedCallbackAndCatchFirstError (http://localhost:5176/node_modules/.vite/deps/chunk-KVMAXHTM.js?v=c435cca1:3742:33)
    at executeDispatch (http://localhost:5176/node_modules/.vite/deps/chunk-KVMAXHTM.js?v=c435cca1:7046:11)
    at processDispatchQueueItemsInOrder (http://localhost:5176/node_modules/.vite/deps/chunk-KVMAXHTM.js?v=c435cca1:7066:15)
    at processDispatchQueue (http://localhost:5176/node_modules/.vite/deps/chunk-KVMAXHTM.js?v=c435cca1:7075:13)
    at dispatchEventsForPlugins (http://localhost:5176/node_modules/.vite/deps/chunk-KVMAXHTM.js?v=c435cca1:7083:11)
[  492240ms] ReferenceError: setEditingId is not defined
    at http://localhost:5176/src/components/FreestyleBoard.jsx?t=1789621026170:637:5
    at http://localhost:5176/src/components/FreestyleBoard.jsx?t=1789621026170:847:9
    at HTMLUnknownElement.callCallback2 (http://localhost:5176/node_modules/.vite/deps/chunk-KVMAXHTM.js?v=c435cca1:3680:22)
    at Object.invokeGuardedCallbackDev (http://localhost:5176/node_modules/.vite/deps/chunk-KVMAXHTM.js?v=c435cca1:3705:24)
    at invokeGuardedCallback (http://localhost:5176/node_modules/.vite/deps/chunk-KVMAXHTM.js?v=c435cca1:3739:39)
    at invokeGuardedCallbackAndCatchFirstError (http://localhost:5176/node_modules/.vite/deps/chunk-KVMAXHTM.js?v=c435cca1:3742:33)
    at executeDispatch (http://localhost:5176/node_modules/.vite/deps/chunk-KVMAXHTM.js?v=c435cca1:7046:11)
    at processDispatchQueueItemsInOrder (http://localhost:5176/node_modules/.vite/deps/chunk-KVMAXHTM.js?v=c435cca1:7066:15)
    at processDispatchQueue (http://localhost:5176/node_modules/.vite/deps/chunk-KVMAXHTM.js?v=c435cca1:7075:13)
    at dispatchEventsForPlugins (http://localhost:5176/node_modules/.vite/deps/chunk-KVMAXHTM.js?v=c435cca1:7083:11)
[  492249ms] ReferenceError: setEditingId is not defined
    at http://localhost:5176/src/components/FreestyleBoard.jsx?t=1789621026170:637:5
    at http://localhost:5176/src/components/FreestyleBoard.jsx?t=1789621026170:847:9
    at HTMLUnknownElement.callCallback2 (http://localhost:5176/node_modules/.vite/deps/chunk-KVMAXHTM.js?v=c435cca1:3680:22)
    at Object.invokeGuardedCallbackDev (http://localhost:5176/node_modules/.vite/deps/chunk-KVMAXHTM.js?v=c435cca1:3705:24)
    at invokeGuardedCallback (http://localhost:5176/node_modules/.vite/deps/chunk-KVMAXHTM.js?v=c435cca1:3739:39)
    at invokeGuardedCallbackAndCatchFirstError (http://localhost:5176/node_modules/.vite/deps/chunk-KVMAXHTM.js?v=c435cca1:3742:33)
    at executeDispatch (http://localhost:5176/node_modules/.vite/deps/chunk-KVMAXHTM.js?v=c435cca1:7046:11)
    at processDispatchQueueItemsInOrder (http://localhost:5176/node_modules/.vite/deps/chunk-KVMAXHTM.js?v=c435cca1:7066:15)
    at processDispatchQueue (http://localhost:5176/node_modules/.vite/deps/chunk-KVMAXHTM.js?v=c435cca1:7075:13)
    at dispatchEventsForPlugins (http://localhost:5176/node_modules/.vite/deps/chunk-KVMAXHTM.js?v=c435cca1:7083:11)
[  492250ms] ReferenceError: setEditingId is not defined
    at http://localhost:5176/src/components/FreestyleBoard.jsx?t=1789621026170:637:5
    at http://localhost:5176/src/components/FreestyleBoard.jsx?t=1789621026170:847:9
    at HTMLUnknownElement.callCallback2 (http://localhost:5176/node_modules/.vite/deps/chunk-KVMAXHTM.js?v=c435cca1:3680:22)
    at Object.invokeGuardedCallbackDev (http://localhost:5176/node_modules/.vite/deps/chunk-KVMAXHTM.js?v=c435cca1:3705:24)
    at invokeGuardedCallback (http://localhost:5176/node_modules/.vite/deps/chunk-KVMAXHTM.js?v=c435cca1:3739:39)
    at invokeGuardedCallbackAndCatchFirstError (http://localhost:5176/node_modules/.vite/deps/chunk-KVMAXHTM.js?v=c435cca1:3742:33)
    at executeDispatch (http://localhost:5176/node_modules/.vite/deps/chunk-KVMAXHTM.js?v=c435cca1:7046:11)
    at processDispatchQueueItemsInOrder (http://localhost:5176/node_modules/.vite/deps/chunk-KVMAXHTM.js?v=c435cca1:7066:15)
    at processDispatchQueue (http://localhost:5176/node_modules/.vite/deps/chunk-KVMAXHTM.js?v=c435cca1:7075:13)
    at dispatchEventsForPlugins (http://localhost:5176/node_modules/.vite/deps/chunk-KVMAXHTM.js?v=c435cca1:7083:11)
[  492359ms] ReferenceError: setEditingId is not defined
    at http://localhost:5176/src/components/FreestyleBoard.jsx?t=1789621026170:637:5
    at http://localhost:5176/src/components/FreestyleBoard.jsx?t=1789621026170:847:9
    at HTMLUnknownElement.callCallback2 (http://localhost:5176/node_modules/.vite/deps/chunk-KVMAXHTM.js?v=c435cca1:3680:22)
    at Object.invokeGuardedCallbackDev (http://localhost:5176/node_modules/.vite/deps/chunk-KVMAXHTM.js?v=c435cca1:3705:24)
    at invokeGuardedCallback (http://localhost:5176/node_modules/.vite/deps/chunk-KVMAXHTM.js?v=c435cca1:3739:39)
    at invokeGuardedCallbackAndCatchFirstError (http://localhost:5176/node_modules/.vite/deps/chunk-KVMAXHTM.js?v=c435cca1:3742:33)
    at executeDispatch (http://localhost:5176/node_modules/.vite/deps/chunk-KVMAXHTM.js?v=c435cca1:7046:11)
    at processDispatchQueueItemsInOrder (http://localhost:5176/node_modules/.vite/deps/chunk-KVMAXHTM.js?v=c435cca1:7066:15)
    at processDispatchQueue (http://localhost:5176/node_modules/.vite/deps/chunk-KVMAXHTM.js?v=c435cca1:7075:13)
    at dispatchEventsForPlugins (http://localhost:5176/node_modules/.vite/deps/chunk-KVMAXHTM.js?v=c435cca1:7083:11)
[  492359ms] ReferenceError: setEditingId is not defined
    at http://localhost:5176/src/components/FreestyleBoard.jsx?t=1789621026170:637:5
    at http://localhost:5176/src/components/FreestyleBoard.jsx?t=1789621026170:847:9
    at HTMLUnknownElement.callCallback2 (http://localhost:5176/node_modules/.vite/deps/chunk-KVMAXHTM.js?v=c435cca1:3680:22)
    at Object.invokeGuardedCallbackDev (http://localhost:5176/node_modules/.vite/deps/chunk-KVMAXHTM.js?v=c435cca1:3705:24)
    at invokeGuardedCallback (http://localhost:5176/node_modules/.vite/deps/chunk-KVMAXHTM.js?v=c435cca1:3739:39)
    at invokeGuardedCallbackAndCatchFirstError (http://localhost:5176/node_modules/.vite/deps/chunk-KVMAXHTM.js?v=c435cca1:3742:33)
    at executeDispatch (http://localhost:5176/node_modules/.vite/deps/chunk-KVMAXHTM.js?v=c435cca1:7046:11)
    at processDispatchQueueItemsInOrder (http://localhost:5176/node_modules/.vite/deps/chunk-KVMAXHTM.js?v=c435cca1:7066:15)
    at processDispatchQueue (http://localhost:5176/node_modules/.vite/deps/chunk-KVMAXHTM.js?v=c435cca1:7075:13)
    at dispatchEventsForPlugins (http://localhost:5176/node_modules/.vite/deps/chunk-KVMAXHTM.js?v=c435cca1:7083:11)
[  495238ms] ReferenceError: setEditingId is not defined
    at http://localhost:5176/src/components/FreestyleBoard.jsx?t=1789621026170:637:5
    at http://localhost:5176/src/components/FreestyleBoard.jsx?t=1789621026170:847:9
    at HTMLUnknownElement.callCallback2 (http://localhost:5176/node_modules/.vite/deps/chunk-KVMAXHTM.js?v=c435cca1:3680:22)
    at Object.invokeGuardedCallbackDev (http://localhost:5176/node_modules/.vite/deps/chunk-KVMAXHTM.js?v=c435cca1:3705:24)
    at invokeGuardedCallback (http://localhost:5176/node_modules/.vite/deps/chunk-KVMAXHTM.js?v=c435cca1:3739:39)
    at invokeGuardedCallbackAndCatchFirstError (http://localhost:5176/node_modules/.vite/deps/chunk-KVMAXHTM.js?v=c435cca1:3742:33)
    at executeDispatch (http://localhost:5176/node_modules/.vite/deps/chunk-KVMAXHTM.js?v=c435cca1:7046:11)
    at processDispatchQueueItemsInOrder (http://localhost:5176/node_modules/.vite/deps/chunk-KVMAXHTM.js?v=c435cca1:7066:15)
    at processDispatchQueue (http://localhost:5176/node_modules/.vite/deps/chunk-KVMAXHTM.js?v=c435cca1:7075:13)
    at dispatchEventsForPlugins (http://localhost:5176/node_modules/.vite/deps/chunk-KVMAXHTM.js?v=c435cca1:7083:11)
[  495239ms] ReferenceError: setEditingId is not defined
    at http://localhost:5176/src/components/FreestyleBoard.jsx?t=1789621026170:637:5
    at http://localhost:5176/src/components/FreestyleBoard.jsx?t=1789621026170:847:9
    at HTMLUnknownElement.callCallback2 (http://localhost:5176/node_modules/.vite/deps/chunk-KVMAXHTM.js?v=c435cca1:3680:22)
    at Object.invokeGuardedCallbackDev (http://localhost:5176/node_modules/.vite/deps/chunk-KVMAXHTM.js?v=c435cca1:3705:24)
    at invokeGuardedCallback (http://localhost:5176/node_modules/.vite/deps/chunk-KVMAXHTM.js?v=c435cca1:3739:39)
    at invokeGuardedCallbackAndCatchFirstError (http://localhost:5176/node_modules/.vite/deps/chunk-KVMAXHTM.js?v=c435cca1:3742:33)
    at executeDispatch (http://localhost:5176/node_modules/.vite/deps/chunk-KVMAXHTM.js?v=c435cca1:7046:11)
    at processDispatchQueueItemsInOrder (http://localhost:5176/node_modules/.vite/deps/chunk-KVMAXHTM.js?v=c435cca1:7066:15)
    at processDispatchQueue (http://localhost:5176/node_modules/.vite/deps/chunk-KVMAXHTM.js?v=c435cca1:7075:13)
    at dispatchEventsForPlugins (http://localhost:5176/node_modules/.vite/deps/chunk-KVMAXHTM.js?v=c435cca1:7083:11)
[  495363ms] ReferenceError: setEditingId is not defined
    at http://localhost:5176/src/components/FreestyleBoard.jsx?t=1789621026170:637:5
    at http://localhost:5176/src/components/FreestyleBoard.jsx?t=1789621026170:847:9
    at HTMLUnknownElement.callCallback2 (http://localhost:5176/node_modules/.vite/deps/chunk-KVMAXHTM.js?v=c435cca1:3680:22)
    at Object.invokeGuardedCallbackDev (http://localhost:5176/node_modules/.vite/deps/chunk-KVMAXHTM.js?v=c435cca1:3705:24)
    at invokeGuardedCallback (http://localhost:5176/node_modules/.vite/deps/chunk-KVMAXHTM.js?v=c435cca1:3739:39)
    at invokeGuardedCallbackAndCatchFirstError (http://localhost:5176/node_modules/.vite/deps/chunk-KVMAXHTM.js?v=c435cca1:3742:33)
    at executeDispatch (http://localhost:5176/node_modules/.vite/deps/chunk-KVMAXHTM.js?v=c435cca1:7046:11)
    at processDispatchQueueItemsInOrder (http://localhost:5176/node_modules/.vite/deps/chunk-KVMAXHTM.js?v=c435cca1:7066:15)
    at processDispatchQueue (http://localhost:5176/node_modules/.vite/deps/chunk-KVMAXHTM.js?v=c435cca1:7075:13)
    at dispatchEventsForPlugins (http://localhost:5176/node_modules/.vite/deps/chunk-KVMAXHTM.js?v=c435cca1:7083:11)
[  495364ms] ReferenceError: setEditingId is not defined
    at http://localhost:5176/src/components/FreestyleBoard.jsx?t=1789621026170:637:5
    at http://localhost:5176/src/components/FreestyleBoard.jsx?t=1789621026170:847:9
    at HTMLUnknownElement.callCallback2 (http://localhost:5176/node_modules/.vite/deps/chunk-KVMAXHTM.js?v=c435cca1:3680:22)
    at Object.invokeGuardedCallbackDev (http://localhost:5176/node_modules/.vite/deps/chunk-KVMAXHTM.js?v=c435cca1:3705:24)
    at invokeGuardedCallback (http://localhost:5176/node_modules/.vite/deps/chunk-KVMAXHTM.js?v=c435cca1:3739:39)
    at invokeGuardedCallbackAndCatchFirstError (http://localhost:5176/node_modules/.vite/deps/chunk-KVMAXHTM.js?v=c435cca1:3742:33)
    at executeDispatch (http://localhost:5176/node_modules/.vite/deps/chunk-KVMAXHTM.js?v=c435cca1:7046:11)
    at processDispatchQueueItemsInOrder (http://localhost:5176/node_modules/.vite/deps/chunk-KVMAXHTM.js?v=c435cca1:7066:15)
    at processDispatchQueue (http://localhost:5176/node_modules/.vite/deps/chunk-KVMAXHTM.js?v=c435cca1:7075:13)
    at dispatchEventsForPlugins (http://localhost:5176/node_modules/.vite/deps/chunk-KVMAXHTM.js?v=c435cca1:7083:11)
[  496746ms] ReferenceError: setEditingId is not defined
    at http://localhost:5176/src/components/FreestyleBoard.jsx?t=1789621026170:637:5
    at http://localhost:5176/src/components/FreestyleBoard.jsx?t=1789621026170:847:9
    at HTMLUnknownElement.callCallback2 (http://localhost:5176/node_modules/.vite/deps/chunk-KVMAXHTM.js?v=c435cca1:3680:22)
    at Object.invokeGuardedCallbackDev (http://localhost:5176/node_modules/.vite/deps/chunk-KVMAXHTM.js?v=c435cca1:3705:24)
    at invokeGuardedCallback (http://localhost:5176/node_modules/.vite/deps/chunk-KVMAXHTM.js?v=c435cca1:3739:39)
    at invokeGuardedCallbackAndCatchFirstError (http://localhost:5176/node_modules/.vite/deps/chunk-KVMAXHTM.js?v=c435cca1:3742:33)
    at executeDispatch (http://localhost:5176/node_modules/.vite/deps/chunk-KVMAXHTM.js?v=c435cca1:7046:11)
    at processDispatchQueueItemsInOrder (http://localhost:5176/node_modules/.vite/deps/chunk-KVMAXHTM.js?v=c435cca1:7066:15)
    at processDispatchQueue (http://localhost:5176/node_modules/.vite/deps/chunk-KVMAXHTM.js?v=c435cca1:7075:13)
    at dispatchEventsForPlugins (http://localhost:5176/node_modules/.vite/deps/chunk-KVMAXHTM.js?v=c435cca1:7083:11)
[  496747ms] ReferenceError: setEditingId is not defined
    at http://localhost:5176/src/components/FreestyleBoard.jsx?t=1789621026170:637:5
    at http://localhost:5176/src/components/FreestyleBoard.jsx?t=1789621026170:847:9
    at HTMLUnknownElement.callCallback2 (http://localhost:5176/node_modules/.vite/deps/chunk-KVMAXHTM.js?v=c435cca1:3680:22)
    at Object.invokeGuardedCallbackDev (http://localhost:5176/node_modules/.vite/deps/chunk-KVMAXHTM.js?v=c435cca1:3705:24)
    at invokeGuardedCallback (http://localhost:5176/node_modules/.vite/deps/chunk-KVMAXHTM.js?v=c435cca1:3739:39)
    at invokeGuardedCallbackAndCatchFirstError (http://localhost:5176/node_modules/.vite/deps/chunk-KVMAXHTM.js?v=c435cca1:3742:33)
    at executeDispatch (http://localhost:5176/node_modules/.vite/deps/chunk-KVMAXHTM.js?v=c435cca1:7046:11)
    at processDispatchQueueItemsInOrder (http://localhost:5176/node_modules/.vite/deps/chunk-KVMAXHTM.js?v=c435cca1:7066:15)
    at processDispatchQueue (http://localhost:5176/node_modules/.vite/deps/chunk-KVMAXHTM.js?v=c435cca1:7075:13)
    at dispatchEventsForPlugins (http://localhost:5176/node_modules/.vite/deps/chunk-KVMAXHTM.js?v=c435cca1:7083:11)
[  497396ms] ReferenceError: setEditingId is not defined
    at http://localhost:5176/src/components/FreestyleBoard.jsx?t=1789621026170:637:5
    at http://localhost:5176/src/components/FreestyleBoard.jsx?t=1789621026170:847:9
    at HTMLUnknownElement.callCallback2 (http://localhost:5176/node_modules/.vite/deps/chunk-KVMAXHTM.js?v=c435cca1:3680:22)
    at Object.invokeGuardedCallbackDev (http://localhost:5176/node_modules/.vite/deps/chunk-KVMAXHTM.js?v=c435cca1:3705:24)
    at invokeGuardedCallback (http://localhost:5176/node_modules/.vite/deps/chunk-KVMAXHTM.js?v=c435cca1:3739:39)
    at invokeGuardedCallbackAndCatchFirstError (http://localhost:5176/node_modules/.vite/deps/chunk-KVMAXHTM.js?v=c435cca1:3742:33)
    at executeDispatch (http://localhost:5176/node_modules/.vite/deps/chunk-KVMAXHTM.js?v=c435cca1:7046:11)
    at processDispatchQueueItemsInOrder (http://localhost:5176/node_modules/.vite/deps/chunk-KVMAXHTM.js?v=c435cca1:7066:15)
    at processDispatchQueue (http://localhost:5176/node_modules/.vite/deps/chunk-KVMAXHTM.js?v=c435cca1:7075:13)
    at dispatchEventsForPlugins (http://localhost:5176/node_modules/.vite/deps/chunk-KVMAXHTM.js?v=c435cca1:7083:11)
[  497397ms] ReferenceError: setEditingId is not defined
    at http://localhost:5176/src/components/FreestyleBoard.jsx?t=1789621026170:637:5
    at http://localhost:5176/src/components/FreestyleBoard.jsx?t=1789621026170:847:9
    at HTMLUnknownElement.callCallback2 (http://localhost:5176/node_modules/.vite/deps/chunk-KVMAXHTM.js?v=c435cca1:3680:22)
    at Object.invokeGuardedCallbackDev (http://localhost:5176/node_modules/.vite/deps/chunk-KVMAXHTM.js?v=c435cca1:3705:24)
    at invokeGuardedCallback (http://localhost:5176/node_modules/.vite/deps/chunk-KVMAXHTM.js?v=c435cca1:3739:39)
    at invokeGuardedCallbackAndCatchFirstError (http://localhost:5176/node_modules/.vite/deps/chunk-KVMAXHTM.js?v=c435cca1:3742:33)
    at executeDispatch (http://localhost:5176/node_modules/.vite/deps/chunk-KVMAXHTM.js?v=c435cca1:7046:11)
    at processDispatchQueueItemsInOrder (http://localhost:5176/node_modules/.vite/deps/chunk-KVMAXHTM.js?v=c435cca1:7066:15)
    at processDispatchQueue (http://localhost:5176/node_modules/.vite/deps/chunk-KVMAXHTM.js?v=c435cca1:7075:13)
    at dispatchEventsForPlugins (http://localhost:5176/node_modules/.vite/deps/chunk-KVMAXHTM.js?v=c435cca1:7083:11)
[  497463ms] ReferenceError: setEditingId is not defined
    at http://localhost:5176/src/components/FreestyleBoard.jsx?t=1789621026170:637:5
    at http://localhost:5176/src/components/FreestyleBoard.jsx?t=1789621026170:847:9
    at HTMLUnknownElement.callCallback2 (http://localhost:5176/node_modules/.vite/deps/chunk-KVMAXHTM.js?v=c435cca1:3680:22)
    at Object.invokeGuardedCallbackDev (http://localhost:5176/node_modules/.vite/deps/chunk-KVMAXHTM.js?v=c435cca1:3705:24)
    at invokeGuardedCallback (http://localhost:5176/node_modules/.vite/deps/chunk-KVMAXHTM.js?v=c435cca1:3739:39)
    at invokeGuardedCallbackAndCatchFirstError (http://localhost:5176/node_modules/.vite/deps/chunk-KVMAXHTM.js?v=c435cca1:3742:33)
    at executeDispatch (http://localhost:5176/node_modules/.vite/deps/chunk-KVMAXHTM.js?v=c435cca1:7046:11)
    at processDispatchQueueItemsInOrder (http://localhost:5176/node_modules/.vite/deps/chunk-KVMAXHTM.js?v=c435cca1:7066:15)
    at processDispatchQueue (http://localhost:5176/node_modules/.vite/deps/chunk-KVMAXHTM.js?v=c435cca1:7075:13)
    at dispatchEventsForPlugins (http://localhost:5176/node_modules/.vite/deps/chunk-KVMAXHTM.js?v=c435cca1:7083:11)
[  497464ms] ReferenceError: setEditingId is not defined
    at http://localhost:5176/src/components/FreestyleBoard.jsx?t=1789621026170:637:5
    at http://localhost:5176/src/components/FreestyleBoard.jsx?t=1789621026170:847:9
    at HTMLUnknownElement.callCallback2 (http://localhost:5176/node_modules/.vite/deps/chunk-KVMAXHTM.js?v=c435cca1:3680:22)
    at Object.invokeGuardedCallbackDev (http://localhost:5176/node_modules/.vite/deps/chunk-KVMAXHTM.js?v=c435cca1:3705:24)
    at invokeGuardedCallback (http://localhost:5176/node_modules/.vite/deps/chunk-KVMAXHTM.js?v=c435cca1:3739:39)
    at invokeGuardedCallbackAndCatchFirstError (http://localhost:5176/node_modules/.vite/deps/chunk-KVMAXHTM.js?v=c435cca1:3742:33)
    at executeDispatch (http://localhost:5176/node_modules/.vite/deps/chunk-KVMAXHTM.js?v=c435cca1:7046:11)
    at processDispatchQueueItemsInOrder (http://localhost:5176/node_modules/.vite/deps/chunk-KVMAXHTM.js?v=c435cca1:7066:15)
    at processDispatchQueue (http://localhost:5176/node_modules/.vite/deps/chunk-KVMAXHTM.js?v=c435cca1:7075:13)
    at dispatchEventsForPlugins (http://localhost:5176/node_modules/.vite/deps/chunk-KVMAXHTM.js?v=c435cca1:7083:11)
[  497472ms] ReferenceError: setEditingId is not defined
    at http://localhost:5176/src/components/FreestyleBoard.jsx?t=1789621026170:637:5
    at http://localhost:5176/src/components/FreestyleBoard.jsx?t=1789621026170:847:9
    at HTMLUnknownElement.callCallback2 (http://localhost:5176/node_modules/.vite/deps/chunk-KVMAXHTM.js?v=c435cca1:3680:22)
    at Object.invokeGuardedCallbackDev (http://localhost:5176/node_modules/.vite/deps/chunk-KVMAXHTM.js?v=c435cca1:3705:24)
    at invokeGuardedCallback (http://localhost:5176/node_modules/.vite/deps/chunk-KVMAXHTM.js?v=c435cca1:3739:39)
    at invokeGuardedCallbackAndCatchFirstError (http://localhost:5176/node_modules/.vite/deps/chunk-KVMAXHTM.js?v=c435cca1:3742:33)
    at executeDispatch (http://localhost:5176/node_modules/.vite/deps/chunk-KVMAXHTM.js?v=c435cca1:7046:11)
    at processDispatchQueueItemsInOrder (http://localhost:5176/node_modules/.vite/deps/chunk-KVMAXHTM.js?v=c435cca1:7066:15)
    at processDispatchQueue (http://localhost:5176/node_modules/.vite/deps/chunk-KVMAXHTM.js?v=c435cca1:7075:13)
    at dispatchEventsForPlugins (http://localhost:5176/node_modules/.vite/deps/chunk-KVMAXHTM.js?v=c435cca1:7083:11)
[  497473ms] ReferenceError: setEditingId is not defined
    at http://localhost:5176/src/components/FreestyleBoard.jsx?t=1789621026170:637:5
    at http://localhost:5176/src/components/FreestyleBoard.jsx?t=1789621026170:847:9
    at HTMLUnknownElement.callCallback2 (http://localhost:5176/node_modules/.vite/deps/chunk-KVMAXHTM.js?v=c435cca1:3680:22)
    at Object.invokeGuardedCallbackDev (http://localhost:5176/node_modules/.vite/deps/chunk-KVMAXHTM.js?v=c435cca1:3705:24)
    at invokeGuardedCallback (http://localhost:5176/node_modules/.vite/deps/chunk-KVMAXHTM.js?v=c435cca1:3739:39)
    at invokeGuardedCallbackAndCatchFirstError (http://localhost:5176/node_modules/.vite/deps/chunk-KVMAXHTM.js?v=c435cca1:3742:33)
    at executeDispatch (http://localhost:5176/node_modules/.vite/deps/chunk-KVMAXHTM.js?v=c435cca1:7046:11)
    at processDispatchQueueItemsInOrder (http://localhost:5176/node_modules/.vite/deps/chunk-KVMAXHTM.js?v=c435cca1:7066:15)
    at processDispatchQueue (http://localhost:5176/node_modules/.vite/deps/chunk-KVMAXHTM.js?v=c435cca1:7075:13)
    at dispatchEventsForPlugins (http://localhost:5176/node_modules/.vite/deps/chunk-KVMAXHTM.js?v=c435cca1:7083:11)
[  497483ms] ReferenceError: setEditingId is not defined
    at http://localhost:5176/src/components/FreestyleBoard.jsx?t=1789621026170:637:5
    at http://localhost:5176/src/components/FreestyleBoard.jsx?t=1789621026170:847:9
    at HTMLUnknownElement.callCallback2 (http://localhost:5176/node_modules/.vite/deps/chunk-KVMAXHTM.js?v=c435cca1:3680:22)
    at Object.invokeGuardedCallbackDev (http://localhost:5176/node_modules/.vite/deps/chunk-KVMAXHTM.js?v=c435cca1:3705:24)
    at invokeGuardedCallback (http://localhost:5176/node_modules/.vite/deps/chunk-KVMAXHTM.js?v=c435cca1:3739:39)
    at invokeGuardedCallbackAndCatchFirstError (http://localhost:5176/node_modules/.vite/deps/chunk-KVMAXHTM.js?v=c435cca1:3742:33)
    at executeDispatch (http://localhost:5176/node_modules/.vite/deps/chunk-KVMAXHTM.js?v=c435cca1:7046:11)
    at processDispatchQueueItemsInOrder (http://localhost:5176/node_modules/.vite/deps/chunk-KVMAXHTM.js?v=c435cca1:7066:15)
    at processDispatchQueue (http://localhost:5176/node_modules/.vite/deps/chunk-KVMAXHTM.js?v=c435cca1:7075:13)
    at dispatchEventsForPlugins (http://localhost:5176/node_modules/.vite/deps/chunk-KVMAXHTM.js?v=c435cca1:7083:11)
[  497483ms] ReferenceError: setEditingId is not defined
    at http://localhost:5176/src/components/FreestyleBoard.jsx?t=1789621026170:637:5
    at http://localhost:5176/src/components/FreestyleBoard.jsx?t=1789621026170:847:9
    at HTMLUnknownElement.callCallback2 (http://localhost:5176/node_modules/.vite/deps/chunk-KVMAXHTM.js?v=c435cca1:3680:22)
    at Object.invokeGuardedCallbackDev (http://localhost:5176/node_modules/.vite/deps/chunk-KVMAXHTM.js?v=c435cca1:3705:24)
    at invokeGuardedCallback (http://localhost:5176/node_modules/.vite/deps/chunk-KVMAXHTM.js?v=c435cca1:3739:39)
    at invokeGuardedCallbackAndCatchFirstError (http://localhost:5176/node_modules/.vite/deps/chunk-KVMAXHTM.js?v=c435cca1:3742:33)
    at executeDispatch (http://localhost:5176/node_modules/.vite/deps/chunk-KVMAXHTM.js?v=c435cca1:7046:11)
    at processDispatchQueueItemsInOrder (http://localhost:5176/node_modules/.vite/deps/chunk-KVMAXHTM.js?v=c435cca1:7066:15)
    at processDispatchQueue (http://localhost:5176/node_modules/.vite/deps/chunk-KVMAXHTM.js?v=c435cca1:7075:13)
    at dispatchEventsForPlugins (http://localhost:5176/node_modules/.vite/deps/chunk-KVMAXHTM.js?v=c435cca1:7083:11)
[  497491ms] ReferenceError: setEditingId is not defined
    at http://localhost:5176/src/components/FreestyleBoard.jsx?t=1789621026170:637:5
    at http://localhost:5176/src/components/FreestyleBoard.jsx?t=1789621026170:847:9
    at HTMLUnknownElement.callCallback2 (http://localhost:5176/node_modules/.vite/deps/chunk-KVMAXHTM.js?v=c435cca1:3680:22)
    at Object.invokeGuardedCallbackDev (http://localhost:5176/node_modules/.vite/deps/chunk-KVMAXHTM.js?v=c435cca1:3705:24)
    at invokeGuardedCallback (http://localhost:5176/node_modules/.vite/deps/chunk-KVMAXHTM.js?v=c435cca1:3739:39)
    at invokeGuardedCallbackAndCatchFirstError (http://localhost:5176/node_modules/.vite/deps/chunk-KVMAXHTM.js?v=c435cca1:3742:33)
    at executeDispatch (http://localhost:5176/node_modules/.vite/deps/chunk-KVMAXHTM.js?v=c435cca1:7046:11)
    at processDispatchQueueItemsInOrder (http://localhost:5176/node_modules/.vite/deps/chunk-KVMAXHTM.js?v=c435cca1:7066:15)
    at processDispatchQueue (http://localhost:5176/node_modules/.vite/deps/chunk-KVMAXHTM.js?v=c435cca1:7075:13)
    at dispatchEventsForPlugins (http://localhost:5176/node_modules/.vite/deps/chunk-KVMAXHTM.js?v=c435cca1:7083:11)
[  497492ms] ReferenceError: setEditingId is not defined
    at http://localhost:5176/src/components/FreestyleBoard.jsx?t=1789621026170:637:5
    at http://localhost:5176/src/components/FreestyleBoard.jsx?t=1789621026170:847:9
    at HTMLUnknownElement.callCallback2 (http://localhost:5176/node_modules/.vite/deps/chunk-KVMAXHTM.js?v=c435cca1:3680:22)
    at Object.invokeGuardedCallbackDev (http://localhost:5176/node_modules/.vite/deps/chunk-KVMAXHTM.js?v=c435cca1:3705:24)
    at invokeGuardedCallback (http://localhost:5176/node_modules/.vite/deps/chunk-KVMAXHTM.js?v=c435cca1:3739:39)
    at invokeGuardedCallbackAndCatchFirstError (http://localhost:5176/node_modules/.vite/deps/chunk-KVMAXHTM.js?v=c435cca1:3742:33)
    at executeDispatch (http://localhost:5176/node_modules/.vite/deps/chunk-KVMAXHTM.js?v=c435cca1:7046:11)
    at processDispatchQueueItemsInOrder (http://localhost:5176/node_modules/.vite/deps/chunk-KVMAXHTM.js?v=c435cca1:7066:15)
    at processDispatchQueue (http://localhost:5176/node_modules/.vite/deps/chunk-KVMAXHTM.js?v=c435cca1:7075:13)
    at dispatchEventsForPlugins (http://localhost:5176/node_modules/.vite/deps/chunk-KVMAXHTM.js?v=c435cca1:7083:11)
[  497501ms] ReferenceError: setEditingId is not defined
    at http://localhost:5176/src/components/FreestyleBoard.jsx?t=1789621026170:637:5
    at http://localhost:5176/src/components/FreestyleBoard.jsx?t=1789621026170:847:9
    at HTMLUnknownElement.callCallback2 (http://localhost:5176/node_modules/.vite/deps/chunk-KVMAXHTM.js?v=c435cca1:3680:22)
    at Object.invokeGuardedCallbackDev (http://localhost:5176/node_modules/.vite/deps/chunk-KVMAXHTM.js?v=c435cca1:3705:24)
    at invokeGuardedCallback (http://localhost:5176/node_modules/.vite/deps/chunk-KVMAXHTM.js?v=c435cca1:3739:39)
    at invokeGuardedCallbackAndCatchFirstError (http://localhost:5176/node_modules/.vite/deps/chunk-KVMAXHTM.js?v=c435cca1:3742:33)
    at executeDispatch (http://localhost:5176/node_modules/.vite/deps/chunk-KVMAXHTM.js?v=c435cca1:7046:11)
    at processDispatchQueueItemsInOrder (http://localhost:5176/node_modules/.vite/deps/chunk-KVMAXHTM.js?v=c435cca1:7066:15)
    at processDispatchQueue (http://localhost:5176/node_modules/.vite/deps/chunk-KVMAXHTM.js?v=c435cca1:7075:13)
    at dispatchEventsForPlugins (http://localhost:5176/node_modules/.vite/deps/chunk-KVMAXHTM.js?v=c435cca1:7083:11)
[  497502ms] ReferenceError: setEditingId is not defined
    at http://localhost:5176/src/components/FreestyleBoard.jsx?t=1789621026170:637:5
    at http://localhost:5176/src/components/FreestyleBoard.jsx?t=1789621026170:847:9
    at HTMLUnknownElement.callCallback2 (http://localhost:5176/node_modules/.vite/deps/chunk-KVMAXHTM.js?v=c435cca1:3680:22)
    at Object.invokeGuardedCallbackDev (http://localhost:5176/node_modules/.vite/deps/chunk-KVMAXHTM.js?v=c435cca1:3705:24)
    at invokeGuardedCallback (http://localhost:5176/node_modules/.vite/deps/chunk-KVMAXHTM.js?v=c435cca1:3739:39)
    at invokeGuardedCallbackAndCatchFirstError (http://localhost:5176/node_modules/.vite/deps/chunk-KVMAXHTM.js?v=c435cca1:3742:33)
    at executeDispatch (http://localhost:5176/node_modules/.vite/deps/chunk-KVMAXHTM.js?v=c435cca1:7046:11)
    at processDispatchQueueItemsInOrder (http://localhost:5176/node_modules/.vite/deps/chunk-KVMAXHTM.js?v=c435cca1:7066:15)
    at processDispatchQueue (http://localhost:5176/node_modules/.vite/deps/chunk-KVMAXHTM.js?v=c435cca1:7075:13)
    at dispatchEventsForPlugins (http://localhost:5176/node_modules/.vite/deps/chunk-KVMAXHTM.js?v=c435cca1:7083:11)
[  497507ms] ReferenceError: setEditingId is not defined
    at http://localhost:5176/src/components/FreestyleBoard.jsx?t=1789621026170:637:5
    at http://localhost:5176/src/components/FreestyleBoard.jsx?t=1789621026170:847:9
    at HTMLUnknownElement.callCallback2 (http://localhost:5176/node_modules/.vite/deps/chunk-KVMAXHTM.js?v=c435cca1:3680:22)
    at Object.invokeGuardedCallbackDev (http://localhost:5176/node_modules/.vite/deps/chunk-KVMAXHTM.js?v=c435cca1:3705:24)
    at invokeGuardedCallback (http://localhost:5176/node_modules/.vite/deps/chunk-KVMAXHTM.js?v=c435cca1:3739:39)
    at invokeGuardedCallbackAndCatchFirstError (http://localhost:5176/node_modules/.vite/deps/chunk-KVMAXHTM.js?v=c435cca1:3742:33)
    at executeDispatch (http://localhost:5176/node_modules/.vite/deps/chunk-KVMAXHTM.js?v=c435cca1:7046:11)
    at processDispatchQueueItemsInOrder (http://localhost:5176/node_modules/.vite/deps/chunk-KVMAXHTM.js?v=c435cca1:7066:15)
    at processDispatchQueue (http://localhost:5176/node_modules/.vite/deps/chunk-KVMAXHTM.js?v=c435cca1:7075:13)
    at dispatchEventsForPlugins (http://localhost:5176/node_modules/.vite/deps/chunk-KVMAXHTM.js?v=c435cca1:7083:11)
[  497508ms] ReferenceError: setEditingId is not defined
    at http://localhost:5176/src/components/FreestyleBoard.jsx?t=1789621026170:637:5
    at http://localhost:5176/src/components/FreestyleBoard.jsx?t=1789621026170:847:9
    at HTMLUnknownElement.callCallback2 (http://localhost:5176/node_modules/.vite/deps/chunk-KVMAXHTM.js?v=c435cca1:3680:22)
    at Object.invokeGuardedCallbackDev (http://localhost:5176/node_modules/.vite/deps/chunk-KVMAXHTM.js?v=c435cca1:3705:24)
    at invokeGuardedCallback (http://localhost:5176/node_modules/.vite/deps/chunk-KVMAXHTM.js?v=c435cca1:3739:39)
    at invokeGuardedCallbackAndCatchFirstError (http://localhost:5176/node_modules/.vite/deps/chunk-KVMAXHTM.js?v=c435cca1:3742:33)
    at executeDispatch (http://localhost:5176/node_modules/.vite/deps/chunk-KVMAXHTM.js?v=c435cca1:7046:11)
    at processDispatchQueueItemsInOrder (http://localhost:5176/node_modules/.vite/deps/chunk-KVMAXHTM.js?v=c435cca1:7066:15)
    at processDispatchQueue (http://localhost:5176/node_modules/.vite/deps/chunk-KVMAXHTM.js?v=c435cca1:7075:13)
    at dispatchEventsForPlugins (http://localhost:5176/node_modules/.vite/deps/chunk-KVMAXHTM.js?v=c435cca1:7083:11)
[  497515ms] ReferenceError: setEditingId is not defined
    at http://localhost:5176/src/components/FreestyleBoard.jsx?t=1789621026170:637:5
    at http://localhost:5176/src/components/FreestyleBoard.jsx?t=1789621026170:847:9
    at HTMLUnknownElement.callCallback2 (http://localhost:5176/node_modules/.vite/deps/chunk-KVMAXHTM.js?v=c435cca1:3680:22)
    at Object.invokeGuardedCallbackDev (http://localhost:5176/node_modules/.vite/deps/chunk-KVMAXHTM.js?v=c435cca1:3705:24)
    at invokeGuardedCallback (http://localhost:5176/node_modules/.vite/deps/chunk-KVMAXHTM.js?v=c435cca1:3739:39)
    at invokeGuardedCallbackAndCatchFirstError (http://localhost:5176/node_modules/.vite/deps/chunk-KVMAXHTM.js?v=c435cca1:3742:33)
    at executeDispatch (http://localhost:5176/node_modules/.vite/deps/chunk-KVMAXHTM.js?v=c435cca1:7046:11)
    at processDispatchQueueItemsInOrder (http://localhost:5176/node_modules/.vite/deps/chunk-KVMAXHTM.js?v=c435cca1:7066:15)
    at processDispatchQueue (http://localhost:5176/node_modules/.vite/deps/chunk-KVMAXHTM.js?v=c435cca1:7075:13)
    at dispatchEventsForPlugins (http://localhost:5176/node_modules/.vite/deps/chunk-KVMAXHTM.js?v=c435cca1:7083:11)
[  497519ms] ReferenceError: setEditingId is not defined
    at http://localhost:5176/src/components/FreestyleBoard.jsx?t=1789621026170:637:5
    at http://localhost:5176/src/components/FreestyleBoard.jsx?t=1789621026170:847:9
    at HTMLUnknownElement.callCallback2 (http://localhost:5176/node_modules/.vite/deps/chunk-KVMAXHTM.js?v=c435cca1:3680:22)
    at Object.invokeGuardedCallbackDev (http://localhost:5176/node_modules/.vite/deps/chunk-KVMAXHTM.js?v=c435cca1:3705:24)
    at invokeGuardedCallback (http://localhost:5176/node_modules/.vite/deps/chunk-KVMAXHTM.js?v=c435cca1:3739:39)
    at invokeGuardedCallbackAndCatchFirstError (http://localhost:5176/node_modules/.vite/deps/chunk-KVMAXHTM.js?v=c435cca1:3742:33)
    at executeDispatch (http://localhost:5176/node_modules/.vite/deps/chunk-KVMAXHTM.js?v=c435cca1:7046:11)
    at processDispatchQueueItemsInOrder (http://localhost:5176/node_modules/.vite/deps/chunk-KVMAXHTM.js?v=c435cca1:7066:15)
    at processDispatchQueue (http://localhost:5176/node_modules/.vite/deps/chunk-KVMAXHTM.js?v=c435cca1:7075:13)
    at dispatchEventsForPlugins (http://localhost:5176/node_modules/.vite/deps/chunk-KVMAXHTM.js?v=c435cca1:7083:11)
[  497529ms] ReferenceError: setEditingId is not defined
    at http://localhost:5176/src/components/FreestyleBoard.jsx?t=1789621026170:637:5
    at http://localhost:5176/src/components/FreestyleBoard.jsx?t=1789621026170:847:9
    at HTMLUnknownElement.callCallback2 (http://localhost:5176/node_modules/.vite/deps/chunk-KVMAXHTM.js?v=c435cca1:3680:22)
    at Object.invokeGuardedCallbackDev (http://localhost:5176/node_modules/.vite/deps/chunk-KVMAXHTM.js?v=c435cca1:3705:24)
    at invokeGuardedCallback (http://localhost:5176/node_modules/.vite/deps/chunk-KVMAXHTM.js?v=c435cca1:3739:39)
    at invokeGuardedCallbackAndCatchFirstError (http://localhost:5176/node_modules/.vite/deps/chunk-KVMAXHTM.js?v=c435cca1:3742:33)
    at executeDispatch (http://localhost:5176/node_modules/.vite/deps/chunk-KVMAXHTM.js?v=c435cca1:7046:11)
    at processDispatchQueueItemsInOrder (http://localhost:5176/node_modules/.vite/deps/chunk-KVMAXHTM.js?v=c435cca1:7066:15)
    at processDispatchQueue (http://localhost:5176/node_modules/.vite/deps/chunk-KVMAXHTM.js?v=c435cca1:7075:13)
    at dispatchEventsForPlugins (http://localhost:5176/node_modules/.vite/deps/chunk-KVMAXHTM.js?v=c435cca1:7083:11)
[  497532ms] ReferenceError: setEditingId is not defined
    at http://localhost:5176/src/components/FreestyleBoard.jsx?t=1789621026170:637:5
    at http://localhost:5176/src/components/FreestyleBoard.jsx?t=1789621026170:847:9
    at HTMLUnknownElement.callCallback2 (http://localhost:5176/node_modules/.vite/deps/chunk-KVMAXHTM.js?v=c435cca1:3680:22)
    at Object.invokeGuardedCallbackDev (http://localhost:5176/node_modules/.vite/deps/chunk-KVMAXHTM.js?v=c435cca1:3705:24)
    at invokeGuardedCallback (http://localhost:5176/node_modules/.vite/deps/chunk-KVMAXHTM.js?v=c435cca1:3739:39)
    at invokeGuardedCallbackAndCatchFirstError (http://localhost:5176/node_modules/.vite/deps/chunk-KVMAXHTM.js?v=c435cca1:3742:33)
    at executeDispatch (http://localhost:5176/node_modules/.vite/deps/chunk-KVMAXHTM.js?v=c435cca1:7046:11)
    at processDispatchQueueItemsInOrder (http://localhost:5176/node_modules/.vite/deps/chunk-KVMAXHTM.js?v=c435cca1:7066:15)
    at processDispatchQueue (http://localhost:5176/node_modules/.vite/deps/chunk-KVMAXHTM.js?v=c435cca1:7075:13)
    at dispatchEventsForPlugins (http://localhost:5176/node_modules/.vite/deps/chunk-KVMAXHTM.js?v=c435cca1:7083:11)
[  497536ms] ReferenceError: setEditingId is not defined
    at http://localhost:5176/src/components/FreestyleBoard.jsx?t=1789621026170:637:5
    at http://localhost:5176/src/components/FreestyleBoard.jsx?t=1789621026170:847:9
    at HTMLUnknownElement.callCallback2 (http://localhost:5176/node_modules/.vite/deps/chunk-KVMAXHTM.js?v=c435cca1:3680:22)
    at Object.invokeGuardedCallbackDev (http://localhost:5176/node_modules/.vite/deps/chunk-KVMAXHTM.js?v=c435cca1:3705:24)
    at invokeGuardedCallback (http://localhost:5176/node_modules/.vite/deps/chunk-KVMAXHTM.js?v=c435cca1:3739:39)
    at invokeGuardedCallbackAndCatchFirstError (http://localhost:5176/node_modules/.vite/deps/chunk-KVMAXHTM.js?v=c435cca1:3742:33)
    at executeDispatch (http://localhost:5176/node_modules/.vite/deps/chunk-KVMAXHTM.js?v=c435cca1:7046:11)
    at processDispatchQueueItemsInOrder (http://localhost:5176/node_modules/.vite/deps/chunk-KVMAXHTM.js?v=c435cca1:7066:15)
    at processDispatchQueue (http://localhost:5176/node_modules/.vite/deps/chunk-KVMAXHTM.js?v=c435cca1:7075:13)
    at dispatchEventsForPlugins (http://localhost:5176/node_modules/.vite/deps/chunk-KVMAXHTM.js?v=c435cca1:7083:11)
[  497540ms] ReferenceError: setEditingId is not defined
    at http://localhost:5176/src/components/FreestyleBoard.jsx?t=1789621026170:637:5
    at http://localhost:5176/src/components/FreestyleBoard.jsx?t=1789621026170:847:9
    at HTMLUnknownElement.callCallback2 (http://localhost:5176/node_modules/.vite/deps/chunk-KVMAXHTM.js?v=c435cca1:3680:22)
    at Object.invokeGuardedCallbackDev (http://localhost:5176/node_modules/.vite/deps/chunk-KVMAXHTM.js?v=c435cca1:3705:24)
    at invokeGuardedCallback (http://localhost:5176/node_modules/.vite/deps/chunk-KVMAXHTM.js?v=c435cca1:3739:39)
    at invokeGuardedCallbackAndCatchFirstError (http://localhost:5176/node_modules/.vite/deps/chunk-KVMAXHTM.js?v=c435cca1:3742:33)
    at executeDispatch (http://localhost:5176/node_modules/.vite/deps/chunk-KVMAXHTM.js?v=c435cca1:7046:11)
    at processDispatchQueueItemsInOrder (http://localhost:5176/node_modules/.vite/deps/chunk-KVMAXHTM.js?v=c435cca1:7066:15)
    at processDispatchQueue (http://localhost:5176/node_modules/.vite/deps/chunk-KVMAXHTM.js?v=c435cca1:7075:13)
    at dispatchEventsForPlugins (http://localhost:5176/node_modules/.vite/deps/chunk-KVMAXHTM.js?v=c435cca1:7083:11)
[  497547ms] ReferenceError: setEditingId is not defined
    at http://localhost:5176/src/components/FreestyleBoard.jsx?t=1789621026170:637:5
    at http://localhost:5176/src/components/FreestyleBoard.jsx?t=1789621026170:847:9
    at HTMLUnknownElement.callCallback2 (http://localhost:5176/node_modules/.vite/deps/chunk-KVMAXHTM.js?v=c435cca1:3680:22)
    at Object.invokeGuardedCallbackDev (http://localhost:5176/node_modules/.vite/deps/chunk-KVMAXHTM.js?v=c435cca1:3705:24)
    at invokeGuardedCallback (http://localhost:5176/node_modules/.vite/deps/chunk-KVMAXHTM.js?v=c435cca1:3739:39)
    at invokeGuardedCallbackAndCatchFirstError (http://localhost:5176/node_modules/.vite/deps/chunk-KVMAXHTM.js?v=c435cca1:3742:33)
    at executeDispatch (http://localhost:5176/node_modules/.vite/deps/chunk-KVMAXHTM.js?v=c435cca1:7046:11)
    at processDispatchQueueItemsInOrder (http://localhost:5176/node_modules/.vite/deps/chunk-KVMAXHTM.js?v=c435cca1:7066:15)
    at processDispatchQueue (http://localhost:5176/node_modules/.vite/deps/chunk-KVMAXHTM.js?v=c435cca1:7075:13)
    at dispatchEventsForPlugins (http://localhost:5176/node_modules/.vite/deps/chunk-KVMAXHTM.js?v=c435cca1:7083:11)
[  497548ms] ReferenceError: setEditingId is not defined
    at http://localhost:5176/src/components/FreestyleBoard.jsx?t=1789621026170:637:5
    at http://localhost:5176/src/components/FreestyleBoard.jsx?t=1789621026170:847:9
    at HTMLUnknownElement.callCallback2 (http://localhost:5176/node_modules/.vite/deps/chunk-KVMAXHTM.js?v=c435cca1:3680:22)
    at Object.invokeGuardedCallbackDev (http://localhost:5176/node_modules/.vite/deps/chunk-KVMAXHTM.js?v=c435cca1:3705:24)
    at invokeGuardedCallback (http://localhost:5176/node_modules/.vite/deps/chunk-KVMAXHTM.js?v=c435cca1:3739:39)
    at invokeGuardedCallbackAndCatchFirstError (http://localhost:5176/node_modules/.vite/deps/chunk-KVMAXHTM.js?v=c435cca1:3742:33)
    at executeDispatch (http://localhost:5176/node_modules/.vite/deps/chunk-KVMAXHTM.js?v=c435cca1:7046:11)
    at processDispatchQueueItemsInOrder (http://localhost:5176/node_modules/.vite/deps/chunk-KVMAXHTM.js?v=c435cca1:7066:15)
    at processDispatchQueue (http://localhost:5176/node_modules/.vite/deps/chunk-KVMAXHTM.js?v=c435cca1:7075:13)
    at dispatchEventsForPlugins (http://localhost:5176/node_modules/.vite/deps/chunk-KVMAXHTM.js?v=c435cca1:7083:11)
[  497553ms] ReferenceError: setEditingId is not defined
    at http://localhost:5176/src/components/FreestyleBoard.jsx?t=1789621026170:637:5
    at http://localhost:5176/src/components/FreestyleBoard.jsx?t=1789621026170:847:9
    at HTMLUnknownElement.callCallback2 (http://localhost:5176/node_modules/.vite/deps/chunk-KVMAXHTM.js?v=c435cca1:3680:22)
    at Object.invokeGuardedCallbackDev (http://localhost:5176/node_modules/.vite/deps/chunk-KVMAXHTM.js?v=c435cca1:3705:24)
    at invokeGuardedCallback (http://localhost:5176/node_modules/.vite/deps/chunk-KVMAXHTM.js?v=c435cca1:3739:39)
    at invokeGuardedCallbackAndCatchFirstError (http://localhost:5176/node_modules/.vite/deps/chunk-KVMAXHTM.js?v=c435cca1:3742:33)
    at executeDispatch (http://localhost:5176/node_modules/.vite/deps/chunk-KVMAXHTM.js?v=c435cca1:7046:11)
    at processDispatchQueueItemsInOrder (http://localhost:5176/node_modules/.vite/deps/chunk-KVMAXHTM.js?v=c435cca1:7066:15)
    at processDispatchQueue (http://localhost:5176/node_modules/.vite/deps/chunk-KVMAXHTM.js?v=c435cca1:7075:13)
    at dispatchEventsForPlugins (http://localhost:5176/node_modules/.vite/deps/chunk-KVMAXHTM.js?v=c435cca1:7083:11)
[  497554ms] ReferenceError: setEditingId is not defined
    at http://localhost:5176/src/components/FreestyleBoard.jsx?t=1789621026170:637:5
    at http://localhost:5176/src/components/FreestyleBoard.jsx?t=1789621026170:847:9
    at HTMLUnknownElement.callCallback2 (http://localhost:5176/node_modules/.vite/deps/chunk-KVMAXHTM.js?v=c435cca1:3680:22)
    at Object.invokeGuardedCallbackDev (http://localhost:5176/node_modules/.vite/deps/chunk-KVMAXHTM.js?v=c435cca1:3705:24)
    at invokeGuardedCallback (http://localhost:5176/node_modules/.vite/deps/chunk-KVMAXHTM.js?v=c435cca1:3739:39)
    at invokeGuardedCallbackAndCatchFirstError (http://localhost:5176/node_modules/.vite/deps/chunk-KVMAXHTM.js?v=c435cca1:3742:33)
    at executeDispatch (http://localhost:5176/node_modules/.vite/deps/chunk-KVMAXHTM.js?v=c435cca1:7046:11)
    at processDispatchQueueItemsInOrder (http://localhost:5176/node_modules/.vite/deps/chunk-KVMAXHTM.js?v=c435cca1:7066:15)
    at processDispatchQueue (http://localhost:5176/node_modules/.vite/deps/chunk-KVMAXHTM.js?v=c435cca1:7075:13)
    at dispatchEventsForPlugins (http://localhost:5176/node_modules/.vite/deps/chunk-KVMAXHTM.js?v=c435cca1:7083:11)
[  497561ms] ReferenceError: setEditingId is not defined
    at http://localhost:5176/src/components/FreestyleBoard.jsx?t=1789621026170:637:5
    at http://localhost:5176/src/components/FreestyleBoard.jsx?t=1789621026170:847:9
    at HTMLUnknownElement.callCallback2 (http://localhost:5176/node_modules/.vite/deps/chunk-KVMAXHTM.js?v=c435cca1:3680:22)
    at Object.invokeGuardedCallbackDev (http://localhost:5176/node_modules/.vite/deps/chunk-KVMAXHTM.js?v=c435cca1:3705:24)
    at invokeGuardedCallback (http://localhost:5176/node_modules/.vite/deps/chunk-KVMAXHTM.js?v=c435cca1:3739:39)
    at invokeGuardedCallbackAndCatchFirstError (http://localhost:5176/node_modules/.vite/deps/chunk-KVMAXHTM.js?v=c435cca1:3742:33)
    at executeDispatch (http://localhost:5176/node_modules/.vite/deps/chunk-KVMAXHTM.js?v=c435cca1:7046:11)
    at processDispatchQueueItemsInOrder (http://localhost:5176/node_modules/.vite/deps/chunk-KVMAXHTM.js?v=c435cca1:7066:15)
    at processDispatchQueue (http://localhost:5176/node_modules/.vite/deps/chunk-KVMAXHTM.js?v=c435cca1:7075:13)
    at dispatchEventsForPlugins (http://localhost:5176/node_modules/.vite/deps/chunk-KVMAXHTM.js?v=c435cca1:7083:11)
[  497561ms] ReferenceError: setEditingId is not defined
    at http://localhost:5176/src/components/FreestyleBoard.jsx?t=1789621026170:637:5
    at http://localhost:5176/src/components/FreestyleBoard.jsx?t=1789621026170:847:9
    at HTMLUnknownElement.callCallback2 (http://localhost:5176/node_modules/.vite/deps/chunk-KVMAXHTM.js?v=c435cca1:3680:22)
    at Object.invokeGuardedCallbackDev (http://localhost:5176/node_modules/.vite/deps/chunk-KVMAXHTM.js?v=c435cca1:3705:24)
    at invokeGuardedCallback (http://localhost:5176/node_modules/.vite/deps/chunk-KVMAXHTM.js?v=c435cca1:3739:39)
    at invokeGuardedCallbackAndCatchFirstError (http://localhost:5176/node_modules/.vite/deps/chunk-KVMAXHTM.js?v=c435cca1:3742:33)
    at executeDispatch (http://localhost:5176/node_modules/.vite/deps/chunk-KVMAXHTM.js?v=c435cca1:7046:11)
    at processDispatchQueueItemsInOrder (http://localhost:5176/node_modules/.vite/deps/chunk-KVMAXHTM.js?v=c435cca1:7066:15)
    at processDispatchQueue (http://localhost:5176/node_modules/.vite/deps/chunk-KVMAXHTM.js?v=c435cca1:7075:13)
    at dispatchEventsForPlugins (http://localhost:5176/node_modules/.vite/deps/chunk-KVMAXHTM.js?v=c435cca1:7083:11)
[  497571ms] ReferenceError: setEditingId is not defined
    at http://localhost:5176/src/components/FreestyleBoard.jsx?t=1789621026170:637:5
    at http://localhost:5176/src/components/FreestyleBoard.jsx?t=1789621026170:847:9
    at HTMLUnknownElement.callCallback2 (http://localhost:5176/node_modules/.vite/deps/chunk-KVMAXHTM.js?v=c435cca1:3680:22)
    at Object.invokeGuardedCallbackDev (http://localhost:5176/node_modules/.vite/deps/chunk-KVMAXHTM.js?v=c435cca1:3705:24)
    at invokeGuardedCallback (http://localhost:5176/node_modules/.vite/deps/chunk-KVMAXHTM.js?v=c435cca1:3739:39)
    at invokeGuardedCallbackAndCatchFirstError (http://localhost:5176/node_modules/.vite/deps/chunk-KVMAXHTM.js?v=c435cca1:3742:33)
    at executeDispatch (http://localhost:5176/node_modules/.vite/deps/chunk-KVMAXHTM.js?v=c435cca1:7046:11)
    at processDispatchQueueItemsInOrder (http://localhost:5176/node_modules/.vite/deps/chunk-KVMAXHTM.js?v=c435cca1:7066:15)
    at processDispatchQueue (http://localhost:5176/node_modules/.vite/deps/chunk-KVMAXHTM.js?v=c435cca1:7075:13)
    at dispatchEventsForPlugins (http://localhost:5176/node_modules/.vite/deps/chunk-KVMAXHTM.js?v=c435cca1:7083:11)
[  497572ms] ReferenceError: setEditingId is not defined
    at http://localhost:5176/src/components/FreestyleBoard.jsx?t=1789621026170:637:5
    at http://localhost:5176/src/components/FreestyleBoard.jsx?t=1789621026170:847:9
    at HTMLUnknownElement.callCallback2 (http://localhost:5176/node_modules/.vite/deps/chunk-KVMAXHTM.js?v=c435cca1:3680:22)
    at Object.invokeGuardedCallbackDev (http://localhost:5176/node_modules/.vite/deps/chunk-KVMAXHTM.js?v=c435cca1:3705:24)
    at invokeGuardedCallback (http://localhost:5176/node_modules/.vite/deps/chunk-KVMAXHTM.js?v=c435cca1:3739:39)
    at invokeGuardedCallbackAndCatchFirstError (http://localhost:5176/node_modules/.vite/deps/chunk-KVMAXHTM.js?v=c435cca1:3742:33)
    at executeDispatch (http://localhost:5176/node_modules/.vite/deps/chunk-KVMAXHTM.js?v=c435cca1:7046:11)
    at processDispatchQueueItemsInOrder (http://localhost:5176/node_modules/.vite/deps/chunk-KVMAXHTM.js?v=c435cca1:7066:15)
    at processDispatchQueue (http://localhost:5176/node_modules/.vite/deps/chunk-KVMAXHTM.js?v=c435cca1:7075:13)
    at dispatchEventsForPlugins (http://localhost:5176/node_modules/.vite/deps/chunk-KVMAXHTM.js?v=c435cca1:7083:11)
[  497582ms] ReferenceError: setEditingId is not defined
    at http://localhost:5176/src/components/FreestyleBoard.jsx?t=1789621026170:637:5
    at http://localhost:5176/src/components/FreestyleBoard.jsx?t=1789621026170:847:9
    at HTMLUnknownElement.callCallback2 (http://localhost:5176/node_modules/.vite/deps/chunk-KVMAXHTM.js?v=c435cca1:3680:22)
    at Object.invokeGuardedCallbackDev (http://localhost:5176/node_modules/.vite/deps/chunk-KVMAXHTM.js?v=c435cca1:3705:24)
    at invokeGuardedCallback (http://localhost:5176/node_modules/.vite/deps/chunk-KVMAXHTM.js?v=c435cca1:3739:39)
    at invokeGuardedCallbackAndCatchFirstError (http://localhost:5176/node_modules/.vite/deps/chunk-KVMAXHTM.js?v=c435cca1:3742:33)
    at executeDispatch (http://localhost:5176/node_modules/.vite/deps/chunk-KVMAXHTM.js?v=c435cca1:7046:11)
    at processDispatchQueueItemsInOrder (http://localhost:5176/node_modules/.vite/deps/chunk-KVMAXHTM.js?v=c435cca1:7066:15)
    at processDispatchQueue (http://localhost:5176/node_modules/.vite/deps/chunk-KVMAXHTM.js?v=c435cca1:7075:13)
    at dispatchEventsForPlugins (http://localhost:5176/node_modules/.vite/deps/chunk-KVMAXHTM.js?v=c435cca1:7083:11)
[  497582ms] ReferenceError: setEditingId is not defined
    at http://localhost:5176/src/components/FreestyleBoard.jsx?t=1789621026170:637:5
    at http://localhost:5176/src/components/FreestyleBoard.jsx?t=1789621026170:847:9
    at HTMLUnknownElement.callCallback2 (http://localhost:5176/node_modules/.vite/deps/chunk-KVMAXHTM.js?v=c435cca1:3680:22)
    at Object.invokeGuardedCallbackDev (http://localhost:5176/node_modules/.vite/deps/chunk-KVMAXHTM.js?v=c435cca1:3705:24)
    at invokeGuardedCallback (http://localhost:5176/node_modules/.vite/deps/chunk-KVMAXHTM.js?v=c435cca1:3739:39)
    at invokeGuardedCallbackAndCatchFirstError (http://localhost:5176/node_modules/.vite/deps/chunk-KVMAXHTM.js?v=c435cca1:3742:33)
    at executeDispatch (http://localhost:5176/node_modules/.vite/deps/chunk-KVMAXHTM.js?v=c435cca1:7046:11)
    at processDispatchQueueItemsInOrder (http://localhost:5176/node_modules/.vite/deps/chunk-KVMAXHTM.js?v=c435cca1:7066:15)
    at processDispatchQueue (http://localhost:5176/node_modules/.vite/deps/chunk-KVMAXHTM.js?v=c435cca1:7075:13)
    at dispatchEventsForPlugins (http://localhost:5176/node_modules/.vite/deps/chunk-KVMAXHTM.js?v=c435cca1:7083:11)
[  497589ms] ReferenceError: setEditingId is not defined
    at http://localhost:5176/src/components/FreestyleBoard.jsx?t=1789621026170:637:5
    at http://localhost:5176/src/components/FreestyleBoard.jsx?t=1789621026170:847:9
    at HTMLUnknownElement.callCallback2 (http://localhost:5176/node_modules/.vite/deps/chunk-KVMAXHTM.js?v=c435cca1:3680:22)
    at Object.invokeGuardedCallbackDev (http://localhost:5176/node_modules/.vite/deps/chunk-KVMAXHTM.js?v=c435cca1:3705:24)
    at invokeGuardedCallback (http://localhost:5176/node_modules/.vite/deps/chunk-KVMAXHTM.js?v=c435cca1:3739:39)
    at invokeGuardedCallbackAndCatchFirstError (http://localhost:5176/node_modules/.vite/deps/chunk-KVMAXHTM.js?v=c435cca1:3742:33)
    at executeDispatch (http://localhost:5176/node_modules/.vite/deps/chunk-KVMAXHTM.js?v=c435cca1:7046:11)
    at processDispatchQueueItemsInOrder (http://localhost:5176/node_modules/.vite/deps/chunk-KVMAXHTM.js?v=c435cca1:7066:15)
    at processDispatchQueue (http://localhost:5176/node_modules/.vite/deps/chunk-KVMAXHTM.js?v=c435cca1:7075:13)
    at dispatchEventsForPlugins (http://localhost:5176/node_modules/.vite/deps/chunk-KVMAXHTM.js?v=c435cca1:7083:11)
[  497590ms] ReferenceError: setEditingId is not defined
    at http://localhost:5176/src/components/FreestyleBoard.jsx?t=1789621026170:637:5
    at http://localhost:5176/src/components/FreestyleBoard.jsx?t=1789621026170:847:9
    at HTMLUnknownElement.callCallback2 (http://localhost:5176/node_modules/.vite/deps/chunk-KVMAXHTM.js?v=c435cca1:3680:22)
    at Object.invokeGuardedCallbackDev (http://localhost:5176/node_modules/.vite/deps/chunk-KVMAXHTM.js?v=c435cca1:3705:24)
    at invokeGuardedCallback (http://localhost:5176/node_modules/.vite/deps/chunk-KVMAXHTM.js?v=c435cca1:3739:39)
    at invokeGuardedCallbackAndCatchFirstError (http://localhost:5176/node_modules/.vite/deps/chunk-KVMAXHTM.js?v=c435cca1:3742:33)
    at executeDispatch (http://localhost:5176/node_modules/.vite/deps/chunk-KVMAXHTM.js?v=c435cca1:7046:11)
    at processDispatchQueueItemsInOrder (http://localhost:5176/node_modules/.vite/deps/chunk-KVMAXHTM.js?v=c435cca1:7066:15)
    at processDispatchQueue (http://localhost:5176/node_modules/.vite/deps/chunk-KVMAXHTM.js?v=c435cca1:7075:13)
    at dispatchEventsForPlugins (http://localhost:5176/node_modules/.vite/deps/chunk-KVMAXHTM.js?v=c435cca1:7083:11)
[  497598ms] ReferenceError: setEditingId is not defined
    at http://localhost:5176/src/components/FreestyleBoard.jsx?t=1789621026170:637:5
    at http://localhost:5176/src/components/FreestyleBoard.jsx?t=1789621026170:847:9
    at HTMLUnknownElement.callCallback2 (http://localhost:5176/node_modules/.vite/deps/chunk-KVMAXHTM.js?v=c435cca1:3680:22)
    at Object.invokeGuardedCallbackDev (http://localhost:5176/node_modules/.vite/deps/chunk-KVMAXHTM.js?v=c435cca1:3705:24)
    at invokeGuardedCallback (http://localhost:5176/node_modules/.vite/deps/chunk-KVMAXHTM.js?v=c435cca1:3739:39)
    at invokeGuardedCallbackAndCatchFirstError (http://localhost:5176/node_modules/.vite/deps/chunk-KVMAXHTM.js?v=c435cca1:3742:33)
    at executeDispatch (http://localhost:5176/node_modules/.vite/deps/chunk-KVMAXHTM.js?v=c435cca1:7046:11)
    at processDispatchQueueItemsInOrder (http://localhost:5176/node_modules/.vite/deps/chunk-KVMAXHTM.js?v=c435cca1:7066:15)
    at processDispatchQueue (http://localhost:5176/node_modules/.vite/deps/chunk-KVMAXHTM.js?v=c435cca1:7075:13)
    at dispatchEventsForPlugins (http://localhost:5176/node_modules/.vite/deps/chunk-KVMAXHTM.js?v=c435cca1:7083:11)
[  497599ms] ReferenceError: setEditingId is not defined
    at http://localhost:5176/src/components/FreestyleBoard.jsx?t=1789621026170:637:5
    at http://localhost:5176/src/components/FreestyleBoard.jsx?t=1789621026170:847:9
    at HTMLUnknownElement.callCallback2 (http://localhost:5176/node_modules/.vite/deps/chunk-KVMAXHTM.js?v=c435cca1:3680:22)
    at Object.invokeGuardedCallbackDev (http://localhost:5176/node_modules/.vite/deps/chunk-KVMAXHTM.js?v=c435cca1:3705:24)
    at invokeGuardedCallback (http://localhost:5176/node_modules/.vite/deps/chunk-KVMAXHTM.js?v=c435cca1:3739:39)
    at invokeGuardedCallbackAndCatchFirstError (http://localhost:5176/node_modules/.vite/deps/chunk-KVMAXHTM.js?v=c435cca1:3742:33)
    at executeDispatch (http://localhost:5176/node_modules/.vite/deps/chunk-KVMAXHTM.js?v=c435cca1:7046:11)
    at processDispatchQueueItemsInOrder (http://localhost:5176/node_modules/.vite/deps/chunk-KVMAXHTM.js?v=c435cca1:7066:15)
    at processDispatchQueue (http://localhost:5176/node_modules/.vite/deps/chunk-KVMAXHTM.js?v=c435cca1:7075:13)
    at dispatchEventsForPlugins (http://localhost:5176/node_modules/.vite/deps/chunk-KVMAXHTM.js?v=c435cca1:7083:11)
[  497607ms] ReferenceError: setEditingId is not defined
    at http://localhost:5176/src/components/FreestyleBoard.jsx?t=1789621026170:637:5
    at http://localhost:5176/src/components/FreestyleBoard.jsx?t=1789621026170:847:9
    at HTMLUnknownElement.callCallback2 (http://localhost:5176/node_modules/.vite/deps/chunk-KVMAXHTM.js?v=c435cca1:3680:22)
    at Object.invokeGuardedCallbackDev (http://localhost:5176/node_modules/.vite/deps/chunk-KVMAXHTM.js?v=c435cca1:3705:24)
    at invokeGuardedCallback (http://localhost:5176/node_modules/.vite/deps/chunk-KVMAXHTM.js?v=c435cca1:3739:39)
    at invokeGuardedCallbackAndCatchFirstError (http://localhost:5176/node_modules/.vite/deps/chunk-KVMAXHTM.js?v=c435cca1:3742:33)
    at executeDispatch (http://localhost:5176/node_modules/.vite/deps/chunk-KVMAXHTM.js?v=c435cca1:7046:11)
    at processDispatchQueueItemsInOrder (http://localhost:5176/node_modules/.vite/deps/chunk-KVMAXHTM.js?v=c435cca1:7066:15)
    at processDispatchQueue (http://localhost:5176/node_modules/.vite/deps/chunk-KVMAXHTM.js?v=c435cca1:7075:13)
    at dispatchEventsForPlugins (http://localhost:5176/node_modules/.vite/deps/chunk-KVMAXHTM.js?v=c435cca1:7083:11)
[  497608ms] ReferenceError: setEditingId is not defined
    at http://localhost:5176/src/components/FreestyleBoard.jsx?t=1789621026170:637:5
    at http://localhost:5176/src/components/FreestyleBoard.jsx?t=1789621026170:847:9
    at HTMLUnknownElement.callCallback2 (http://localhost:5176/node_modules/.vite/deps/chunk-KVMAXHTM.js?v=c435cca1:3680:22)
    at Object.invokeGuardedCallbackDev (http://localhost:5176/node_modules/.vite/deps/chunk-KVMAXHTM.js?v=c435cca1:3705:24)
    at invokeGuardedCallback (http://localhost:5176/node_modules/.vite/deps/chunk-KVMAXHTM.js?v=c435cca1:3739:39)
    at invokeGuardedCallbackAndCatchFirstError (http://localhost:5176/node_modules/.vite/deps/chunk-KVMAXHTM.js?v=c435cca1:3742:33)
    at executeDispatch (http://localhost:5176/node_modules/.vite/deps/chunk-KVMAXHTM.js?v=c435cca1:7046:11)
    at processDispatchQueueItemsInOrder (http://localhost:5176/node_modules/.vite/deps/chunk-KVMAXHTM.js?v=c435cca1:7066:15)
    at processDispatchQueue (http://localhost:5176/node_modules/.vite/deps/chunk-KVMAXHTM.js?v=c435cca1:7075:13)
    at dispatchEventsForPlugins (http://localhost:5176/node_modules/.vite/deps/chunk-KVMAXHTM.js?v=c435cca1:7083:11)
[  497616ms] ReferenceError: setEditingId is not defined
    at http://localhost:5176/src/components/FreestyleBoard.jsx?t=1789621026170:637:5
    at http://localhost:5176/src/components/FreestyleBoard.jsx?t=1789621026170:847:9
    at HTMLUnknownElement.callCallback2 (http://localhost:5176/node_modules/.vite/deps/chunk-KVMAXHTM.js?v=c435cca1:3680:22)
    at Object.invokeGuardedCallbackDev (http://localhost:5176/node_modules/.vite/deps/chunk-KVMAXHTM.js?v=c435cca1:3705:24)
    at invokeGuardedCallback (http://localhost:5176/node_modules/.vite/deps/chunk-KVMAXHTM.js?v=c435cca1:3739:39)
    at invokeGuardedCallbackAndCatchFirstError (http://localhost:5176/node_modules/.vite/deps/chunk-KVMAXHTM.js?v=c435cca1:3742:33)
    at executeDispatch (http://localhost:5176/node_modules/.vite/deps/chunk-KVMAXHTM.js?v=c435cca1:7046:11)
    at processDispatchQueueItemsInOrder (http://localhost:5176/node_modules/.vite/deps/chunk-KVMAXHTM.js?v=c435cca1:7066:15)
    at processDispatchQueue (http://localhost:5176/node_modules/.vite/deps/chunk-KVMAXHTM.js?v=c435cca1:7075:13)
    at dispatchEventsForPlugins (http://localhost:5176/node_modules/.vite/deps/chunk-KVMAXHTM.js?v=c435cca1:7083:11)
[  497617ms] ReferenceError: setEditingId is not defined
    at http://localhost:5176/src/components/FreestyleBoard.jsx?t=1789621026170:637:5
    at http://localhost:5176/src/components/FreestyleBoard.jsx?t=1789621026170:847:9
    at HTMLUnknownElement.callCallback2 (http://localhost:5176/node_modules/.vite/deps/chunk-KVMAXHTM.js?v=c435cca1:3680:22)
    at Object.invokeGuardedCallbackDev (http://localhost:5176/node_modules/.vite/deps/chunk-KVMAXHTM.js?v=c435cca1:3705:24)
    at invokeGuardedCallback (http://localhost:5176/node_modules/.vite/deps/chunk-KVMAXHTM.js?v=c435cca1:3739:39)
    at invokeGuardedCallbackAndCatchFirstError (http://localhost:5176/node_modules/.vite/deps/chunk-KVMAXHTM.js?v=c435cca1:3742:33)
    at executeDispatch (http://localhost:5176/node_modules/.vite/deps/chunk-KVMAXHTM.js?v=c435cca1:7046:11)
    at processDispatchQueueItemsInOrder (http://localhost:5176/node_modules/.vite/deps/chunk-KVMAXHTM.js?v=c435cca1:7066:15)
    at processDispatchQueue (http://localhost:5176/node_modules/.vite/deps/chunk-KVMAXHTM.js?v=c435cca1:7075:13)
    at dispatchEventsForPlugins (http://localhost:5176/node_modules/.vite/deps/chunk-KVMAXHTM.js?v=c435cca1:7083:11)
[  497621ms] ReferenceError: setEditingId is not defined
    at http://localhost:5176/src/components/FreestyleBoard.jsx?t=1789621026170:637:5
    at http://localhost:5176/src/components/FreestyleBoard.jsx?t=1789621026170:847:9
    at HTMLUnknownElement.callCallback2 (http://localhost:5176/node_modules/.vite/deps/chunk-KVMAXHTM.js?v=c435cca1:3680:22)
    at Object.invokeGuardedCallbackDev (http://localhost:5176/node_modules/.vite/deps/chunk-KVMAXHTM.js?v=c435cca1:3705:24)
    at invokeGuardedCallback (http://localhost:5176/node_modules/.vite/deps/chunk-KVMAXHTM.js?v=c435cca1:3739:39)
    at invokeGuardedCallbackAndCatchFirstError (http://localhost:5176/node_modules/.vite/deps/chunk-KVMAXHTM.js?v=c435cca1:3742:33)
    at executeDispatch (http://localhost:5176/node_modules/.vite/deps/chunk-KVMAXHTM.js?v=c435cca1:7046:11)
    at processDispatchQueueItemsInOrder (http://localhost:5176/node_modules/.vite/deps/chunk-KVMAXHTM.js?v=c435cca1:7066:15)
    at processDispatchQueue (http://localhost:5176/node_modules/.vite/deps/chunk-KVMAXHTM.js?v=c435cca1:7075:13)
    at dispatchEventsForPlugins (http://localhost:5176/node_modules/.vite/deps/chunk-KVMAXHTM.js?v=c435cca1:7083:11)
[  497622ms] ReferenceError: setEditingId is not defined
    at http://localhost:5176/src/components/FreestyleBoard.jsx?t=1789621026170:637:5
    at http://localhost:5176/src/components/FreestyleBoard.jsx?t=1789621026170:847:9
    at HTMLUnknownElement.callCallback2 (http://localhost:5176/node_modules/.vite/deps/chunk-KVMAXHTM.js?v=c435cca1:3680:22)
    at Object.invokeGuardedCallbackDev (http://localhost:5176/node_modules/.vite/deps/chunk-KVMAXHTM.js?v=c435cca1:3705:24)
    at invokeGuardedCallback (http://localhost:5176/node_modules/.vite/deps/chunk-KVMAXHTM.js?v=c435cca1:3739:39)
    at invokeGuardedCallbackAndCatchFirstError (http://localhost:5176/node_modules/.vite/deps/chunk-KVMAXHTM.js?v=c435cca1:3742:33)
    at executeDispatch (http://localhost:5176/node_modules/.vite/deps/chunk-KVMAXHTM.js?v=c435cca1:7046:11)
    at processDispatchQueueItemsInOrder (http://localhost:5176/node_modules/.vite/deps/chunk-KVMAXHTM.js?v=c435cca1:7066:15)
    at processDispatchQueue (http://localhost:5176/node_modules/.vite/deps/chunk-KVMAXHTM.js?v=c435cca1:7075:13)
    at dispatchEventsForPlugins (http://localhost:5176/node_modules/.vite/deps/chunk-KVMAXHTM.js?v=c435cca1:7083:11)
[  497636ms] ReferenceError: setEditingId is not defined
    at http://localhost:5176/src/components/FreestyleBoard.jsx?t=1789621026170:637:5
    at http://localhost:5176/src/components/FreestyleBoard.jsx?t=1789621026170:847:9
    at HTMLUnknownElement.callCallback2 (http://localhost:5176/node_modules/.vite/deps/chunk-KVMAXHTM.js?v=c435cca1:3680:22)
    at Object.invokeGuardedCallbackDev (http://localhost:5176/node_modules/.vite/deps/chunk-KVMAXHTM.js?v=c435cca1:3705:24)
    at invokeGuardedCallback (http://localhost:5176/node_modules/.vite/deps/chunk-KVMAXHTM.js?v=c435cca1:3739:39)
    at invokeGuardedCallbackAndCatchFirstError (http://localhost:5176/node_modules/.vite/deps/chunk-KVMAXHTM.js?v=c435cca1:3742:33)
    at executeDispatch (http://localhost:5176/node_modules/.vite/deps/chunk-KVMAXHTM.js?v=c435cca1:7046:11)
    at processDispatchQueueItemsInOrder (http://localhost:5176/node_modules/.vite/deps/chunk-KVMAXHTM.js?v=c435cca1:7066:15)
    at processDispatchQueue (http://localhost:5176/node_modules/.vite/deps/chunk-KVMAXHTM.js?v=c435cca1:7075:13)
    at dispatchEventsForPlugins (http://localhost:5176/node_modules/.vite/deps/chunk-KVMAXHTM.js?v=c435cca1:7083:11)
[  497636ms] ReferenceError: setEditingId is not defined
    at http://localhost:5176/src/components/FreestyleBoard.jsx?t=1789621026170:637:5
    at http://localhost:5176/src/components/FreestyleBoard.jsx?t=1789621026170:847:9
    at HTMLUnknownElement.callCallback2 (http://localhost:5176/node_modules/.vite/deps/chunk-KVMAXHTM.js?v=c435cca1:3680:22)
    at Object.invokeGuardedCallbackDev (http://localhost:5176/node_modules/.vite/deps/chunk-KVMAXHTM.js?v=c435cca1:3705:24)
    at invokeGuardedCallback (http://localhost:5176/node_modules/.vite/deps/chunk-KVMAXHTM.js?v=c435cca1:3739:39)
    at invokeGuardedCallbackAndCatchFirstError (http://localhost:5176/node_modules/.vite/deps/chunk-KVMAXHTM.js?v=c435cca1:3742:33)
    at executeDispatch (http://localhost:5176/node_modules/.vite/deps/chunk-KVMAXHTM.js?v=c435cca1:7046:11)
    at processDispatchQueueItemsInOrder (http://localhost:5176/node_modules/.vite/deps/chunk-KVMAXHTM.js?v=c435cca1:7066:15)
    at processDispatchQueue (http://localhost:5176/node_modules/.vite/deps/chunk-KVMAXHTM.js?v=c435cca1:7075:13)
    at dispatchEventsForPlugins (http://localhost:5176/node_modules/.vite/deps/chunk-KVMAXHTM.js?v=c435cca1:7083:11)
[  497638ms] ReferenceError: setEditingId is not defined
    at http://localhost:5176/src/components/FreestyleBoard.jsx?t=1789621026170:637:5
    at http://localhost:5176/src/components/FreestyleBoard.jsx?t=1789621026170:847:9
    at HTMLUnknownElement.callCallback2 (http://localhost:5176/node_modules/.vite/deps/chunk-KVMAXHTM.js?v=c435cca1:3680:22)
    at Object.invokeGuardedCallbackDev (http://localhost:5176/node_modules/.vite/deps/chunk-KVMAXHTM.js?v=c435cca1:3705:24)
    at invokeGuardedCallback (http://localhost:5176/node_modules/.vite/deps/chunk-KVMAXHTM.js?v=c435cca1:3739:39)
    at invokeGuardedCallbackAndCatchFirstError (http://localhost:5176/node_modules/.vite/deps/chunk-KVMAXHTM.js?v=c435cca1:3742:33)
    at executeDispatch (http://localhost:5176/node_modules/.vite/deps/chunk-KVMAXHTM.js?v=c435cca1:7046:11)
    at processDispatchQueueItemsInOrder (http://localhost:5176/node_modules/.vite/deps/chunk-KVMAXHTM.js?v=c435cca1:7066:15)
    at processDispatchQueue (http://localhost:5176/node_modules/.vite/deps/chunk-KVMAXHTM.js?v=c435cca1:7075:13)
    at dispatchEventsForPlugins (http://localhost:5176/node_modules/.vite/deps/chunk-KVMAXHTM.js?v=c435cca1:7083:11)
[  497639ms] ReferenceError: setEditingId is not defined
    at http://localhost:5176/src/components/FreestyleBoard.jsx?t=1789621026170:637:5
    at http://localhost:5176/src/components/FreestyleBoard.jsx?t=1789621026170:847:9
    at HTMLUnknownElement.callCallback2 (http://localhost:5176/node_modules/.vite/deps/chunk-KVMAXHTM.js?v=c435cca1:3680:22)
    at Object.invokeGuardedCallbackDev (http://localhost:5176/node_modules/.vite/deps/chunk-KVMAXHTM.js?v=c435cca1:3705:24)
    at invokeGuardedCallback (http://localhost:5176/node_modules/.vite/deps/chunk-KVMAXHTM.js?v=c435cca1:3739:39)
    at invokeGuardedCallbackAndCatchFirstError (http://localhost:5176/node_modules/.vite/deps/chunk-KVMAXHTM.js?v=c435cca1:3742:33)
    at executeDispatch (http://localhost:5176/node_modules/.vite/deps/chunk-KVMAXHTM.js?v=c435cca1:7046:11)
    at processDispatchQueueItemsInOrder (http://localhost:5176/node_modules/.vite/deps/chunk-KVMAXHTM.js?v=c435cca1:7066:15)
    at processDispatchQueue (http://localhost:5176/node_modules/.vite/deps/chunk-KVMAXHTM.js?v=c435cca1:7075:13)
    at dispatchEventsForPlugins (http://localhost:5176/node_modules/.vite/deps/chunk-KVMAXHTM.js?v=c435cca1:7083:11)
[  497683ms] ReferenceError: setEditingId is not defined
    at http://localhost:5176/src/components/FreestyleBoard.jsx?t=1789621026170:637:5
    at http://localhost:5176/src/components/FreestyleBoard.jsx?t=1789621026170:847:9
    at HTMLUnknownElement.callCallback2 (http://localhost:5176/node_modules/.vite/deps/chunk-KVMAXHTM.js?v=c435cca1:3680:22)
    at Object.invokeGuardedCallbackDev (http://localhost:5176/node_modules/.vite/deps/chunk-KVMAXHTM.js?v=c435cca1:3705:24)
    at invokeGuardedCallback (http://localhost:5176/node_modules/.vite/deps/chunk-KVMAXHTM.js?v=c435cca1:3739:39)
    at invokeGuardedCallbackAndCatchFirstError (http://localhost:5176/node_modules/.vite/deps/chunk-KVMAXHTM.js?v=c435cca1:3742:33)
    at executeDispatch (http://localhost:5176/node_modules/.vite/deps/chunk-KVMAXHTM.js?v=c435cca1:7046:11)
    at processDispatchQueueItemsInOrder (http://localhost:5176/node_modules/.vite/deps/chunk-KVMAXHTM.js?v=c435cca1:7066:15)
    at processDispatchQueue (http://localhost:5176/node_modules/.vite/deps/chunk-KVMAXHTM.js?v=c435cca1:7075:13)
    at dispatchEventsForPlugins (http://localhost:5176/node_modules/.vite/deps/chunk-KVMAXHTM.js?v=c435cca1:7083:11)
[  497684ms] ReferenceError: setEditingId is not defined
    at http://localhost:5176/src/components/FreestyleBoard.jsx?t=1789621026170:637:5
    at http://localhost:5176/src/components/FreestyleBoard.jsx?t=1789621026170:847:9
    at HTMLUnknownElement.callCallback2 (http://localhost:5176/node_modules/.vite/deps/chunk-KVMAXHTM.js?v=c435cca1:3680:22)
    at Object.invokeGuardedCallbackDev (http://localhost:5176/node_modules/.vite/deps/chunk-KVMAXHTM.js?v=c435cca1:3705:24)
    at invokeGuardedCallback (http://localhost:5176/node_modules/.vite/deps/chunk-KVMAXHTM.js?v=c435cca1:3739:39)
    at invokeGuardedCallbackAndCatchFirstError (http://localhost:5176/node_modules/.vite/deps/chunk-KVMAXHTM.js?v=c435cca1:3742:33)
    at executeDispatch (http://localhost:5176/node_modules/.vite/deps/chunk-KVMAXHTM.js?v=c435cca1:7046:11)
    at processDispatchQueueItemsInOrder (http://localhost:5176/node_modules/.vite/deps/chunk-KVMAXHTM.js?v=c435cca1:7066:15)
    at processDispatchQueue (http://localhost:5176/node_modules/.vite/deps/chunk-KVMAXHTM.js?v=c435cca1:7075:13)
    at dispatchEventsForPlugins (http://localhost:5176/node_modules/.vite/deps/chunk-KVMAXHTM.js?v=c435cca1:7083:11)
[  497766ms] ReferenceError: setEditingId is not defined
    at http://localhost:5176/src/components/FreestyleBoard.jsx?t=1789621026170:637:5
    at http://localhost:5176/src/components/FreestyleBoard.jsx?t=1789621026170:847:9
    at HTMLUnknownElement.callCallback2 (http://localhost:5176/node_modules/.vite/deps/chunk-KVMAXHTM.js?v=c435cca1:3680:22)
    at Object.invokeGuardedCallbackDev (http://localhost:5176/node_modules/.vite/deps/chunk-KVMAXHTM.js?v=c435cca1:3705:24)
    at invokeGuardedCallback (http://localhost:5176/node_modules/.vite/deps/chunk-KVMAXHTM.js?v=c435cca1:3739:39)
    at invokeGuardedCallbackAndCatchFirstError (http://localhost:5176/node_modules/.vite/deps/chunk-KVMAXHTM.js?v=c435cca1:3742:33)
    at executeDispatch (http://localhost:5176/node_modules/.vite/deps/chunk-KVMAXHTM.js?v=c435cca1:7046:11)
    at processDispatchQueueItemsInOrder (http://localhost:5176/node_modules/.vite/deps/chunk-KVMAXHTM.js?v=c435cca1:7066:15)
    at processDispatchQueue (http://localhost:5176/node_modules/.vite/deps/chunk-KVMAXHTM.js?v=c435cca1:7075:13)
    at dispatchEventsForPlugins (http://localhost:5176/node_modules/.vite/deps/chunk-KVMAXHTM.js?v=c435cca1:7083:11)
[  497767ms] ReferenceError: setEditingId is not defined
    at http://localhost:5176/src/components/FreestyleBoard.jsx?t=1789621026170:637:5
    at http://localhost:5176/src/components/FreestyleBoard.jsx?t=1789621026170:847:9
    at HTMLUnknownElement.callCallback2 (http://localhost:5176/node_modules/.vite/deps/chunk-KVMAXHTM.js?v=c435cca1:3680:22)
    at Object.invokeGuardedCallbackDev (http://localhost:5176/node_modules/.vite/deps/chunk-KVMAXHTM.js?v=c435cca1:3705:24)
    at invokeGuardedCallback (http://localhost:5176/node_modules/.vite/deps/chunk-KVMAXHTM.js?v=c435cca1:3739:39)
    at invokeGuardedCallbackAndCatchFirstError (http://localhost:5176/node_modules/.vite/deps/chunk-KVMAXHTM.js?v=c435cca1:3742:33)
    at executeDispatch (http://localhost:5176/node_modules/.vite/deps/chunk-KVMAXHTM.js?v=c435cca1:7046:11)
    at processDispatchQueueItemsInOrder (http://localhost:5176/node_modules/.vite/deps/chunk-KVMAXHTM.js?v=c435cca1:7066:15)
    at processDispatchQueue (http://localhost:5176/node_modules/.vite/deps/chunk-KVMAXHTM.js?v=c435cca1:7075:13)
    at dispatchEventsForPlugins (http://localhost:5176/node_modules/.vite/deps/chunk-KVMAXHTM.js?v=c435cca1:7083:11)
[  497784ms] ReferenceError: setEditingId is not defined
    at http://localhost:5176/src/components/FreestyleBoard.jsx?t=1789621026170:637:5
    at http://localhost:5176/src/components/FreestyleBoard.jsx?t=1789621026170:847:9
    at HTMLUnknownElement.callCallback2 (http://localhost:5176/node_modules/.vite/deps/chunk-KVMAXHTM.js?v=c435cca1:3680:22)
    at Object.invokeGuardedCallbackDev (http://localhost:5176/node_modules/.vite/deps/chunk-KVMAXHTM.js?v=c435cca1:3705:24)
    at invokeGuardedCallback (http://localhost:5176/node_modules/.vite/deps/chunk-KVMAXHTM.js?v=c435cca1:3739:39)
    at invokeGuardedCallbackAndCatchFirstError (http://localhost:5176/node_modules/.vite/deps/chunk-KVMAXHTM.js?v=c435cca1:3742:33)
    at executeDispatch (http://localhost:5176/node_modules/.vite/deps/chunk-KVMAXHTM.js?v=c435cca1:7046:11)
    at processDispatchQueueItemsInOrder (http://localhost:5176/node_modules/.vite/deps/chunk-KVMAXHTM.js?v=c435cca1:7066:15)
    at processDispatchQueue (http://localhost:5176/node_modules/.vite/deps/chunk-KVMAXHTM.js?v=c435cca1:7075:13)
    at dispatchEventsForPlugins (http://localhost:5176/node_modules/.vite/deps/chunk-KVMAXHTM.js?v=c435cca1:7083:11)
[  497788ms] ReferenceError: setEditingId is not defined
    at http://localhost:5176/src/components/FreestyleBoard.jsx?t=1789621026170:637:5
    at http://localhost:5176/src/components/FreestyleBoard.jsx?t=1789621026170:847:9
    at HTMLUnknownElement.callCallback2 (http://localhost:5176/node_modules/.vite/deps/chunk-KVMAXHTM.js?v=c435cca1:3680:22)
    at Object.invokeGuardedCallbackDev (http://localhost:5176/node_modules/.vite/deps/chunk-KVMAXHTM.js?v=c435cca1:3705:24)
    at invokeGuardedCallback (http://localhost:5176/node_modules/.vite/deps/chunk-KVMAXHTM.js?v=c435cca1:3739:39)
    at invokeGuardedCallbackAndCatchFirstError (http://localhost:5176/node_modules/.vite/deps/chunk-KVMAXHTM.js?v=c435cca1:3742:33)
    at executeDispatch (http://localhost:5176/node_modules/.vite/deps/chunk-KVMAXHTM.js?v=c435cca1:7046:11)
    at processDispatchQueueItemsInOrder (http://localhost:5176/node_modules/.vite/deps/chunk-KVMAXHTM.js?v=c435cca1:7066:15)
    at processDispatchQueue (http://localhost:5176/node_modules/.vite/deps/chunk-KVMAXHTM.js?v=c435cca1:7075:13)
    at dispatchEventsForPlugins (http://localhost:5176/node_modules/.vite/deps/chunk-KVMAXHTM.js?v=c435cca1:7083:11)
[  497831ms] ReferenceError: setEditingId is not defined
    at http://localhost:5176/src/components/FreestyleBoard.jsx?t=1789621026170:637:5
    at http://localhost:5176/src/components/FreestyleBoard.jsx?t=1789621026170:847:9
    at HTMLUnknownElement.callCallback2 (http://localhost:5176/node_modules/.vite/deps/chunk-KVMAXHTM.js?v=c435cca1:3680:22)
    at Object.invokeGuardedCallbackDev (http://localhost:5176/node_modules/.vite/deps/chunk-KVMAXHTM.js?v=c435cca1:3705:24)
    at invokeGuardedCallback (http://localhost:5176/node_modules/.vite/deps/chunk-KVMAXHTM.js?v=c435cca1:3739:39)
    at invokeGuardedCallbackAndCatchFirstError (http://localhost:5176/node_modules/.vite/deps/chunk-KVMAXHTM.js?v=c435cca1:3742:33)
    at executeDispatch (http://localhost:5176/node_modules/.vite/deps/chunk-KVMAXHTM.js?v=c435cca1:7046:11)
    at processDispatchQueueItemsInOrder (http://localhost:5176/node_modules/.vite/deps/chunk-KVMAXHTM.js?v=c435cca1:7066:15)
    at processDispatchQueue (http://localhost:5176/node_modules/.vite/deps/chunk-KVMAXHTM.js?v=c435cca1:7075:13)
    at dispatchEventsForPlugins (http://localhost:5176/node_modules/.vite/deps/chunk-KVMAXHTM.js?v=c435cca1:7083:11)
[  497832ms] ReferenceError: setEditingId is not defined
    at http://localhost:5176/src/components/FreestyleBoard.jsx?t=1789621026170:637:5
    at http://localhost:5176/src/components/FreestyleBoard.jsx?t=1789621026170:847:9
    at HTMLUnknownElement.callCallback2 (http://localhost:5176/node_modules/.vite/deps/chunk-KVMAXHTM.js?v=c435cca1:3680:22)
    at Object.invokeGuardedCallbackDev (http://localhost:5176/node_modules/.vite/deps/chunk-KVMAXHTM.js?v=c435cca1:3705:24)
    at invokeGuardedCallback (http://localhost:5176/node_modules/.vite/deps/chunk-KVMAXHTM.js?v=c435cca1:3739:39)
    at invokeGuardedCallbackAndCatchFirstError (http://localhost:5176/node_modules/.vite/deps/chunk-KVMAXHTM.js?v=c435cca1:3742:33)
    at executeDispatch (http://localhost:5176/node_modules/.vite/deps/chunk-KVMAXHTM.js?v=c435cca1:7046:11)
    at processDispatchQueueItemsInOrder (http://localhost:5176/node_modules/.vite/deps/chunk-KVMAXHTM.js?v=c435cca1:7066:15)
    at processDispatchQueue (http://localhost:5176/node_modules/.vite/deps/chunk-KVMAXHTM.js?v=c435cca1:7075:13)
    at dispatchEventsForPlugins (http://localhost:5176/node_modules/.vite/deps/chunk-KVMAXHTM.js?v=c435cca1:7083:11)
[  497833ms] ReferenceError: setEditingId is not defined
    at http://localhost:5176/src/components/FreestyleBoard.jsx?t=1789621026170:637:5
    at http://localhost:5176/src/components/FreestyleBoard.jsx?t=1789621026170:847:9
    at HTMLUnknownElement.callCallback2 (http://localhost:5176/node_modules/.vite/deps/chunk-KVMAXHTM.js?v=c435cca1:3680:22)
    at Object.invokeGuardedCallbackDev (http://localhost:5176/node_modules/.vite/deps/chunk-KVMAXHTM.js?v=c435cca1:3705:24)
    at invokeGuardedCallback (http://localhost:5176/node_modules/.vite/deps/chunk-KVMAXHTM.js?v=c435cca1:3739:39)
    at invokeGuardedCallbackAndCatchFirstError (http://localhost:5176/node_modules/.vite/deps/chunk-KVMAXHTM.js?v=c435cca1:3742:33)
    at executeDispatch (http://localhost:5176/node_modules/.vite/deps/chunk-KVMAXHTM.js?v=c435cca1:7046:11)
    at processDispatchQueueItemsInOrder (http://localhost:5176/node_modules/.vite/deps/chunk-KVMAXHTM.js?v=c435cca1:7066:15)
    at processDispatchQueue (http://localhost:5176/node_modules/.vite/deps/chunk-KVMAXHTM.js?v=c435cca1:7075:13)
    at dispatchEventsForPlugins (http://localhost:5176/node_modules/.vite/deps/chunk-KVMAXHTM.js?v=c435cca1:7083:11)
[  497833ms] ReferenceError: setEditingId is not defined
    at http://localhost:5176/src/components/FreestyleBoard.jsx?t=1789621026170:637:5
    at http://localhost:5176/src/components/FreestyleBoard.jsx?t=1789621026170:847:9
    at HTMLUnknownElement.callCallback2 (http://localhost:5176/node_modules/.vite/deps/chunk-KVMAXHTM.js?v=c435cca1:3680:22)
    at Object.invokeGuardedCallbackDev (http://localhost:5176/node_modules/.vite/deps/chunk-KVMAXHTM.js?v=c435cca1:3705:24)
    at invokeGuardedCallback (http://localhost:5176/node_modules/.vite/deps/chunk-KVMAXHTM.js?v=c435cca1:3739:39)
    at invokeGuardedCallbackAndCatchFirstError (http://localhost:5176/node_modules/.vite/deps/chunk-KVMAXHTM.js?v=c435cca1:3742:33)
    at executeDispatch (http://localhost:5176/node_modules/.vite/deps/chunk-KVMAXHTM.js?v=c435cca1:7046:11)
    at processDispatchQueueItemsInOrder (http://localhost:5176/node_modules/.vite/deps/chunk-KVMAXHTM.js?v=c435cca1:7066:15)
    at processDispatchQueue (http://localhost:5176/node_modules/.vite/deps/chunk-KVMAXHTM.js?v=c435cca1:7075:13)
    at dispatchEventsForPlugins (http://localhost:5176/node_modules/.vite/deps/chunk-KVMAXHTM.js?v=c435cca1:7083:11)
[  497837ms] ReferenceError: setEditingId is not defined
    at http://localhost:5176/src/components/FreestyleBoard.jsx?t=1789621026170:637:5
    at http://localhost:5176/src/components/FreestyleBoard.jsx?t=1789621026170:847:9
    at HTMLUnknownElement.callCallback2 (http://localhost:5176/node_modules/.vite/deps/chunk-KVMAXHTM.js?v=c435cca1:3680:22)
    at Object.invokeGuardedCallbackDev (http://localhost:5176/node_modules/.vite/deps/chunk-KVMAXHTM.js?v=c435cca1:3705:24)
    at invokeGuardedCallback (http://localhost:5176/node_modules/.vite/deps/chunk-KVMAXHTM.js?v=c435cca1:3739:39)
    at invokeGuardedCallbackAndCatchFirstError (http://localhost:5176/node_modules/.vite/deps/chunk-KVMAXHTM.js?v=c435cca1:3742:33)
    at executeDispatch (http://localhost:5176/node_modules/.vite/deps/chunk-KVMAXHTM.js?v=c435cca1:7046:11)
    at processDispatchQueueItemsInOrder (http://localhost:5176/node_modules/.vite/deps/chunk-KVMAXHTM.js?v=c435cca1:7066:15)
    at processDispatchQueue (http://localhost:5176/node_modules/.vite/deps/chunk-KVMAXHTM.js?v=c435cca1:7075:13)
    at dispatchEventsForPlugins (http://localhost:5176/node_modules/.vite/deps/chunk-KVMAXHTM.js?v=c435cca1:7083:11)
[  497838ms] ReferenceError: setEditingId is not defined
    at http://localhost:5176/src/components/FreestyleBoard.jsx?t=1789621026170:637:5
    at http://localhost:5176/src/components/FreestyleBoard.jsx?t=1789621026170:847:9
    at HTMLUnknownElement.callCallback2 (http://localhost:5176/node_modules/.vite/deps/chunk-KVMAXHTM.js?v=c435cca1:3680:22)
    at Object.invokeGuardedCallbackDev (http://localhost:5176/node_modules/.vite/deps/chunk-KVMAXHTM.js?v=c435cca1:3705:24)
    at invokeGuardedCallback (http://localhost:5176/node_modules/.vite/deps/chunk-KVMAXHTM.js?v=c435cca1:3739:39)
    at invokeGuardedCallbackAndCatchFirstError (http://localhost:5176/node_modules/.vite/deps/chunk-KVMAXHTM.js?v=c435cca1:3742:33)
    at executeDispatch (http://localhost:5176/node_modules/.vite/deps/chunk-KVMAXHTM.js?v=c435cca1:7046:11)
    at processDispatchQueueItemsInOrder (http://localhost:5176/node_modules/.vite/deps/chunk-KVMAXHTM.js?v=c435cca1:7066:15)
    at processDispatchQueue (http://localhost:5176/node_modules/.vite/deps/chunk-KVMAXHTM.js?v=c435cca1:7075:13)
    at dispatchEventsForPlugins (http://localhost:5176/node_modules/.vite/deps/chunk-KVMAXHTM.js?v=c435cca1:7083:11)
[  498060ms] [INFO] %cDownload the React DevTools for a better development experience: https://reactjs.org/link/react-devtools font-weight:bold @ http://localhost:5176/node_modules/.vite/deps/chunk-KVMAXHTM.js?v=c435cca1:21608
[  498087ms] [WARNING] GoTrueClient@sb-wfcrlfnjzuutoagbvgyw-auth-token:1 (2.115.0) 2026-09-17T04:57:42.194Z Multiple GoTrueClient instances detected in the same browser context. It is not an error, but this should be avoided as it may produce undefined behavior when used concurrently under the same storage key. @ http://localhost:5176/node_modules/.vite/deps/@supabase_supabase-js.js?v=c435cca1:14759
[  498089ms] [WARNING] GoTrueClient@sb-wfcrlfnjzuutoagbvgyw-auth-token:2 (2.115.0) 2026-09-17T04:57:42.196Z Multiple GoTrueClient instances detected in the same browser context. It is not an error, but this should be avoided as it may produce undefined behavior when used concurrently under the same storage key. @ http://localhost:5176/node_modules/.vite/deps/@supabase_supabase-js.js?v=c435cca1:14759
[  498090ms] [WARNING] GoTrueClient@sb-wfcrlfnjzuutoagbvgyw-auth-token:3 (2.115.0) 2026-09-17T04:57:42.197Z Multiple GoTrueClient instances detected in the same browser context. It is not an error, but this should be avoided as it may produce undefined behavior when used concurrently under the same storage key. @ http://localhost:5176/node_modules/.vite/deps/@supabase_supabase-js.js?v=c435cca1:14759
[  500600ms] [INFO] ACTprep catalog source: supabase (12 tests) @ http://localhost:5176/src/App.jsx?t=1789621026170:100
[  501843ms] [WARNING] This page is using a Desmos API key that is only for non-commercial, personal projects. If you would like to use the Desmos API for commercial purposes (e.g., as part of a business, or in an app or product that you charge users for), contact us at partnerships@desmos.com. @ https://www.desmos.com/api/v1.12/calculator.js?apiKey=c6f78eb83b074ebcac28827b8e5ebea2:3
[  509325ms] [INFO] %cDownload the React DevTools for a better development experience: https://reactjs.org/link/react-devtools font-weight:bold @ http://localhost:5176/node_modules/.vite/deps/chunk-KVMAXHTM.js?v=c435cca1:21608
[  509351ms] [WARNING] GoTrueClient@sb-wfcrlfnjzuutoagbvgyw-auth-token:1 (2.115.0) 2026-09-17T04:57:53.458Z Multiple GoTrueClient instances detected in the same browser context. It is not an error, but this should be avoided as it may produce undefined behavior when used concurrently under the same storage key. @ http://localhost:5176/node_modules/.vite/deps/@supabase_supabase-js.js?v=c435cca1:14759
[  509353ms] [WARNING] GoTrueClient@sb-wfcrlfnjzuutoagbvgyw-auth-token:2 (2.115.0) 2026-09-17T04:57:53.460Z Multiple GoTrueClient instances detected in the same browser context. It is not an error, but this should be avoided as it may produce undefined behavior when used concurrently under the same storage key. @ http://localhost:5176/node_modules/.vite/deps/@supabase_supabase-js.js?v=c435cca1:14759
[  509354ms] [WARNING] GoTrueClient@sb-wfcrlfnjzuutoagbvgyw-auth-token:3 (2.115.0) 2026-09-17T04:57:53.461Z Multiple GoTrueClient instances detected in the same browser context. It is not an error, but this should be avoided as it may produce undefined behavior when used concurrently under the same storage key. @ http://localhost:5176/node_modules/.vite/deps/@supabase_supabase-js.js?v=c435cca1:14759
[  511359ms] [INFO] ACTprep catalog source: supabase (12 tests) @ http://localhost:5176/src/App.jsx?t=1789621026170:100
[  511366ms] [WARNING] This page is using a Desmos API key that is only for non-commercial, personal projects. If you would like to use the Desmos API for commercial purposes (e.g., as part of a business, or in an app or product that you charge users for), contact us at partnerships@desmos.com. @ https://www.desmos.com/api/v1.12/calculator.js?apiKey=c6f78eb83b074ebcac28827b8e5ebea2:3
[  605935ms] ReferenceError: setEditingId is not defined
    at http://localhost:5176/src/components/FreestyleBoard.jsx?t=1789621026170:637:5
    at http://localhost:5176/src/components/FreestyleBoard.jsx?t=1789621026170:847:9
    at HTMLUnknownElement.callCallback2 (http://localhost:5176/node_modules/.vite/deps/chunk-KVMAXHTM.js?v=c435cca1:3680:22)
    at Object.invokeGuardedCallbackDev (http://localhost:5176/node_modules/.vite/deps/chunk-KVMAXHTM.js?v=c435cca1:3705:24)
    at invokeGuardedCallback (http://localhost:5176/node_modules/.vite/deps/chunk-KVMAXHTM.js?v=c435cca1:3739:39)
    at invokeGuardedCallbackAndCatchFirstError (http://localhost:5176/node_modules/.vite/deps/chunk-KVMAXHTM.js?v=c435cca1:3742:33)
    at executeDispatch (http://localhost:5176/node_modules/.vite/deps/chunk-KVMAXHTM.js?v=c435cca1:7046:11)
    at processDispatchQueueItemsInOrder (http://localhost:5176/node_modules/.vite/deps/chunk-KVMAXHTM.js?v=c435cca1:7066:15)
    at processDispatchQueue (http://localhost:5176/node_modules/.vite/deps/chunk-KVMAXHTM.js?v=c435cca1:7075:13)
    at dispatchEventsForPlugins (http://localhost:5176/node_modules/.vite/deps/chunk-KVMAXHTM.js?v=c435cca1:7083:11)
[  605937ms] ReferenceError: setEditingId is not defined
    at http://localhost:5176/src/components/FreestyleBoard.jsx?t=1789621026170:637:5
    at http://localhost:5176/src/components/FreestyleBoard.jsx?t=1789621026170:847:9
    at HTMLUnknownElement.callCallback2 (http://localhost:5176/node_modules/.vite/deps/chunk-KVMAXHTM.js?v=c435cca1:3680:22)
    at Object.invokeGuardedCallbackDev (http://localhost:5176/node_modules/.vite/deps/chunk-KVMAXHTM.js?v=c435cca1:3705:24)
    at invokeGuardedCallback (http://localhost:5176/node_modules/.vite/deps/chunk-KVMAXHTM.js?v=c435cca1:3739:39)
    at invokeGuardedCallbackAndCatchFirstError (http://localhost:5176/node_modules/.vite/deps/chunk-KVMAXHTM.js?v=c435cca1:3742:33)
    at executeDispatch (http://localhost:5176/node_modules/.vite/deps/chunk-KVMAXHTM.js?v=c435cca1:7046:11)
    at processDispatchQueueItemsInOrder (http://localhost:5176/node_modules/.vite/deps/chunk-KVMAXHTM.js?v=c435cca1:7066:15)
    at processDispatchQueue (http://localhost:5176/node_modules/.vite/deps/chunk-KVMAXHTM.js?v=c435cca1:7075:13)
    at dispatchEventsForPlugins (http://localhost:5176/node_modules/.vite/deps/chunk-KVMAXHTM.js?v=c435cca1:7083:11)
[  605948ms] ReferenceError: setEditingId is not defined
    at http://localhost:5176/src/components/FreestyleBoard.jsx?t=1789621026170:637:5
    at http://localhost:5176/src/components/FreestyleBoard.jsx?t=1789621026170:847:9
    at HTMLUnknownElement.callCallback2 (http://localhost:5176/node_modules/.vite/deps/chunk-KVMAXHTM.js?v=c435cca1:3680:22)
    at Object.invokeGuardedCallbackDev (http://localhost:5176/node_modules/.vite/deps/chunk-KVMAXHTM.js?v=c435cca1:3705:24)
    at invokeGuardedCallback (http://localhost:5176/node_modules/.vite/deps/chunk-KVMAXHTM.js?v=c435cca1:3739:39)
    at invokeGuardedCallbackAndCatchFirstError (http://localhost:5176/node_modules/.vite/deps/chunk-KVMAXHTM.js?v=c435cca1:3742:33)
    at executeDispatch (http://localhost:5176/node_modules/.vite/deps/chunk-KVMAXHTM.js?v=c435cca1:7046:11)
    at processDispatchQueueItemsInOrder (http://localhost:5176/node_modules/.vite/deps/chunk-KVMAXHTM.js?v=c435cca1:7066:15)
    at processDispatchQueue (http://localhost:5176/node_modules/.vite/deps/chunk-KVMAXHTM.js?v=c435cca1:7075:13)
    at dispatchEventsForPlugins (http://localhost:5176/node_modules/.vite/deps/chunk-KVMAXHTM.js?v=c435cca1:7083:11)
[  605949ms] ReferenceError: setEditingId is not defined
    at http://localhost:5176/src/components/FreestyleBoard.jsx?t=1789621026170:637:5
    at http://localhost:5176/src/components/FreestyleBoard.jsx?t=1789621026170:847:9
    at HTMLUnknownElement.callCallback2 (http://localhost:5176/node_modules/.vite/deps/chunk-KVMAXHTM.js?v=c435cca1:3680:22)
    at Object.invokeGuardedCallbackDev (http://localhost:5176/node_modules/.vite/deps/chunk-KVMAXHTM.js?v=c435cca1:3705:24)
    at invokeGuardedCallback (http://localhost:5176/node_modules/.vite/deps/chunk-KVMAXHTM.js?v=c435cca1:3739:39)
    at invokeGuardedCallbackAndCatchFirstError (http://localhost:5176/node_modules/.vite/deps/chunk-KVMAXHTM.js?v=c435cca1:3742:33)
    at executeDispatch (http://localhost:5176/node_modules/.vite/deps/chunk-KVMAXHTM.js?v=c435cca1:7046:11)
    at processDispatchQueueItemsInOrder (http://localhost:5176/node_modules/.vite/deps/chunk-KVMAXHTM.js?v=c435cca1:7066:15)
    at processDispatchQueue (http://localhost:5176/node_modules/.vite/deps/chunk-KVMAXHTM.js?v=c435cca1:7075:13)
    at dispatchEventsForPlugins (http://localhost:5176/node_modules/.vite/deps/chunk-KVMAXHTM.js?v=c435cca1:7083:11)
[  605953ms] ReferenceError: setEditingId is not defined
    at http://localhost:5176/src/components/FreestyleBoard.jsx?t=1789621026170:637:5
    at http://localhost:5176/src/components/FreestyleBoard.jsx?t=1789621026170:847:9
    at HTMLUnknownElement.callCallback2 (http://localhost:5176/node_modules/.vite/deps/chunk-KVMAXHTM.js?v=c435cca1:3680:22)
    at Object.invokeGuardedCallbackDev (http://localhost:5176/node_modules/.vite/deps/chunk-KVMAXHTM.js?v=c435cca1:3705:24)
    at invokeGuardedCallback (http://localhost:5176/node_modules/.vite/deps/chunk-KVMAXHTM.js?v=c435cca1:3739:39)
    at invokeGuardedCallbackAndCatchFirstError (http://localhost:5176/node_modules/.vite/deps/chunk-KVMAXHTM.js?v=c435cca1:3742:33)
    at executeDispatch (http://localhost:5176/node_modules/.vite/deps/chunk-KVMAXHTM.js?v=c435cca1:7046:11)
    at processDispatchQueueItemsInOrder (http://localhost:5176/node_modules/.vite/deps/chunk-KVMAXHTM.js?v=c435cca1:7066:15)
    at processDispatchQueue (http://localhost:5176/node_modules/.vite/deps/chunk-KVMAXHTM.js?v=c435cca1:7075:13)
    at dispatchEventsForPlugins (http://localhost:5176/node_modules/.vite/deps/chunk-KVMAXHTM.js?v=c435cca1:7083:11)
[  605956ms] ReferenceError: setEditingId is not defined
    at http://localhost:5176/src/components/FreestyleBoard.jsx?t=1789621026170:637:5
    at http://localhost:5176/src/components/FreestyleBoard.jsx?t=1789621026170:847:9
    at HTMLUnknownElement.callCallback2 (http://localhost:5176/node_modules/.vite/deps/chunk-KVMAXHTM.js?v=c435cca1:3680:22)
    at Object.invokeGuardedCallbackDev (http://localhost:5176/node_modules/.vite/deps/chunk-KVMAXHTM.js?v=c435cca1:3705:24)
    at invokeGuardedCallback (http://localhost:5176/node_modules/.vite/deps/chunk-KVMAXHTM.js?v=c435cca1:3739:39)
    at invokeGuardedCallbackAndCatchFirstError (http://localhost:5176/node_modules/.vite/deps/chunk-KVMAXHTM.js?v=c435cca1:3742:33)
    at executeDispatch (http://localhost:5176/node_modules/.vite/deps/chunk-KVMAXHTM.js?v=c435cca1:7046:11)
    at processDispatchQueueItemsInOrder (http://localhost:5176/node_modules/.vite/deps/chunk-KVMAXHTM.js?v=c435cca1:7066:15)
    at processDispatchQueue (http://localhost:5176/node_modules/.vite/deps/chunk-KVMAXHTM.js?v=c435cca1:7075:13)
    at dispatchEventsForPlugins (http://localhost:5176/node_modules/.vite/deps/chunk-KVMAXHTM.js?v=c435cca1:7083:11)
[  605962ms] ReferenceError: setEditingId is not defined
    at http://localhost:5176/src/components/FreestyleBoard.jsx?t=1789621026170:637:5
    at http://localhost:5176/src/components/FreestyleBoard.jsx?t=1789621026170:847:9
    at HTMLUnknownElement.callCallback2 (http://localhost:5176/node_modules/.vite/deps/chunk-KVMAXHTM.js?v=c435cca1:3680:22)
    at Object.invokeGuardedCallbackDev (http://localhost:5176/node_modules/.vite/deps/chunk-KVMAXHTM.js?v=c435cca1:3705:24)
    at invokeGuardedCallback (http://localhost:5176/node_modules/.vite/deps/chunk-KVMAXHTM.js?v=c435cca1:3739:39)
    at invokeGuardedCallbackAndCatchFirstError (http://localhost:5176/node_modules/.vite/deps/chunk-KVMAXHTM.js?v=c435cca1:3742:33)
    at executeDispatch (http://localhost:5176/node_modules/.vite/deps/chunk-KVMAXHTM.js?v=c435cca1:7046:11)
    at processDispatchQueueItemsInOrder (http://localhost:5176/node_modules/.vite/deps/chunk-KVMAXHTM.js?v=c435cca1:7066:15)
    at processDispatchQueue (http://localhost:5176/node_modules/.vite/deps/chunk-KVMAXHTM.js?v=c435cca1:7075:13)
    at dispatchEventsForPlugins (http://localhost:5176/node_modules/.vite/deps/chunk-KVMAXHTM.js?v=c435cca1:7083:11)
[  605963ms] ReferenceError: setEditingId is not defined
    at http://localhost:5176/src/components/FreestyleBoard.jsx?t=1789621026170:637:5
    at http://localhost:5176/src/components/FreestyleBoard.jsx?t=1789621026170:847:9
    at HTMLUnknownElement.callCallback2 (http://localhost:5176/node_modules/.vite/deps/chunk-KVMAXHTM.js?v=c435cca1:3680:22)
    at Object.invokeGuardedCallbackDev (http://localhost:5176/node_modules/.vite/deps/chunk-KVMAXHTM.js?v=c435cca1:3705:24)
    at invokeGuardedCallback (http://localhost:5176/node_modules/.vite/deps/chunk-KVMAXHTM.js?v=c435cca1:3739:39)
    at invokeGuardedCallbackAndCatchFirstError (http://localhost:5176/node_modules/.vite/deps/chunk-KVMAXHTM.js?v=c435cca1:3742:33)
    at executeDispatch (http://localhost:5176/node_modules/.vite/deps/chunk-KVMAXHTM.js?v=c435cca1:7046:11)
    at processDispatchQueueItemsInOrder (http://localhost:5176/node_modules/.vite/deps/chunk-KVMAXHTM.js?v=c435cca1:7066:15)
    at processDispatchQueue (http://localhost:5176/node_modules/.vite/deps/chunk-KVMAXHTM.js?v=c435cca1:7075:13)
    at dispatchEventsForPlugins (http://localhost:5176/node_modules/.vite/deps/chunk-KVMAXHTM.js?v=c435cca1:7083:11)
[  605972ms] ReferenceError: setEditingId is not defined
    at http://localhost:5176/src/components/FreestyleBoard.jsx?t=1789621026170:637:5
    at http://localhost:5176/src/components/FreestyleBoard.jsx?t=1789621026170:847:9
    at HTMLUnknownElement.callCallback2 (http://localhost:5176/node_modules/.vite/deps/chunk-KVMAXHTM.js?v=c435cca1:3680:22)
    at Object.invokeGuardedCallbackDev (http://localhost:5176/node_modules/.vite/deps/chunk-KVMAXHTM.js?v=c435cca1:3705:24)
    at invokeGuardedCallback (http://localhost:5176/node_modules/.vite/deps/chunk-KVMAXHTM.js?v=c435cca1:3739:39)
    at invokeGuardedCallbackAndCatchFirstError (http://localhost:5176/node_modules/.vite/deps/chunk-KVMAXHTM.js?v=c435cca1:3742:33)
    at executeDispatch (http://localhost:5176/node_modules/.vite/deps/chunk-KVMAXHTM.js?v=c435cca1:7046:11)
    at processDispatchQueueItemsInOrder (http://localhost:5176/node_modules/.vite/deps/chunk-KVMAXHTM.js?v=c435cca1:7066:15)
    at processDispatchQueue (http://localhost:5176/node_modules/.vite/deps/chunk-KVMAXHTM.js?v=c435cca1:7075:13)
    at dispatchEventsForPlugins (http://localhost:5176/node_modules/.vite/deps/chunk-KVMAXHTM.js?v=c435cca1:7083:11)
[  605973ms] ReferenceError: setEditingId is not defined
    at http://localhost:5176/src/components/FreestyleBoard.jsx?t=1789621026170:637:5
    at http://localhost:5176/src/components/FreestyleBoard.jsx?t=1789621026170:847:9
    at HTMLUnknownElement.callCallback2 (http://localhost:5176/node_modules/.vite/deps/chunk-KVMAXHTM.js?v=c435cca1:3680:22)
    at Object.invokeGuardedCallbackDev (http://localhost:5176/node_modules/.vite/deps/chunk-KVMAXHTM.js?v=c435cca1:3705:24)
    at invokeGuardedCallback (http://localhost:5176/node_modules/.vite/deps/chunk-KVMAXHTM.js?v=c435cca1:3739:39)
    at invokeGuardedCallbackAndCatchFirstError (http://localhost:5176/node_modules/.vite/deps/chunk-KVMAXHTM.js?v=c435cca1:3742:33)
    at executeDispatch (http://localhost:5176/node_modules/.vite/deps/chunk-KVMAXHTM.js?v=c435cca1:7046:11)
    at processDispatchQueueItemsInOrder (http://localhost:5176/node_modules/.vite/deps/chunk-KVMAXHTM.js?v=c435cca1:7066:15)
    at processDispatchQueue (http://localhost:5176/node_modules/.vite/deps/chunk-KVMAXHTM.js?v=c435cca1:7075:13)
    at dispatchEventsForPlugins (http://localhost:5176/node_modules/.vite/deps/chunk-KVMAXHTM.js?v=c435cca1:7083:11)
[  605981ms] ReferenceError: setEditingId is not defined
    at http://localhost:5176/src/components/FreestyleBoard.jsx?t=1789621026170:637:5
    at http://localhost:5176/src/components/FreestyleBoard.jsx?t=1789621026170:847:9
    at HTMLUnknownElement.callCallback2 (http://localhost:5176/node_modules/.vite/deps/chunk-KVMAXHTM.js?v=c435cca1:3680:22)
    at Object.invokeGuardedCallbackDev (http://localhost:5176/node_modules/.vite/deps/chunk-KVMAXHTM.js?v=c435cca1:3705:24)
    at invokeGuardedCallback (http://localhost:5176/node_modules/.vite/deps/chunk-KVMAXHTM.js?v=c435cca1:3739:39)
    at invokeGuardedCallbackAndCatchFirstError (http://localhost:5176/node_modules/.vite/deps/chunk-KVMAXHTM.js?v=c435cca1:3742:33)
    at executeDispatch (http://localhost:5176/node_modules/.vite/deps/chunk-KVMAXHTM.js?v=c435cca1:7046:11)
    at processDispatchQueueItemsInOrder (http://localhost:5176/node_modules/.vite/deps/chunk-KVMAXHTM.js?v=c435cca1:7066:15)
    at processDispatchQueue (http://localhost:5176/node_modules/.vite/deps/chunk-KVMAXHTM.js?v=c435cca1:7075:13)
    at dispatchEventsForPlugins (http://localhost:5176/node_modules/.vite/deps/chunk-KVMAXHTM.js?v=c435cca1:7083:11)
[  605981ms] ReferenceError: setEditingId is not defined
    at http://localhost:5176/src/components/FreestyleBoard.jsx?t=1789621026170:637:5
    at http://localhost:5176/src/components/FreestyleBoard.jsx?t=1789621026170:847:9
    at HTMLUnknownElement.callCallback2 (http://localhost:5176/node_modules/.vite/deps/chunk-KVMAXHTM.js?v=c435cca1:3680:22)
    at Object.invokeGuardedCallbackDev (http://localhost:5176/node_modules/.vite/deps/chunk-KVMAXHTM.js?v=c435cca1:3705:24)
    at invokeGuardedCallback (http://localhost:5176/node_modules/.vite/deps/chunk-KVMAXHTM.js?v=c435cca1:3739:39)
    at invokeGuardedCallbackAndCatchFirstError (http://localhost:5176/node_modules/.vite/deps/chunk-KVMAXHTM.js?v=c435cca1:3742:33)
    at executeDispatch (http://localhost:5176/node_modules/.vite/deps/chunk-KVMAXHTM.js?v=c435cca1:7046:11)
    at processDispatchQueueItemsInOrder (http://localhost:5176/node_modules/.vite/deps/chunk-KVMAXHTM.js?v=c435cca1:7066:15)
    at processDispatchQueue (http://localhost:5176/node_modules/.vite/deps/chunk-KVMAXHTM.js?v=c435cca1:7075:13)
    at dispatchEventsForPlugins (http://localhost:5176/node_modules/.vite/deps/chunk-KVMAXHTM.js?v=c435cca1:7083:11)
[  605983ms] ReferenceError: setEditingId is not defined
    at http://localhost:5176/src/components/FreestyleBoard.jsx?t=1789621026170:637:5
    at http://localhost:5176/src/components/FreestyleBoard.jsx?t=1789621026170:847:9
    at HTMLUnknownElement.callCallback2 (http://localhost:5176/node_modules/.vite/deps/chunk-KVMAXHTM.js?v=c435cca1:3680:22)
    at Object.invokeGuardedCallbackDev (http://localhost:5176/node_modules/.vite/deps/chunk-KVMAXHTM.js?v=c435cca1:3705:24)
    at invokeGuardedCallback (http://localhost:5176/node_modules/.vite/deps/chunk-KVMAXHTM.js?v=c435cca1:3739:39)
    at invokeGuardedCallbackAndCatchFirstError (http://localhost:5176/node_modules/.vite/deps/chunk-KVMAXHTM.js?v=c435cca1:3742:33)
    at executeDispatch (http://localhost:5176/node_modules/.vite/deps/chunk-KVMAXHTM.js?v=c435cca1:7046:11)
    at processDispatchQueueItemsInOrder (http://localhost:5176/node_modules/.vite/deps/chunk-KVMAXHTM.js?v=c435cca1:7066:15)
    at processDispatchQueue (http://localhost:5176/node_modules/.vite/deps/chunk-KVMAXHTM.js?v=c435cca1:7075:13)
    at dispatchEventsForPlugins (http://localhost:5176/node_modules/.vite/deps/chunk-KVMAXHTM.js?v=c435cca1:7083:11)
[  605984ms] ReferenceError: setEditingId is not defined
    at http://localhost:5176/src/components/FreestyleBoard.jsx?t=1789621026170:637:5
    at http://localhost:5176/src/components/FreestyleBoard.jsx?t=1789621026170:847:9
    at HTMLUnknownElement.callCallback2 (http://localhost:5176/node_modules/.vite/deps/chunk-KVMAXHTM.js?v=c435cca1:3680:22)
    at Object.invokeGuardedCallbackDev (http://localhost:5176/node_modules/.vite/deps/chunk-KVMAXHTM.js?v=c435cca1:3705:24)
    at invokeGuardedCallback (http://localhost:5176/node_modules/.vite/deps/chunk-KVMAXHTM.js?v=c435cca1:3739:39)
    at invokeGuardedCallbackAndCatchFirstError (http://localhost:5176/node_modules/.vite/deps/chunk-KVMAXHTM.js?v=c435cca1:3742:33)
    at executeDispatch (http://localhost:5176/node_modules/.vite/deps/chunk-KVMAXHTM.js?v=c435cca1:7046:11)
    at processDispatchQueueItemsInOrder (http://localhost:5176/node_modules/.vite/deps/chunk-KVMAXHTM.js?v=c435cca1:7066:15)
    at processDispatchQueue (http://localhost:5176/node_modules/.vite/deps/chunk-KVMAXHTM.js?v=c435cca1:7075:13)
    at dispatchEventsForPlugins (http://localhost:5176/node_modules/.vite/deps/chunk-KVMAXHTM.js?v=c435cca1:7083:11)
[  605992ms] ReferenceError: setEditingId is not defined
    at http://localhost:5176/src/components/FreestyleBoard.jsx?t=1789621026170:637:5
    at http://localhost:5176/src/components/FreestyleBoard.jsx?t=1789621026170:847:9
    at HTMLUnknownElement.callCallback2 (http://localhost:5176/node_modules/.vite/deps/chunk-KVMAXHTM.js?v=c435cca1:3680:22)
    at Object.invokeGuardedCallbackDev (http://localhost:5176/node_modules/.vite/deps/chunk-KVMAXHTM.js?v=c435cca1:3705:24)
    at invokeGuardedCallback (http://localhost:5176/node_modules/.vite/deps/chunk-KVMAXHTM.js?v=c435cca1:3739:39)
    at invokeGuardedCallbackAndCatchFirstError (http://localhost:5176/node_modules/.vite/deps/chunk-KVMAXHTM.js?v=c435cca1:3742:33)
    at executeDispatch (http://localhost:5176/node_modules/.vite/deps/chunk-KVMAXHTM.js?v=c435cca1:7046:11)
    at processDispatchQueueItemsInOrder (http://localhost:5176/node_modules/.vite/deps/chunk-KVMAXHTM.js?v=c435cca1:7066:15)
    at processDispatchQueue (http://localhost:5176/node_modules/.vite/deps/chunk-KVMAXHTM.js?v=c435cca1:7075:13)
    at dispatchEventsForPlugins (http://localhost:5176/node_modules/.vite/deps/chunk-KVMAXHTM.js?v=c435cca1:7083:11)
[  605993ms] ReferenceError: setEditingId is not defined
    at http://localhost:5176/src/components/FreestyleBoard.jsx?t=1789621026170:637:5
    at http://localhost:5176/src/components/FreestyleBoard.jsx?t=1789621026170:847:9
    at HTMLUnknownElement.callCallback2 (http://localhost:5176/node_modules/.vite/deps/chunk-KVMAXHTM.js?v=c435cca1:3680:22)
    at Object.invokeGuardedCallbackDev (http://localhost:5176/node_modules/.vite/deps/chunk-KVMAXHTM.js?v=c435cca1:3705:24)
    at invokeGuardedCallback (http://localhost:5176/node_modules/.vite/deps/chunk-KVMAXHTM.js?v=c435cca1:3739:39)
    at invokeGuardedCallbackAndCatchFirstError (http://localhost:5176/node_modules/.vite/deps/chunk-KVMAXHTM.js?v=c435cca1:3742:33)
    at executeDispatch (http://localhost:5176/node_modules/.vite/deps/chunk-KVMAXHTM.js?v=c435cca1:7046:11)
    at processDispatchQueueItemsInOrder (http://localhost:5176/node_modules/.vite/deps/chunk-KVMAXHTM.js?v=c435cca1:7066:15)
    at processDispatchQueue (http://localhost:5176/node_modules/.vite/deps/chunk-KVMAXHTM.js?v=c435cca1:7075:13)
    at dispatchEventsForPlugins (http://localhost:5176/node_modules/.vite/deps/chunk-KVMAXHTM.js?v=c435cca1:7083:11)
[  606001ms] ReferenceError: setEditingId is not defined
    at http://localhost:5176/src/components/FreestyleBoard.jsx?t=1789621026170:637:5
    at http://localhost:5176/src/components/FreestyleBoard.jsx?t=1789621026170:847:9
    at HTMLUnknownElement.callCallback2 (http://localhost:5176/node_modules/.vite/deps/chunk-KVMAXHTM.js?v=c435cca1:3680:22)
    at Object.invokeGuardedCallbackDev (http://localhost:5176/node_modules/.vite/deps/chunk-KVMAXHTM.js?v=c435cca1:3705:24)
    at invokeGuardedCallback (http://localhost:5176/node_modules/.vite/deps/chunk-KVMAXHTM.js?v=c435cca1:3739:39)
    at invokeGuardedCallbackAndCatchFirstError (http://localhost:5176/node_modules/.vite/deps/chunk-KVMAXHTM.js?v=c435cca1:3742:33)
    at executeDispatch (http://localhost:5176/node_modules/.vite/deps/chunk-KVMAXHTM.js?v=c435cca1:7046:11)
    at processDispatchQueueItemsInOrder (http://localhost:5176/node_modules/.vite/deps/chunk-KVMAXHTM.js?v=c435cca1:7066:15)
    at processDispatchQueue (http://localhost:5176/node_modules/.vite/deps/chunk-KVMAXHTM.js?v=c435cca1:7075:13)
    at dispatchEventsForPlugins (http://localhost:5176/node_modules/.vite/deps/chunk-KVMAXHTM.js?v=c435cca1:7083:11)
[  606001ms] ReferenceError: setEditingId is not defined
    at http://localhost:5176/src/components/FreestyleBoard.jsx?t=1789621026170:637:5
    at http://localhost:5176/src/components/FreestyleBoard.jsx?t=1789621026170:847:9
    at HTMLUnknownElement.callCallback2 (http://localhost:5176/node_modules/.vite/deps/chunk-KVMAXHTM.js?v=c435cca1:3680:22)
    at Object.invokeGuardedCallbackDev (http://localhost:5176/node_modules/.vite/deps/chunk-KVMAXHTM.js?v=c435cca1:3705:24)
    at invokeGuardedCallback (http://localhost:5176/node_modules/.vite/deps/chunk-KVMAXHTM.js?v=c435cca1:3739:39)
    at invokeGuardedCallbackAndCatchFirstError (http://localhost:5176/node_modules/.vite/deps/chunk-KVMAXHTM.js?v=c435cca1:3742:33)
    at executeDispatch (http://localhost:5176/node_modules/.vite/deps/chunk-KVMAXHTM.js?v=c435cca1:7046:11)
    at processDispatchQueueItemsInOrder (http://localhost:5176/node_modules/.vite/deps/chunk-KVMAXHTM.js?v=c435cca1:7066:15)
    at processDispatchQueue (http://localhost:5176/node_modules/.vite/deps/chunk-KVMAXHTM.js?v=c435cca1:7075:13)
    at dispatchEventsForPlugins (http://localhost:5176/node_modules/.vite/deps/chunk-KVMAXHTM.js?v=c435cca1:7083:11)
[  606009ms] ReferenceError: setEditingId is not defined
    at http://localhost:5176/src/components/FreestyleBoard.jsx?t=1789621026170:637:5
    at http://localhost:5176/src/components/FreestyleBoard.jsx?t=1789621026170:847:9
    at HTMLUnknownElement.callCallback2 (http://localhost:5176/node_modules/.vite/deps/chunk-KVMAXHTM.js?v=c435cca1:3680:22)
    at Object.invokeGuardedCallbackDev (http://localhost:5176/node_modules/.vite/deps/chunk-KVMAXHTM.js?v=c435cca1:3705:24)
    at invokeGuardedCallback (http://localhost:5176/node_modules/.vite/deps/chunk-KVMAXHTM.js?v=c435cca1:3739:39)
    at invokeGuardedCallbackAndCatchFirstError (http://localhost:5176/node_modules/.vite/deps/chunk-KVMAXHTM.js?v=c435cca1:3742:33)
    at executeDispatch (http://localhost:5176/node_modules/.vite/deps/chunk-KVMAXHTM.js?v=c435cca1:7046:11)
    at processDispatchQueueItemsInOrder (http://localhost:5176/node_modules/.vite/deps/chunk-KVMAXHTM.js?v=c435cca1:7066:15)
    at processDispatchQueue (http://localhost:5176/node_modules/.vite/deps/chunk-KVMAXHTM.js?v=c435cca1:7075:13)
    at dispatchEventsForPlugins (http://localhost:5176/node_modules/.vite/deps/chunk-KVMAXHTM.js?v=c435cca1:7083:11)
[  606010ms] ReferenceError: setEditingId is not defined
    at http://localhost:5176/src/components/FreestyleBoard.jsx?t=1789621026170:637:5
    at http://localhost:5176/src/components/FreestyleBoard.jsx?t=1789621026170:847:9
    at HTMLUnknownElement.callCallback2 (http://localhost:5176/node_modules/.vite/deps/chunk-KVMAXHTM.js?v=c435cca1:3680:22)
    at Object.invokeGuardedCallbackDev (http://localhost:5176/node_modules/.vite/deps/chunk-KVMAXHTM.js?v=c435cca1:3705:24)
    at invokeGuardedCallback (http://localhost:5176/node_modules/.vite/deps/chunk-KVMAXHTM.js?v=c435cca1:3739:39)
    at invokeGuardedCallbackAndCatchFirstError (http://localhost:5176/node_modules/.vite/deps/chunk-KVMAXHTM.js?v=c435cca1:3742:33)
    at executeDispatch (http://localhost:5176/node_modules/.vite/deps/chunk-KVMAXHTM.js?v=c435cca1:7046:11)
    at processDispatchQueueItemsInOrder (http://localhost:5176/node_modules/.vite/deps/chunk-KVMAXHTM.js?v=c435cca1:7066:15)
    at processDispatchQueue (http://localhost:5176/node_modules/.vite/deps/chunk-KVMAXHTM.js?v=c435cca1:7075:13)
    at dispatchEventsForPlugins (http://localhost:5176/node_modules/.vite/deps/chunk-KVMAXHTM.js?v=c435cca1:7083:11)
[  606022ms] ReferenceError: setEditingId is not defined
    at http://localhost:5176/src/components/FreestyleBoard.jsx?t=1789621026170:637:5
    at http://localhost:5176/src/components/FreestyleBoard.jsx?t=1789621026170:847:9
    at HTMLUnknownElement.callCallback2 (http://localhost:5176/node_modules/.vite/deps/chunk-KVMAXHTM.js?v=c435cca1:3680:22)
    at Object.invokeGuardedCallbackDev (http://localhost:5176/node_modules/.vite/deps/chunk-KVMAXHTM.js?v=c435cca1:3705:24)
    at invokeGuardedCallback (http://localhost:5176/node_modules/.vite/deps/chunk-KVMAXHTM.js?v=c435cca1:3739:39)
    at invokeGuardedCallbackAndCatchFirstError (http://localhost:5176/node_modules/.vite/deps/chunk-KVMAXHTM.js?v=c435cca1:3742:33)
    at executeDispatch (http://localhost:5176/node_modules/.vite/deps/chunk-KVMAXHTM.js?v=c435cca1:7046:11)
    at processDispatchQueueItemsInOrder (http://localhost:5176/node_modules/.vite/deps/chunk-KVMAXHTM.js?v=c435cca1:7066:15)
    at processDispatchQueue (http://localhost:5176/node_modules/.vite/deps/chunk-KVMAXHTM.js?v=c435cca1:7075:13)
    at dispatchEventsForPlugins (http://localhost:5176/node_modules/.vite/deps/chunk-KVMAXHTM.js?v=c435cca1:7083:11)
[  606023ms] ReferenceError: setEditingId is not defined
    at http://localhost:5176/src/components/FreestyleBoard.jsx?t=1789621026170:637:5
    at http://localhost:5176/src/components/FreestyleBoard.jsx?t=1789621026170:847:9
    at HTMLUnknownElement.callCallback2 (http://localhost:5176/node_modules/.vite/deps/chunk-KVMAXHTM.js?v=c435cca1:3680:22)
    at Object.invokeGuardedCallbackDev (http://localhost:5176/node_modules/.vite/deps/chunk-KVMAXHTM.js?v=c435cca1:3705:24)
    at invokeGuardedCallback (http://localhost:5176/node_modules/.vite/deps/chunk-KVMAXHTM.js?v=c435cca1:3739:39)
    at invokeGuardedCallbackAndCatchFirstError (http://localhost:5176/node_modules/.vite/deps/chunk-KVMAXHTM.js?v=c435cca1:3742:33)
    at executeDispatch (http://localhost:5176/node_modules/.vite/deps/chunk-KVMAXHTM.js?v=c435cca1:7046:11)
    at processDispatchQueueItemsInOrder (http://localhost:5176/node_modules/.vite/deps/chunk-KVMAXHTM.js?v=c435cca1:7066:15)
    at processDispatchQueue (http://localhost:5176/node_modules/.vite/deps/chunk-KVMAXHTM.js?v=c435cca1:7075:13)
    at dispatchEventsForPlugins (http://localhost:5176/node_modules/.vite/deps/chunk-KVMAXHTM.js?v=c435cca1:7083:11)
[  606029ms] ReferenceError: setEditingId is not defined
    at http://localhost:5176/src/components/FreestyleBoard.jsx?t=1789621026170:637:5
    at http://localhost:5176/src/components/FreestyleBoard.jsx?t=1789621026170:847:9
    at HTMLUnknownElement.callCallback2 (http://localhost:5176/node_modules/.vite/deps/chunk-KVMAXHTM.js?v=c435cca1:3680:22)
    at Object.invokeGuardedCallbackDev (http://localhost:5176/node_modules/.vite/deps/chunk-KVMAXHTM.js?v=c435cca1:3705:24)
    at invokeGuardedCallback (http://localhost:5176/node_modules/.vite/deps/chunk-KVMAXHTM.js?v=c435cca1:3739:39)
    at invokeGuardedCallbackAndCatchFirstError (http://localhost:5176/node_modules/.vite/deps/chunk-KVMAXHTM.js?v=c435cca1:3742:33)
    at executeDispatch (http://localhost:5176/node_modules/.vite/deps/chunk-KVMAXHTM.js?v=c435cca1:7046:11)
    at processDispatchQueueItemsInOrder (http://localhost:5176/node_modules/.vite/deps/chunk-KVMAXHTM.js?v=c435cca1:7066:15)
    at processDispatchQueue (http://localhost:5176/node_modules/.vite/deps/chunk-KVMAXHTM.js?v=c435cca1:7075:13)
    at dispatchEventsForPlugins (http://localhost:5176/node_modules/.vite/deps/chunk-KVMAXHTM.js?v=c435cca1:7083:11)
[  606031ms] ReferenceError: setEditingId is not defined
    at http://localhost:5176/src/components/FreestyleBoard.jsx?t=1789621026170:637:5
    at http://localhost:5176/src/components/FreestyleBoard.jsx?t=1789621026170:847:9
    at HTMLUnknownElement.callCallback2 (http://localhost:5176/node_modules/.vite/deps/chunk-KVMAXHTM.js?v=c435cca1:3680:22)
    at Object.invokeGuardedCallbackDev (http://localhost:5176/node_modules/.vite/deps/chunk-KVMAXHTM.js?v=c435cca1:3705:24)
    at invokeGuardedCallback (http://localhost:5176/node_modules/.vite/deps/chunk-KVMAXHTM.js?v=c435cca1:3739:39)
    at invokeGuardedCallbackAndCatchFirstError (http://localhost:5176/node_modules/.vite/deps/chunk-KVMAXHTM.js?v=c435cca1:3742:33)
    at executeDispatch (http://localhost:5176/node_modules/.vite/deps/chunk-KVMAXHTM.js?v=c435cca1:7046:11)
    at processDispatchQueueItemsInOrder (http://localhost:5176/node_modules/.vite/deps/chunk-KVMAXHTM.js?v=c435cca1:7066:15)
    at processDispatchQueue (http://localhost:5176/node_modules/.vite/deps/chunk-KVMAXHTM.js?v=c435cca1:7075:13)
    at dispatchEventsForPlugins (http://localhost:5176/node_modules/.vite/deps/chunk-KVMAXHTM.js?v=c435cca1:7083:11)
[  606040ms] ReferenceError: setEditingId is not defined
    at http://localhost:5176/src/components/FreestyleBoard.jsx?t=1789621026170:637:5
    at http://localhost:5176/src/components/FreestyleBoard.jsx?t=1789621026170:847:9
    at HTMLUnknownElement.callCallback2 (http://localhost:5176/node_modules/.vite/deps/chunk-KVMAXHTM.js?v=c435cca1:3680:22)
    at Object.invokeGuardedCallbackDev (http://localhost:5176/node_modules/.vite/deps/chunk-KVMAXHTM.js?v=c435cca1:3705:24)
    at invokeGuardedCallback (http://localhost:5176/node_modules/.vite/deps/chunk-KVMAXHTM.js?v=c435cca1:3739:39)
    at invokeGuardedCallbackAndCatchFirstError (http://localhost:5176/node_modules/.vite/deps/chunk-KVMAXHTM.js?v=c435cca1:3742:33)
    at executeDispatch (http://localhost:5176/node_modules/.vite/deps/chunk-KVMAXHTM.js?v=c435cca1:7046:11)
    at processDispatchQueueItemsInOrder (http://localhost:5176/node_modules/.vite/deps/chunk-KVMAXHTM.js?v=c435cca1:7066:15)
    at processDispatchQueue (http://localhost:5176/node_modules/.vite/deps/chunk-KVMAXHTM.js?v=c435cca1:7075:13)
    at dispatchEventsForPlugins (http://localhost:5176/node_modules/.vite/deps/chunk-KVMAXHTM.js?v=c435cca1:7083:11)
[  606041ms] ReferenceError: setEditingId is not defined
    at http://localhost:5176/src/components/FreestyleBoard.jsx?t=1789621026170:637:5
    at http://localhost:5176/src/components/FreestyleBoard.jsx?t=1789621026170:847:9
    at HTMLUnknownElement.callCallback2 (http://localhost:5176/node_modules/.vite/deps/chunk-KVMAXHTM.js?v=c435cca1:3680:22)
    at Object.invokeGuardedCallbackDev (http://localhost:5176/node_modules/.vite/deps/chunk-KVMAXHTM.js?v=c435cca1:3705:24)
    at invokeGuardedCallback (http://localhost:5176/node_modules/.vite/deps/chunk-KVMAXHTM.js?v=c435cca1:3739:39)
    at invokeGuardedCallbackAndCatchFirstError (http://localhost:5176/node_modules/.vite/deps/chunk-KVMAXHTM.js?v=c435cca1:3742:33)
    at executeDispatch (http://localhost:5176/node_modules/.vite/deps/chunk-KVMAXHTM.js?v=c435cca1:7046:11)
    at processDispatchQueueItemsInOrder (http://localhost:5176/node_modules/.vite/deps/chunk-KVMAXHTM.js?v=c435cca1:7066:15)
    at processDispatchQueue (http://localhost:5176/node_modules/.vite/deps/chunk-KVMAXHTM.js?v=c435cca1:7075:13)
    at dispatchEventsForPlugins (http://localhost:5176/node_modules/.vite/deps/chunk-KVMAXHTM.js?v=c435cca1:7083:11)
[  606049ms] ReferenceError: setEditingId is not defined
    at http://localhost:5176/src/components/FreestyleBoard.jsx?t=1789621026170:637:5
    at http://localhost:5176/src/components/FreestyleBoard.jsx?t=1789621026170:847:9
    at HTMLUnknownElement.callCallback2 (http://localhost:5176/node_modules/.vite/deps/chunk-KVMAXHTM.js?v=c435cca1:3680:22)
    at Object.invokeGuardedCallbackDev (http://localhost:5176/node_modules/.vite/deps/chunk-KVMAXHTM.js?v=c435cca1:3705:24)
    at invokeGuardedCallback (http://localhost:5176/node_modules/.vite/deps/chunk-KVMAXHTM.js?v=c435cca1:3739:39)
    at invokeGuardedCallbackAndCatchFirstError (http://localhost:5176/node_modules/.vite/deps/chunk-KVMAXHTM.js?v=c435cca1:3742:33)
    at executeDispatch (http://localhost:5176/node_modules/.vite/deps/chunk-KVMAXHTM.js?v=c435cca1:7046:11)
    at processDispatchQueueItemsInOrder (http://localhost:5176/node_modules/.vite/deps/chunk-KVMAXHTM.js?v=c435cca1:7066:15)
    at processDispatchQueue (http://localhost:5176/node_modules/.vite/deps/chunk-KVMAXHTM.js?v=c435cca1:7075:13)
    at dispatchEventsForPlugins (http://localhost:5176/node_modules/.vite/deps/chunk-KVMAXHTM.js?v=c435cca1:7083:11)
[  606049ms] ReferenceError: setEditingId is not defined
    at http://localhost:5176/src/components/FreestyleBoard.jsx?t=1789621026170:637:5
    at http://localhost:5176/src/components/FreestyleBoard.jsx?t=1789621026170:847:9
    at HTMLUnknownElement.callCallback2 (http://localhost:5176/node_modules/.vite/deps/chunk-KVMAXHTM.js?v=c435cca1:3680:22)
    at Object.invokeGuardedCallbackDev (http://localhost:5176/node_modules/.vite/deps/chunk-KVMAXHTM.js?v=c435cca1:3705:24)
    at invokeGuardedCallback (http://localhost:5176/node_modules/.vite/deps/chunk-KVMAXHTM.js?v=c435cca1:3739:39)
    at invokeGuardedCallbackAndCatchFirstError (http://localhost:5176/node_modules/.vite/deps/chunk-KVMAXHTM.js?v=c435cca1:3742:33)
    at executeDispatch (http://localhost:5176/node_modules/.vite/deps/chunk-KVMAXHTM.js?v=c435cca1:7046:11)
    at processDispatchQueueItemsInOrder (http://localhost:5176/node_modules/.vite/deps/chunk-KVMAXHTM.js?v=c435cca1:7066:15)
    at processDispatchQueue (http://localhost:5176/node_modules/.vite/deps/chunk-KVMAXHTM.js?v=c435cca1:7075:13)
    at dispatchEventsForPlugins (http://localhost:5176/node_modules/.vite/deps/chunk-KVMAXHTM.js?v=c435cca1:7083:11)
[  606052ms] ReferenceError: setEditingId is not defined
    at http://localhost:5176/src/components/FreestyleBoard.jsx?t=1789621026170:637:5
    at http://localhost:5176/src/components/FreestyleBoard.jsx?t=1789621026170:847:9
    at HTMLUnknownElement.callCallback2 (http://localhost:5176/node_modules/.vite/deps/chunk-KVMAXHTM.js?v=c435cca1:3680:22)
    at Object.invokeGuardedCallbackDev (http://localhost:5176/node_modules/.vite/deps/chunk-KVMAXHTM.js?v=c435cca1:3705:24)
    at invokeGuardedCallback (http://localhost:5176/node_modules/.vite/deps/chunk-KVMAXHTM.js?v=c435cca1:3739:39)
    at invokeGuardedCallbackAndCatchFirstError (http://localhost:5176/node_modules/.vite/deps/chunk-KVMAXHTM.js?v=c435cca1:3742:33)
    at executeDispatch (http://localhost:5176/node_modules/.vite/deps/chunk-KVMAXHTM.js?v=c435cca1:7046:11)
    at processDispatchQueueItemsInOrder (http://localhost:5176/node_modules/.vite/deps/chunk-KVMAXHTM.js?v=c435cca1:7066:15)
    at processDispatchQueue (http://localhost:5176/node_modules/.vite/deps/chunk-KVMAXHTM.js?v=c435cca1:7075:13)
    at dispatchEventsForPlugins (http://localhost:5176/node_modules/.vite/deps/chunk-KVMAXHTM.js?v=c435cca1:7083:11)
[  606053ms] ReferenceError: setEditingId is not defined
    at http://localhost:5176/src/components/FreestyleBoard.jsx?t=1789621026170:637:5
    at http://localhost:5176/src/components/FreestyleBoard.jsx?t=1789621026170:847:9
    at HTMLUnknownElement.callCallback2 (http://localhost:5176/node_modules/.vite/deps/chunk-KVMAXHTM.js?v=c435cca1:3680:22)
    at Object.invokeGuardedCallbackDev (http://localhost:5176/node_modules/.vite/deps/chunk-KVMAXHTM.js?v=c435cca1:3705:24)
    at invokeGuardedCallback (http://localhost:5176/node_modules/.vite/deps/chunk-KVMAXHTM.js?v=c435cca1:3739:39)
    at invokeGuardedCallbackAndCatchFirstError (http://localhost:5176/node_modules/.vite/deps/chunk-KVMAXHTM.js?v=c435cca1:3742:33)
    at executeDispatch (http://localhost:5176/node_modules/.vite/deps/chunk-KVMAXHTM.js?v=c435cca1:7046:11)
    at processDispatchQueueItemsInOrder (http://localhost:5176/node_modules/.vite/deps/chunk-KVMAXHTM.js?v=c435cca1:7066:15)
    at processDispatchQueue (http://localhost:5176/node_modules/.vite/deps/chunk-KVMAXHTM.js?v=c435cca1:7075:13)
    at dispatchEventsForPlugins (http://localhost:5176/node_modules/.vite/deps/chunk-KVMAXHTM.js?v=c435cca1:7083:11)
[  606066ms] ReferenceError: setEditingId is not defined
    at http://localhost:5176/src/components/FreestyleBoard.jsx?t=1789621026170:637:5
    at http://localhost:5176/src/components/FreestyleBoard.jsx?t=1789621026170:847:9
    at HTMLUnknownElement.callCallback2 (http://localhost:5176/node_modules/.vite/deps/chunk-KVMAXHTM.js?v=c435cca1:3680:22)
    at Object.invokeGuardedCallbackDev (http://localhost:5176/node_modules/.vite/deps/chunk-KVMAXHTM.js?v=c435cca1:3705:24)
    at invokeGuardedCallback (http://localhost:5176/node_modules/.vite/deps/chunk-KVMAXHTM.js?v=c435cca1:3739:39)
    at invokeGuardedCallbackAndCatchFirstError (http://localhost:5176/node_modules/.vite/deps/chunk-KVMAXHTM.js?v=c435cca1:3742:33)
    at executeDispatch (http://localhost:5176/node_modules/.vite/deps/chunk-KVMAXHTM.js?v=c435cca1:7046:11)
    at processDispatchQueueItemsInOrder (http://localhost:5176/node_modules/.vite/deps/chunk-KVMAXHTM.js?v=c435cca1:7066:15)
    at processDispatchQueue (http://localhost:5176/node_modules/.vite/deps/chunk-KVMAXHTM.js?v=c435cca1:7075:13)
    at dispatchEventsForPlugins (http://localhost:5176/node_modules/.vite/deps/chunk-KVMAXHTM.js?v=c435cca1:7083:11)
[  606066ms] ReferenceError: setEditingId is not defined
    at http://localhost:5176/src/components/FreestyleBoard.jsx?t=1789621026170:637:5
    at http://localhost:5176/src/components/FreestyleBoard.jsx?t=1789621026170:847:9
    at HTMLUnknownElement.callCallback2 (http://localhost:5176/node_modules/.vite/deps/chunk-KVMAXHTM.js?v=c435cca1:3680:22)
    at Object.invokeGuardedCallbackDev (http://localhost:5176/node_modules/.vite/deps/chunk-KVMAXHTM.js?v=c435cca1:3705:24)
    at invokeGuardedCallback (http://localhost:5176/node_modules/.vite/deps/chunk-KVMAXHTM.js?v=c435cca1:3739:39)
    at invokeGuardedCallbackAndCatchFirstError (http://localhost:5176/node_modules/.vite/deps/chunk-KVMAXHTM.js?v=c435cca1:3742:33)
    at executeDispatch (http://localhost:5176/node_modules/.vite/deps/chunk-KVMAXHTM.js?v=c435cca1:7046:11)
    at processDispatchQueueItemsInOrder (http://localhost:5176/node_modules/.vite/deps/chunk-KVMAXHTM.js?v=c435cca1:7066:15)
    at processDispatchQueue (http://localhost:5176/node_modules/.vite/deps/chunk-KVMAXHTM.js?v=c435cca1:7075:13)
    at dispatchEventsForPlugins (http://localhost:5176/node_modules/.vite/deps/chunk-KVMAXHTM.js?v=c435cca1:7083:11)
[  606074ms] ReferenceError: setEditingId is not defined
    at http://localhost:5176/src/components/FreestyleBoard.jsx?t=1789621026170:637:5
    at http://localhost:5176/src/components/FreestyleBoard.jsx?t=1789621026170:847:9
    at HTMLUnknownElement.callCallback2 (http://localhost:5176/node_modules/.vite/deps/chunk-KVMAXHTM.js?v=c435cca1:3680:22)
    at Object.invokeGuardedCallbackDev (http://localhost:5176/node_modules/.vite/deps/chunk-KVMAXHTM.js?v=c435cca1:3705:24)
    at invokeGuardedCallback (http://localhost:5176/node_modules/.vite/deps/chunk-KVMAXHTM.js?v=c435cca1:3739:39)
    at invokeGuardedCallbackAndCatchFirstError (http://localhost:5176/node_modules/.vite/deps/chunk-KVMAXHTM.js?v=c435cca1:3742:33)
    at executeDispatch (http://localhost:5176/node_modules/.vite/deps/chunk-KVMAXHTM.js?v=c435cca1:7046:11)
    at processDispatchQueueItemsInOrder (http://localhost:5176/node_modules/.vite/deps/chunk-KVMAXHTM.js?v=c435cca1:7066:15)
    at processDispatchQueue (http://localhost:5176/node_modules/.vite/deps/chunk-KVMAXHTM.js?v=c435cca1:7075:13)
    at dispatchEventsForPlugins (http://localhost:5176/node_modules/.vite/deps/chunk-KVMAXHTM.js?v=c435cca1:7083:11)
[  606074ms] ReferenceError: setEditingId is not defined
    at http://localhost:5176/src/components/FreestyleBoard.jsx?t=1789621026170:637:5
    at http://localhost:5176/src/components/FreestyleBoard.jsx?t=1789621026170:847:9
    at HTMLUnknownElement.callCallback2 (http://localhost:5176/node_modules/.vite/deps/chunk-KVMAXHTM.js?v=c435cca1:3680:22)
    at Object.invokeGuardedCallbackDev (http://localhost:5176/node_modules/.vite/deps/chunk-KVMAXHTM.js?v=c435cca1:3705:24)
    at invokeGuardedCallback (http://localhost:5176/node_modules/.vite/deps/chunk-KVMAXHTM.js?v=c435cca1:3739:39)
    at invokeGuardedCallbackAndCatchFirstError (http://localhost:5176/node_modules/.vite/deps/chunk-KVMAXHTM.js?v=c435cca1:3742:33)
    at executeDispatch (http://localhost:5176/node_modules/.vite/deps/chunk-KVMAXHTM.js?v=c435cca1:7046:11)
    at processDispatchQueueItemsInOrder (http://localhost:5176/node_modules/.vite/deps/chunk-KVMAXHTM.js?v=c435cca1:7066:15)
    at processDispatchQueue (http://localhost:5176/node_modules/.vite/deps/chunk-KVMAXHTM.js?v=c435cca1:7075:13)
    at dispatchEventsForPlugins (http://localhost:5176/node_modules/.vite/deps/chunk-KVMAXHTM.js?v=c435cca1:7083:11)
[  606082ms] ReferenceError: setEditingId is not defined
    at http://localhost:5176/src/components/FreestyleBoard.jsx?t=1789621026170:637:5
    at http://localhost:5176/src/components/FreestyleBoard.jsx?t=1789621026170:847:9
    at HTMLUnknownElement.callCallback2 (http://localhost:5176/node_modules/.vite/deps/chunk-KVMAXHTM.js?v=c435cca1:3680:22)
    at Object.invokeGuardedCallbackDev (http://localhost:5176/node_modules/.vite/deps/chunk-KVMAXHTM.js?v=c435cca1:3705:24)
    at invokeGuardedCallback (http://localhost:5176/node_modules/.vite/deps/chunk-KVMAXHTM.js?v=c435cca1:3739:39)
    at invokeGuardedCallbackAndCatchFirstError (http://localhost:5176/node_modules/.vite/deps/chunk-KVMAXHTM.js?v=c435cca1:3742:33)
    at executeDispatch (http://localhost:5176/node_modules/.vite/deps/chunk-KVMAXHTM.js?v=c435cca1:7046:11)
    at processDispatchQueueItemsInOrder (http://localhost:5176/node_modules/.vite/deps/chunk-KVMAXHTM.js?v=c435cca1:7066:15)
    at processDispatchQueue (http://localhost:5176/node_modules/.vite/deps/chunk-KVMAXHTM.js?v=c435cca1:7075:13)
    at dispatchEventsForPlugins (http://localhost:5176/node_modules/.vite/deps/chunk-KVMAXHTM.js?v=c435cca1:7083:11)
[  606083ms] ReferenceError: setEditingId is not defined
    at http://localhost:5176/src/components/FreestyleBoard.jsx?t=1789621026170:637:5
    at http://localhost:5176/src/components/FreestyleBoard.jsx?t=1789621026170:847:9
    at HTMLUnknownElement.callCallback2 (http://localhost:5176/node_modules/.vite/deps/chunk-KVMAXHTM.js?v=c435cca1:3680:22)
    at Object.invokeGuardedCallbackDev (http://localhost:5176/node_modules/.vite/deps/chunk-KVMAXHTM.js?v=c435cca1:3705:24)
    at invokeGuardedCallback (http://localhost:5176/node_modules/.vite/deps/chunk-KVMAXHTM.js?v=c435cca1:3739:39)
    at invokeGuardedCallbackAndCatchFirstError (http://localhost:5176/node_modules/.vite/deps/chunk-KVMAXHTM.js?v=c435cca1:3742:33)
    at executeDispatch (http://localhost:5176/node_modules/.vite/deps/chunk-KVMAXHTM.js?v=c435cca1:7046:11)
    at processDispatchQueueItemsInOrder (http://localhost:5176/node_modules/.vite/deps/chunk-KVMAXHTM.js?v=c435cca1:7066:15)
    at processDispatchQueue (http://localhost:5176/node_modules/.vite/deps/chunk-KVMAXHTM.js?v=c435cca1:7075:13)
    at dispatchEventsForPlugins (http://localhost:5176/node_modules/.vite/deps/chunk-KVMAXHTM.js?v=c435cca1:7083:11)
[  606085ms] ReferenceError: setEditingId is not defined
    at http://localhost:5176/src/components/FreestyleBoard.jsx?t=1789621026170:637:5
    at http://localhost:5176/src/components/FreestyleBoard.jsx?t=1789621026170:847:9
    at HTMLUnknownElement.callCallback2 (http://localhost:5176/node_modules/.vite/deps/chunk-KVMAXHTM.js?v=c435cca1:3680:22)
    at Object.invokeGuardedCallbackDev (http://localhost:5176/node_modules/.vite/deps/chunk-KVMAXHTM.js?v=c435cca1:3705:24)
    at invokeGuardedCallback (http://localhost:5176/node_modules/.vite/deps/chunk-KVMAXHTM.js?v=c435cca1:3739:39)
    at invokeGuardedCallbackAndCatchFirstError (http://localhost:5176/node_modules/.vite/deps/chunk-KVMAXHTM.js?v=c435cca1:3742:33)
    at executeDispatch (http://localhost:5176/node_modules/.vite/deps/chunk-KVMAXHTM.js?v=c435cca1:7046:11)
    at processDispatchQueueItemsInOrder (http://localhost:5176/node_modules/.vite/deps/chunk-KVMAXHTM.js?v=c435cca1:7066:15)
    at processDispatchQueue (http://localhost:5176/node_modules/.vite/deps/chunk-KVMAXHTM.js?v=c435cca1:7075:13)
    at dispatchEventsForPlugins (http://localhost:5176/node_modules/.vite/deps/chunk-KVMAXHTM.js?v=c435cca1:7083:11)
[  606086ms] ReferenceError: setEditingId is not defined
    at http://localhost:5176/src/components/FreestyleBoard.jsx?t=1789621026170:637:5
    at http://localhost:5176/src/components/FreestyleBoard.jsx?t=1789621026170:847:9
    at HTMLUnknownElement.callCallback2 (http://localhost:5176/node_modules/.vite/deps/chunk-KVMAXHTM.js?v=c435cca1:3680:22)
    at Object.invokeGuardedCallbackDev (http://localhost:5176/node_modules/.vite/deps/chunk-KVMAXHTM.js?v=c435cca1:3705:24)
    at invokeGuardedCallback (http://localhost:5176/node_modules/.vite/deps/chunk-KVMAXHTM.js?v=c435cca1:3739:39)
    at invokeGuardedCallbackAndCatchFirstError (http://localhost:5176/node_modules/.vite/deps/chunk-KVMAXHTM.js?v=c435cca1:3742:33)
    at executeDispatch (http://localhost:5176/node_modules/.vite/deps/chunk-KVMAXHTM.js?v=c435cca1:7046:11)
    at processDispatchQueueItemsInOrder (http://localhost:5176/node_modules/.vite/deps/chunk-KVMAXHTM.js?v=c435cca1:7066:15)
    at processDispatchQueue (http://localhost:5176/node_modules/.vite/deps/chunk-KVMAXHTM.js?v=c435cca1:7075:13)
    at dispatchEventsForPlugins (http://localhost:5176/node_modules/.vite/deps/chunk-KVMAXHTM.js?v=c435cca1:7083:11)
[  606099ms] ReferenceError: setEditingId is not defined
    at http://localhost:5176/src/components/FreestyleBoard.jsx?t=1789621026170:637:5
    at http://localhost:5176/src/components/FreestyleBoard.jsx?t=1789621026170:847:9
    at HTMLUnknownElement.callCallback2 (http://localhost:5176/node_modules/.vite/deps/chunk-KVMAXHTM.js?v=c435cca1:3680:22)
    at Object.invokeGuardedCallbackDev (http://localhost:5176/node_modules/.vite/deps/chunk-KVMAXHTM.js?v=c435cca1:3705:24)
    at invokeGuardedCallback (http://localhost:5176/node_modules/.vite/deps/chunk-KVMAXHTM.js?v=c435cca1:3739:39)
    at invokeGuardedCallbackAndCatchFirstError (http://localhost:5176/node_modules/.vite/deps/chunk-KVMAXHTM.js?v=c435cca1:3742:33)
    at executeDispatch (http://localhost:5176/node_modules/.vite/deps/chunk-KVMAXHTM.js?v=c435cca1:7046:11)
    at processDispatchQueueItemsInOrder (http://localhost:5176/node_modules/.vite/deps/chunk-KVMAXHTM.js?v=c435cca1:7066:15)
    at processDispatchQueue (http://localhost:5176/node_modules/.vite/deps/chunk-KVMAXHTM.js?v=c435cca1:7075:13)
    at dispatchEventsForPlugins (http://localhost:5176/node_modules/.vite/deps/chunk-KVMAXHTM.js?v=c435cca1:7083:11)
[  606099ms] ReferenceError: setEditingId is not defined
    at http://localhost:5176/src/components/FreestyleBoard.jsx?t=1789621026170:637:5
    at http://localhost:5176/src/components/FreestyleBoard.jsx?t=1789621026170:847:9
    at HTMLUnknownElement.callCallback2 (http://localhost:5176/node_modules/.vite/deps/chunk-KVMAXHTM.js?v=c435cca1:3680:22)
    at Object.invokeGuardedCallbackDev (http://localhost:5176/node_modules/.vite/deps/chunk-KVMAXHTM.js?v=c435cca1:3705:24)
    at invokeGuardedCallback (http://localhost:5176/node_modules/.vite/deps/chunk-KVMAXHTM.js?v=c435cca1:3739:39)
    at invokeGuardedCallbackAndCatchFirstError (http://localhost:5176/node_modules/.vite/deps/chunk-KVMAXHTM.js?v=c435cca1:3742:33)
    at executeDispatch (http://localhost:5176/node_modules/.vite/deps/chunk-KVMAXHTM.js?v=c435cca1:7046:11)
    at processDispatchQueueItemsInOrder (http://localhost:5176/node_modules/.vite/deps/chunk-KVMAXHTM.js?v=c435cca1:7066:15)
    at processDispatchQueue (http://localhost:5176/node_modules/.vite/deps/chunk-KVMAXHTM.js?v=c435cca1:7075:13)
    at dispatchEventsForPlugins (http://localhost:5176/node_modules/.vite/deps/chunk-KVMAXHTM.js?v=c435cca1:7083:11)
[  606105ms] ReferenceError: setEditingId is not defined
    at http://localhost:5176/src/components/FreestyleBoard.jsx?t=1789621026170:637:5
    at http://localhost:5176/src/components/FreestyleBoard.jsx?t=1789621026170:847:9
    at HTMLUnknownElement.callCallback2 (http://localhost:5176/node_modules/.vite/deps/chunk-KVMAXHTM.js?v=c435cca1:3680:22)
    at Object.invokeGuardedCallbackDev (http://localhost:5176/node_modules/.vite/deps/chunk-KVMAXHTM.js?v=c435cca1:3705:24)
    at invokeGuardedCallback (http://localhost:5176/node_modules/.vite/deps/chunk-KVMAXHTM.js?v=c435cca1:3739:39)
    at invokeGuardedCallbackAndCatchFirstError (http://localhost:5176/node_modules/.vite/deps/chunk-KVMAXHTM.js?v=c435cca1:3742:33)
    at executeDispatch (http://localhost:5176/node_modules/.vite/deps/chunk-KVMAXHTM.js?v=c435cca1:7046:11)
    at processDispatchQueueItemsInOrder (http://localhost:5176/node_modules/.vite/deps/chunk-KVMAXHTM.js?v=c435cca1:7066:15)
    at processDispatchQueue (http://localhost:5176/node_modules/.vite/deps/chunk-KVMAXHTM.js?v=c435cca1:7075:13)
    at dispatchEventsForPlugins (http://localhost:5176/node_modules/.vite/deps/chunk-KVMAXHTM.js?v=c435cca1:7083:11)
[  606105ms] ReferenceError: setEditingId is not defined
    at http://localhost:5176/src/components/FreestyleBoard.jsx?t=1789621026170:637:5
    at http://localhost:5176/src/components/FreestyleBoard.jsx?t=1789621026170:847:9
    at HTMLUnknownElement.callCallback2 (http://localhost:5176/node_modules/.vite/deps/chunk-KVMAXHTM.js?v=c435cca1:3680:22)
    at Object.invokeGuardedCallbackDev (http://localhost:5176/node_modules/.vite/deps/chunk-KVMAXHTM.js?v=c435cca1:3705:24)
    at invokeGuardedCallback (http://localhost:5176/node_modules/.vite/deps/chunk-KVMAXHTM.js?v=c435cca1:3739:39)
    at invokeGuardedCallbackAndCatchFirstError (http://localhost:5176/node_modules/.vite/deps/chunk-KVMAXHTM.js?v=c435cca1:3742:33)
    at executeDispatch (http://localhost:5176/node_modules/.vite/deps/chunk-KVMAXHTM.js?v=c435cca1:7046:11)
    at processDispatchQueueItemsInOrder (http://localhost:5176/node_modules/.vite/deps/chunk-KVMAXHTM.js?v=c435cca1:7066:15)
    at processDispatchQueue (http://localhost:5176/node_modules/.vite/deps/chunk-KVMAXHTM.js?v=c435cca1:7075:13)
    at dispatchEventsForPlugins (http://localhost:5176/node_modules/.vite/deps/chunk-KVMAXHTM.js?v=c435cca1:7083:11)
[  606114ms] ReferenceError: setEditingId is not defined
    at http://localhost:5176/src/components/FreestyleBoard.jsx?t=1789621026170:637:5
    at http://localhost:5176/src/components/FreestyleBoard.jsx?t=1789621026170:847:9
    at HTMLUnknownElement.callCallback2 (http://localhost:5176/node_modules/.vite/deps/chunk-KVMAXHTM.js?v=c435cca1:3680:22)
    at Object.invokeGuardedCallbackDev (http://localhost:5176/node_modules/.vite/deps/chunk-KVMAXHTM.js?v=c435cca1:3705:24)
    at invokeGuardedCallback (http://localhost:5176/node_modules/.vite/deps/chunk-KVMAXHTM.js?v=c435cca1:3739:39)
    at invokeGuardedCallbackAndCatchFirstError (http://localhost:5176/node_modules/.vite/deps/chunk-KVMAXHTM.js?v=c435cca1:3742:33)
    at executeDispatch (http://localhost:5176/node_modules/.vite/deps/chunk-KVMAXHTM.js?v=c435cca1:7046:11)
    at processDispatchQueueItemsInOrder (http://localhost:5176/node_modules/.vite/deps/chunk-KVMAXHTM.js?v=c435cca1:7066:15)
    at processDispatchQueue (http://localhost:5176/node_modules/.vite/deps/chunk-KVMAXHTM.js?v=c435cca1:7075:13)
    at dispatchEventsForPlugins (http://localhost:5176/node_modules/.vite/deps/chunk-KVMAXHTM.js?v=c435cca1:7083:11)
[  606115ms] ReferenceError: setEditingId is not defined
    at http://localhost:5176/src/components/FreestyleBoard.jsx?t=1789621026170:637:5
    at http://localhost:5176/src/components/FreestyleBoard.jsx?t=1789621026170:847:9
    at HTMLUnknownElement.callCallback2 (http://localhost:5176/node_modules/.vite/deps/chunk-KVMAXHTM.js?v=c435cca1:3680:22)
    at Object.invokeGuardedCallbackDev (http://localhost:5176/node_modules/.vite/deps/chunk-KVMAXHTM.js?v=c435cca1:3705:24)
    at invokeGuardedCallback (http://localhost:5176/node_modules/.vite/deps/chunk-KVMAXHTM.js?v=c435cca1:3739:39)
    at invokeGuardedCallbackAndCatchFirstError (http://localhost:5176/node_modules/.vite/deps/chunk-KVMAXHTM.js?v=c435cca1:3742:33)
    at executeDispatch (http://localhost:5176/node_modules/.vite/deps/chunk-KVMAXHTM.js?v=c435cca1:7046:11)
    at processDispatchQueueItemsInOrder (http://localhost:5176/node_modules/.vite/deps/chunk-KVMAXHTM.js?v=c435cca1:7066:15)
    at processDispatchQueue (http://localhost:5176/node_modules/.vite/deps/chunk-KVMAXHTM.js?v=c435cca1:7075:13)
    at dispatchEventsForPlugins (http://localhost:5176/node_modules/.vite/deps/chunk-KVMAXHTM.js?v=c435cca1:7083:11)
[  606118ms] ReferenceError: setEditingId is not defined
    at http://localhost:5176/src/components/FreestyleBoard.jsx?t=1789621026170:637:5
    at http://localhost:5176/src/components/FreestyleBoard.jsx?t=1789621026170:847:9
    at HTMLUnknownElement.callCallback2 (http://localhost:5176/node_modules/.vite/deps/chunk-KVMAXHTM.js?v=c435cca1:3680:22)
    at Object.invokeGuardedCallbackDev (http://localhost:5176/node_modules/.vite/deps/chunk-KVMAXHTM.js?v=c435cca1:3705:24)
    at invokeGuardedCallback (http://localhost:5176/node_modules/.vite/deps/chunk-KVMAXHTM.js?v=c435cca1:3739:39)
    at invokeGuardedCallbackAndCatchFirstError (http://localhost:5176/node_modules/.vite/deps/chunk-KVMAXHTM.js?v=c435cca1:3742:33)
    at executeDispatch (http://localhost:5176/node_modules/.vite/deps/chunk-KVMAXHTM.js?v=c435cca1:7046:11)
    at processDispatchQueueItemsInOrder (http://localhost:5176/node_modules/.vite/deps/chunk-KVMAXHTM.js?v=c435cca1:7066:15)
    at processDispatchQueue (http://localhost:5176/node_modules/.vite/deps/chunk-KVMAXHTM.js?v=c435cca1:7075:13)
    at dispatchEventsForPlugins (http://localhost:5176/node_modules/.vite/deps/chunk-KVMAXHTM.js?v=c435cca1:7083:11)
[  606119ms] ReferenceError: setEditingId is not defined
    at http://localhost:5176/src/components/FreestyleBoard.jsx?t=1789621026170:637:5
    at http://localhost:5176/src/components/FreestyleBoard.jsx?t=1789621026170:847:9
    at HTMLUnknownElement.callCallback2 (http://localhost:5176/node_modules/.vite/deps/chunk-KVMAXHTM.js?v=c435cca1:3680:22)
    at Object.invokeGuardedCallbackDev (http://localhost:5176/node_modules/.vite/deps/chunk-KVMAXHTM.js?v=c435cca1:3705:24)
    at invokeGuardedCallback (http://localhost:5176/node_modules/.vite/deps/chunk-KVMAXHTM.js?v=c435cca1:3739:39)
    at invokeGuardedCallbackAndCatchFirstError (http://localhost:5176/node_modules/.vite/deps/chunk-KVMAXHTM.js?v=c435cca1:3742:33)
    at executeDispatch (http://localhost:5176/node_modules/.vite/deps/chunk-KVMAXHTM.js?v=c435cca1:7046:11)
    at processDispatchQueueItemsInOrder (http://localhost:5176/node_modules/.vite/deps/chunk-KVMAXHTM.js?v=c435cca1:7066:15)
    at processDispatchQueue (http://localhost:5176/node_modules/.vite/deps/chunk-KVMAXHTM.js?v=c435cca1:7075:13)
    at dispatchEventsForPlugins (http://localhost:5176/node_modules/.vite/deps/chunk-KVMAXHTM.js?v=c435cca1:7083:11)
[  606127ms] ReferenceError: setEditingId is not defined
    at http://localhost:5176/src/components/FreestyleBoard.jsx?t=1789621026170:637:5
    at http://localhost:5176/src/components/FreestyleBoard.jsx?t=1789621026170:847:9
    at HTMLUnknownElement.callCallback2 (http://localhost:5176/node_modules/.vite/deps/chunk-KVMAXHTM.js?v=c435cca1:3680:22)
    at Object.invokeGuardedCallbackDev (http://localhost:5176/node_modules/.vite/deps/chunk-KVMAXHTM.js?v=c435cca1:3705:24)
    at invokeGuardedCallback (http://localhost:5176/node_modules/.vite/deps/chunk-KVMAXHTM.js?v=c435cca1:3739:39)
    at invokeGuardedCallbackAndCatchFirstError (http://localhost:5176/node_modules/.vite/deps/chunk-KVMAXHTM.js?v=c435cca1:3742:33)
    at executeDispatch (http://localhost:5176/node_modules/.vite/deps/chunk-KVMAXHTM.js?v=c435cca1:7046:11)
    at processDispatchQueueItemsInOrder (http://localhost:5176/node_modules/.vite/deps/chunk-KVMAXHTM.js?v=c435cca1:7066:15)
    at processDispatchQueue (http://localhost:5176/node_modules/.vite/deps/chunk-KVMAXHTM.js?v=c435cca1:7075:13)
    at dispatchEventsForPlugins (http://localhost:5176/node_modules/.vite/deps/chunk-KVMAXHTM.js?v=c435cca1:7083:11)
[  606129ms] ReferenceError: setEditingId is not defined
    at http://localhost:5176/src/components/FreestyleBoard.jsx?t=1789621026170:637:5
    at http://localhost:5176/src/components/FreestyleBoard.jsx?t=1789621026170:847:9
    at HTMLUnknownElement.callCallback2 (http://localhost:5176/node_modules/.vite/deps/chunk-KVMAXHTM.js?v=c435cca1:3680:22)
    at Object.invokeGuardedCallbackDev (http://localhost:5176/node_modules/.vite/deps/chunk-KVMAXHTM.js?v=c435cca1:3705:24)
    at invokeGuardedCallback (http://localhost:5176/node_modules/.vite/deps/chunk-KVMAXHTM.js?v=c435cca1:3739:39)
    at invokeGuardedCallbackAndCatchFirstError (http://localhost:5176/node_modules/.vite/deps/chunk-KVMAXHTM.js?v=c435cca1:3742:33)
    at executeDispatch (http://localhost:5176/node_modules/.vite/deps/chunk-KVMAXHTM.js?v=c435cca1:7046:11)
    at processDispatchQueueItemsInOrder (http://localhost:5176/node_modules/.vite/deps/chunk-KVMAXHTM.js?v=c435cca1:7066:15)
    at processDispatchQueue (http://localhost:5176/node_modules/.vite/deps/chunk-KVMAXHTM.js?v=c435cca1:7075:13)
    at dispatchEventsForPlugins (http://localhost:5176/node_modules/.vite/deps/chunk-KVMAXHTM.js?v=c435cca1:7083:11)
[  606136ms] ReferenceError: setEditingId is not defined
    at http://localhost:5176/src/components/FreestyleBoard.jsx?t=1789621026170:637:5
    at http://localhost:5176/src/components/FreestyleBoard.jsx?t=1789621026170:847:9
    at HTMLUnknownElement.callCallback2 (http://localhost:5176/node_modules/.vite/deps/chunk-KVMAXHTM.js?v=c435cca1:3680:22)
    at Object.invokeGuardedCallbackDev (http://localhost:5176/node_modules/.vite/deps/chunk-KVMAXHTM.js?v=c435cca1:3705:24)
    at invokeGuardedCallback (http://localhost:5176/node_modules/.vite/deps/chunk-KVMAXHTM.js?v=c435cca1:3739:39)
    at invokeGuardedCallbackAndCatchFirstError (http://localhost:5176/node_modules/.vite/deps/chunk-KVMAXHTM.js?v=c435cca1:3742:33)
    at executeDispatch (http://localhost:5176/node_modules/.vite/deps/chunk-KVMAXHTM.js?v=c435cca1:7046:11)
    at processDispatchQueueItemsInOrder (http://localhost:5176/node_modules/.vite/deps/chunk-KVMAXHTM.js?v=c435cca1:7066:15)
    at processDispatchQueue (http://localhost:5176/node_modules/.vite/deps/chunk-KVMAXHTM.js?v=c435cca1:7075:13)
    at dispatchEventsForPlugins (http://localhost:5176/node_modules/.vite/deps/chunk-KVMAXHTM.js?v=c435cca1:7083:11)
[  606138ms] ReferenceError: setEditingId is not defined
    at http://localhost:5176/src/components/FreestyleBoard.jsx?t=1789621026170:637:5
    at http://localhost:5176/src/components/FreestyleBoard.jsx?t=1789621026170:847:9
    at HTMLUnknownElement.callCallback2 (http://localhost:5176/node_modules/.vite/deps/chunk-KVMAXHTM.js?v=c435cca1:3680:22)
    at Object.invokeGuardedCallbackDev (http://localhost:5176/node_modules/.vite/deps/chunk-KVMAXHTM.js?v=c435cca1:3705:24)
    at invokeGuardedCallback (http://localhost:5176/node_modules/.vite/deps/chunk-KVMAXHTM.js?v=c435cca1:3739:39)
    at invokeGuardedCallbackAndCatchFirstError (http://localhost:5176/node_modules/.vite/deps/chunk-KVMAXHTM.js?v=c435cca1:3742:33)
    at executeDispatch (http://localhost:5176/node_modules/.vite/deps/chunk-KVMAXHTM.js?v=c435cca1:7046:11)
    at processDispatchQueueItemsInOrder (http://localhost:5176/node_modules/.vite/deps/chunk-KVMAXHTM.js?v=c435cca1:7066:15)
    at processDispatchQueue (http://localhost:5176/node_modules/.vite/deps/chunk-KVMAXHTM.js?v=c435cca1:7075:13)
    at dispatchEventsForPlugins (http://localhost:5176/node_modules/.vite/deps/chunk-KVMAXHTM.js?v=c435cca1:7083:11)
[  635121ms] ReferenceError: setEditingId is not defined
    at http://localhost:5176/src/components/FreestyleBoard.jsx?t=1789621026170:637:5
    at http://localhost:5176/src/components/FreestyleBoard.jsx?t=1789621026170:847:9
    at HTMLUnknownElement.callCallback2 (http://localhost:5176/node_modules/.vite/deps/chunk-KVMAXHTM.js?v=c435cca1:3680:22)
    at Object.invokeGuardedCallbackDev (http://localhost:5176/node_modules/.vite/deps/chunk-KVMAXHTM.js?v=c435cca1:3705:24)
    at invokeGuardedCallback (http://localhost:5176/node_modules/.vite/deps/chunk-KVMAXHTM.js?v=c435cca1:3739:39)
    at invokeGuardedCallbackAndCatchFirstError (http://localhost:5176/node_modules/.vite/deps/chunk-KVMAXHTM.js?v=c435cca1:3742:33)
    at executeDispatch (http://localhost:5176/node_modules/.vite/deps/chunk-KVMAXHTM.js?v=c435cca1:7046:11)
    at processDispatchQueueItemsInOrder (http://localhost:5176/node_modules/.vite/deps/chunk-KVMAXHTM.js?v=c435cca1:7066:15)
    at processDispatchQueue (http://localhost:5176/node_modules/.vite/deps/chunk-KVMAXHTM.js?v=c435cca1:7075:13)
    at dispatchEventsForPlugins (http://localhost:5176/node_modules/.vite/deps/chunk-KVMAXHTM.js?v=c435cca1:7083:11)
[  635122ms] ReferenceError: setEditingId is not defined
    at http://localhost:5176/src/components/FreestyleBoard.jsx?t=1789621026170:637:5
    at http://localhost:5176/src/components/FreestyleBoard.jsx?t=1789621026170:847:9
    at HTMLUnknownElement.callCallback2 (http://localhost:5176/node_modules/.vite/deps/chunk-KVMAXHTM.js?v=c435cca1:3680:22)
    at Object.invokeGuardedCallbackDev (http://localhost:5176/node_modules/.vite/deps/chunk-KVMAXHTM.js?v=c435cca1:3705:24)
    at invokeGuardedCallback (http://localhost:5176/node_modules/.vite/deps/chunk-KVMAXHTM.js?v=c435cca1:3739:39)
    at invokeGuardedCallbackAndCatchFirstError (http://localhost:5176/node_modules/.vite/deps/chunk-KVMAXHTM.js?v=c435cca1:3742:33)
    at executeDispatch (http://localhost:5176/node_modules/.vite/deps/chunk-KVMAXHTM.js?v=c435cca1:7046:11)
    at processDispatchQueueItemsInOrder (http://localhost:5176/node_modules/.vite/deps/chunk-KVMAXHTM.js?v=c435cca1:7066:15)
    at processDispatchQueue (http://localhost:5176/node_modules/.vite/deps/chunk-KVMAXHTM.js?v=c435cca1:7075:13)
    at dispatchEventsForPlugins (http://localhost:5176/node_modules/.vite/deps/chunk-KVMAXHTM.js?v=c435cca1:7083:11)
[  635129ms] ReferenceError: setEditingId is not defined
    at http://localhost:5176/src/components/FreestyleBoard.jsx?t=1789621026170:637:5
    at http://localhost:5176/src/components/FreestyleBoard.jsx?t=1789621026170:847:9
    at HTMLUnknownElement.callCallback2 (http://localhost:5176/node_modules/.vite/deps/chunk-KVMAXHTM.js?v=c435cca1:3680:22)
    at Object.invokeGuardedCallbackDev (http://localhost:5176/node_modules/.vite/deps/chunk-KVMAXHTM.js?v=c435cca1:3705:24)
    at invokeGuardedCallback (http://localhost:5176/node_modules/.vite/deps/chunk-KVMAXHTM.js?v=c435cca1:3739:39)
    at invokeGuardedCallbackAndCatchFirstError (http://localhost:5176/node_modules/.vite/deps/chunk-KVMAXHTM.js?v=c435cca1:3742:33)
    at executeDispatch (http://localhost:5176/node_modules/.vite/deps/chunk-KVMAXHTM.js?v=c435cca1:7046:11)
    at processDispatchQueueItemsInOrder (http://localhost:5176/node_modules/.vite/deps/chunk-KVMAXHTM.js?v=c435cca1:7066:15)
    at processDispatchQueue (http://localhost:5176/node_modules/.vite/deps/chunk-KVMAXHTM.js?v=c435cca1:7075:13)
    at dispatchEventsForPlugins (http://localhost:5176/node_modules/.vite/deps/chunk-KVMAXHTM.js?v=c435cca1:7083:11)
[  635130ms] ReferenceError: setEditingId is not defined
    at http://localhost:5176/src/components/FreestyleBoard.jsx?t=1789621026170:637:5
    at http://localhost:5176/src/components/FreestyleBoard.jsx?t=1789621026170:847:9
    at HTMLUnknownElement.callCallback2 (http://localhost:5176/node_modules/.vite/deps/chunk-KVMAXHTM.js?v=c435cca1:3680:22)
    at Object.invokeGuardedCallbackDev (http://localhost:5176/node_modules/.vite/deps/chunk-KVMAXHTM.js?v=c435cca1:3705:24)
    at invokeGuardedCallback (http://localhost:5176/node_modules/.vite/deps/chunk-KVMAXHTM.js?v=c435cca1:3739:39)
    at invokeGuardedCallbackAndCatchFirstError (http://localhost:5176/node_modules/.vite/deps/chunk-KVMAXHTM.js?v=c435cca1:3742:33)
    at executeDispatch (http://localhost:5176/node_modules/.vite/deps/chunk-KVMAXHTM.js?v=c435cca1:7046:11)
    at processDispatchQueueItemsInOrder (http://localhost:5176/node_modules/.vite/deps/chunk-KVMAXHTM.js?v=c435cca1:7066:15)
    at processDispatchQueue (http://localhost:5176/node_modules/.vite/deps/chunk-KVMAXHTM.js?v=c435cca1:7075:13)
    at dispatchEventsForPlugins (http://localhost:5176/node_modules/.vite/deps/chunk-KVMAXHTM.js?v=c435cca1:7083:11)
[  635138ms] ReferenceError: setEditingId is not defined
    at http://localhost:5176/src/components/FreestyleBoard.jsx?t=1789621026170:637:5
    at http://localhost:5176/src/components/FreestyleBoard.jsx?t=1789621026170:847:9
    at HTMLUnknownElement.callCallback2 (http://localhost:5176/node_modules/.vite/deps/chunk-KVMAXHTM.js?v=c435cca1:3680:22)
    at Object.invokeGuardedCallbackDev (http://localhost:5176/node_modules/.vite/deps/chunk-KVMAXHTM.js?v=c435cca1:3705:24)
    at invokeGuardedCallback (http://localhost:5176/node_modules/.vite/deps/chunk-KVMAXHTM.js?v=c435cca1:3739:39)
    at invokeGuardedCallbackAndCatchFirstError (http://localhost:5176/node_modules/.vite/deps/chunk-KVMAXHTM.js?v=c435cca1:3742:33)
    at executeDispatch (http://localhost:5176/node_modules/.vite/deps/chunk-KVMAXHTM.js?v=c435cca1:7046:11)
    at processDispatchQueueItemsInOrder (http://localhost:5176/node_modules/.vite/deps/chunk-KVMAXHTM.js?v=c435cca1:7066:15)
    at processDispatchQueue (http://localhost:5176/node_modules/.vite/deps/chunk-KVMAXHTM.js?v=c435cca1:7075:13)
    at dispatchEventsForPlugins (http://localhost:5176/node_modules/.vite/deps/chunk-KVMAXHTM.js?v=c435cca1:7083:11)
[  635141ms] ReferenceError: setEditingId is not defined
    at http://localhost:5176/src/components/FreestyleBoard.jsx?t=1789621026170:637:5
    at http://localhost:5176/src/components/FreestyleBoard.jsx?t=1789621026170:847:9
    at HTMLUnknownElement.callCallback2 (http://localhost:5176/node_modules/.vite/deps/chunk-KVMAXHTM.js?v=c435cca1:3680:22)
    at Object.invokeGuardedCallbackDev (http://localhost:5176/node_modules/.vite/deps/chunk-KVMAXHTM.js?v=c435cca1:3705:24)
    at invokeGuardedCallback (http://localhost:5176/node_modules/.vite/deps/chunk-KVMAXHTM.js?v=c435cca1:3739:39)
    at invokeGuardedCallbackAndCatchFirstError (http://localhost:5176/node_modules/.vite/deps/chunk-KVMAXHTM.js?v=c435cca1:3742:33)
    at executeDispatch (http://localhost:5176/node_modules/.vite/deps/chunk-KVMAXHTM.js?v=c435cca1:7046:11)
    at processDispatchQueueItemsInOrder (http://localhost:5176/node_modules/.vite/deps/chunk-KVMAXHTM.js?v=c435cca1:7066:15)
    at processDispatchQueue (http://localhost:5176/node_modules/.vite/deps/chunk-KVMAXHTM.js?v=c435cca1:7075:13)
    at dispatchEventsForPlugins (http://localhost:5176/node_modules/.vite/deps/chunk-KVMAXHTM.js?v=c435cca1:7083:11)
[  635147ms] ReferenceError: setEditingId is not defined
    at http://localhost:5176/src/components/FreestyleBoard.jsx?t=1789621026170:637:5
    at http://localhost:5176/src/components/FreestyleBoard.jsx?t=1789621026170:847:9
    at HTMLUnknownElement.callCallback2 (http://localhost:5176/node_modules/.vite/deps/chunk-KVMAXHTM.js?v=c435cca1:3680:22)
    at Object.invokeGuardedCallbackDev (http://localhost:5176/node_modules/.vite/deps/chunk-KVMAXHTM.js?v=c435cca1:3705:24)
    at invokeGuardedCallback (http://localhost:5176/node_modules/.vite/deps/chunk-KVMAXHTM.js?v=c435cca1:3739:39)
    at invokeGuardedCallbackAndCatchFirstError (http://localhost:5176/node_modules/.vite/deps/chunk-KVMAXHTM.js?v=c435cca1:3742:33)
    at executeDispatch (http://localhost:5176/node_modules/.vite/deps/chunk-KVMAXHTM.js?v=c435cca1:7046:11)
    at processDispatchQueueItemsInOrder (http://localhost:5176/node_modules/.vite/deps/chunk-KVMAXHTM.js?v=c435cca1:7066:15)
    at processDispatchQueue (http://localhost:5176/node_modules/.vite/deps/chunk-KVMAXHTM.js?v=c435cca1:7075:13)
    at dispatchEventsForPlugins (http://localhost:5176/node_modules/.vite/deps/chunk-KVMAXHTM.js?v=c435cca1:7083:11)
[  635147ms] ReferenceError: setEditingId is not defined
    at http://localhost:5176/src/components/FreestyleBoard.jsx?t=1789621026170:637:5
    at http://localhost:5176/src/components/FreestyleBoard.jsx?t=1789621026170:847:9
    at HTMLUnknownElement.callCallback2 (http://localhost:5176/node_modules/.vite/deps/chunk-KVMAXHTM.js?v=c435cca1:3680:22)
    at Object.invokeGuardedCallbackDev (http://localhost:5176/node_modules/.vite/deps/chunk-KVMAXHTM.js?v=c435cca1:3705:24)
    at invokeGuardedCallback (http://localhost:5176/node_modules/.vite/deps/chunk-KVMAXHTM.js?v=c435cca1:3739:39)
    at invokeGuardedCallbackAndCatchFirstError (http://localhost:5176/node_modules/.vite/deps/chunk-KVMAXHTM.js?v=c435cca1:3742:33)
    at executeDispatch (http://localhost:5176/node_modules/.vite/deps/chunk-KVMAXHTM.js?v=c435cca1:7046:11)
    at processDispatchQueueItemsInOrder (http://localhost:5176/node_modules/.vite/deps/chunk-KVMAXHTM.js?v=c435cca1:7066:15)
    at processDispatchQueue (http://localhost:5176/node_modules/.vite/deps/chunk-KVMAXHTM.js?v=c435cca1:7075:13)
    at dispatchEventsForPlugins (http://localhost:5176/node_modules/.vite/deps/chunk-KVMAXHTM.js?v=c435cca1:7083:11)
[  635155ms] ReferenceError: setEditingId is not defined
    at http://localhost:5176/src/components/FreestyleBoard.jsx?t=1789621026170:637:5
    at http://localhost:5176/src/components/FreestyleBoard.jsx?t=1789621026170:847:9
    at HTMLUnknownElement.callCallback2 (http://localhost:5176/node_modules/.vite/deps/chunk-KVMAXHTM.js?v=c435cca1:3680:22)
    at Object.invokeGuardedCallbackDev (http://localhost:5176/node_modules/.vite/deps/chunk-KVMAXHTM.js?v=c435cca1:3705:24)
    at invokeGuardedCallback (http://localhost:5176/node_modules/.vite/deps/chunk-KVMAXHTM.js?v=c435cca1:3739:39)
    at invokeGuardedCallbackAndCatchFirstError (http://localhost:5176/node_modules/.vite/deps/chunk-KVMAXHTM.js?v=c435cca1:3742:33)
    at executeDispatch (http://localhost:5176/node_modules/.vite/deps/chunk-KVMAXHTM.js?v=c435cca1:7046:11)
    at processDispatchQueueItemsInOrder (http://localhost:5176/node_modules/.vite/deps/chunk-KVMAXHTM.js?v=c435cca1:7066:15)
    at processDispatchQueue (http://localhost:5176/node_modules/.vite/deps/chunk-KVMAXHTM.js?v=c435cca1:7075:13)
    at dispatchEventsForPlugins (http://localhost:5176/node_modules/.vite/deps/chunk-KVMAXHTM.js?v=c435cca1:7083:11)
[  635156ms] ReferenceError: setEditingId is not defined
    at http://localhost:5176/src/components/FreestyleBoard.jsx?t=1789621026170:637:5
    at http://localhost:5176/src/components/FreestyleBoard.jsx?t=1789621026170:847:9
    at HTMLUnknownElement.callCallback2 (http://localhost:5176/node_modules/.vite/deps/chunk-KVMAXHTM.js?v=c435cca1:3680:22)
    at Object.invokeGuardedCallbackDev (http://localhost:5176/node_modules/.vite/deps/chunk-KVMAXHTM.js?v=c435cca1:3705:24)
    at invokeGuardedCallback (http://localhost:5176/node_modules/.vite/deps/chunk-KVMAXHTM.js?v=c435cca1:3739:39)
    at invokeGuardedCallbackAndCatchFirstError (http://localhost:5176/node_modules/.vite/deps/chunk-KVMAXHTM.js?v=c435cca1:3742:33)
    at executeDispatch (http://localhost:5176/node_modules/.vite/deps/chunk-KVMAXHTM.js?v=c435cca1:7046:11)
    at processDispatchQueueItemsInOrder (http://localhost:5176/node_modules/.vite/deps/chunk-KVMAXHTM.js?v=c435cca1:7066:15)
    at processDispatchQueue (http://localhost:5176/node_modules/.vite/deps/chunk-KVMAXHTM.js?v=c435cca1:7075:13)
    at dispatchEventsForPlugins (http://localhost:5176/node_modules/.vite/deps/chunk-KVMAXHTM.js?v=c435cca1:7083:11)
[  635163ms] ReferenceError: setEditingId is not defined
    at http://localhost:5176/src/components/FreestyleBoard.jsx?t=1789621026170:637:5
    at http://localhost:5176/src/components/FreestyleBoard.jsx?t=1789621026170:847:9
    at HTMLUnknownElement.callCallback2 (http://localhost:5176/node_modules/.vite/deps/chunk-KVMAXHTM.js?v=c435cca1:3680:22)
    at Object.invokeGuardedCallbackDev (http://localhost:5176/node_modules/.vite/deps/chunk-KVMAXHTM.js?v=c435cca1:3705:24)
    at invokeGuardedCallback (http://localhost:5176/node_modules/.vite/deps/chunk-KVMAXHTM.js?v=c435cca1:3739:39)
    at invokeGuardedCallbackAndCatchFirstError (http://localhost:5176/node_modules/.vite/deps/chunk-KVMAXHTM.js?v=c435cca1:3742:33)
    at executeDispatch (http://localhost:5176/node_modules/.vite/deps/chunk-KVMAXHTM.js?v=c435cca1:7046:11)
    at processDispatchQueueItemsInOrder (http://localhost:5176/node_modules/.vite/deps/chunk-KVMAXHTM.js?v=c435cca1:7066:15)
    at processDispatchQueue (http://localhost:5176/node_modules/.vite/deps/chunk-KVMAXHTM.js?v=c435cca1:7075:13)
    at dispatchEventsForPlugins (http://localhost:5176/node_modules/.vite/deps/chunk-KVMAXHTM.js?v=c435cca1:7083:11)
[  635164ms] ReferenceError: setEditingId is not defined
    at http://localhost:5176/src/components/FreestyleBoard.jsx?t=1789621026170:637:5
    at http://localhost:5176/src/components/FreestyleBoard.jsx?t=1789621026170:847:9
    at HTMLUnknownElement.callCallback2 (http://localhost:5176/node_modules/.vite/deps/chunk-KVMAXHTM.js?v=c435cca1:3680:22)
    at Object.invokeGuardedCallbackDev (http://localhost:5176/node_modules/.vite/deps/chunk-KVMAXHTM.js?v=c435cca1:3705:24)
    at invokeGuardedCallback (http://localhost:5176/node_modules/.vite/deps/chunk-KVMAXHTM.js?v=c435cca1:3739:39)
    at invokeGuardedCallbackAndCatchFirstError (http://localhost:5176/node_modules/.vite/deps/chunk-KVMAXHTM.js?v=c435cca1:3742:33)
    at executeDispatch (http://localhost:5176/node_modules/.vite/deps/chunk-KVMAXHTM.js?v=c435cca1:7046:11)
    at processDispatchQueueItemsInOrder (http://localhost:5176/node_modules/.vite/deps/chunk-KVMAXHTM.js?v=c435cca1:7066:15)
    at processDispatchQueue (http://localhost:5176/node_modules/.vite/deps/chunk-KVMAXHTM.js?v=c435cca1:7075:13)
    at dispatchEventsForPlugins (http://localhost:5176/node_modules/.vite/deps/chunk-KVMAXHTM.js?v=c435cca1:7083:11)
[  635174ms] ReferenceError: setEditingId is not defined
    at http://localhost:5176/src/components/FreestyleBoard.jsx?t=1789621026170:637:5
    at http://localhost:5176/src/components/FreestyleBoard.jsx?t=1789621026170:847:9
    at HTMLUnknownElement.callCallback2 (http://localhost:5176/node_modules/.vite/deps/chunk-KVMAXHTM.js?v=c435cca1:3680:22)
    at Object.invokeGuardedCallbackDev (http://localhost:5176/node_modules/.vite/deps/chunk-KVMAXHTM.js?v=c435cca1:3705:24)
    at invokeGuardedCallback (http://localhost:5176/node_modules/.vite/deps/chunk-KVMAXHTM.js?v=c435cca1:3739:39)
    at invokeGuardedCallbackAndCatchFirstError (http://localhost:5176/node_modules/.vite/deps/chunk-KVMAXHTM.js?v=c435cca1:3742:33)
    at executeDispatch (http://localhost:5176/node_modules/.vite/deps/chunk-KVMAXHTM.js?v=c435cca1:7046:11)
    at processDispatchQueueItemsInOrder (http://localhost:5176/node_modules/.vite/deps/chunk-KVMAXHTM.js?v=c435cca1:7066:15)
    at processDispatchQueue (http://localhost:5176/node_modules/.vite/deps/chunk-KVMAXHTM.js?v=c435cca1:7075:13)
    at dispatchEventsForPlugins (http://localhost:5176/node_modules/.vite/deps/chunk-KVMAXHTM.js?v=c435cca1:7083:11)
[  635176ms] ReferenceError: setEditingId is not defined
    at http://localhost:5176/src/components/FreestyleBoard.jsx?t=1789621026170:637:5
    at http://localhost:5176/src/components/FreestyleBoard.jsx?t=1789621026170:847:9
    at HTMLUnknownElement.callCallback2 (http://localhost:5176/node_modules/.vite/deps/chunk-KVMAXHTM.js?v=c435cca1:3680:22)
    at Object.invokeGuardedCallbackDev (http://localhost:5176/node_modules/.vite/deps/chunk-KVMAXHTM.js?v=c435cca1:3705:24)
    at invokeGuardedCallback (http://localhost:5176/node_modules/.vite/deps/chunk-KVMAXHTM.js?v=c435cca1:3739:39)
    at invokeGuardedCallbackAndCatchFirstError (http://localhost:5176/node_modules/.vite/deps/chunk-KVMAXHTM.js?v=c435cca1:3742:33)
    at executeDispatch (http://localhost:5176/node_modules/.vite/deps/chunk-KVMAXHTM.js?v=c435cca1:7046:11)
    at processDispatchQueueItemsInOrder (http://localhost:5176/node_modules/.vite/deps/chunk-KVMAXHTM.js?v=c435cca1:7066:15)
    at processDispatchQueue (http://localhost:5176/node_modules/.vite/deps/chunk-KVMAXHTM.js?v=c435cca1:7075:13)
    at dispatchEventsForPlugins (http://localhost:5176/node_modules/.vite/deps/chunk-KVMAXHTM.js?v=c435cca1:7083:11)
[  635183ms] ReferenceError: setEditingId is not defined
    at http://localhost:5176/src/components/FreestyleBoard.jsx?t=1789621026170:637:5
    at http://localhost:5176/src/components/FreestyleBoard.jsx?t=1789621026170:847:9
    at HTMLUnknownElement.callCallback2 (http://localhost:5176/node_modules/.vite/deps/chunk-KVMAXHTM.js?v=c435cca1:3680:22)
    at Object.invokeGuardedCallbackDev (http://localhost:5176/node_modules/.vite/deps/chunk-KVMAXHTM.js?v=c435cca1:3705:24)
    at invokeGuardedCallback (http://localhost:5176/node_modules/.vite/deps/chunk-KVMAXHTM.js?v=c435cca1:3739:39)
    at invokeGuardedCallbackAndCatchFirstError (http://localhost:5176/node_modules/.vite/deps/chunk-KVMAXHTM.js?v=c435cca1:3742:33)
    at executeDispatch (http://localhost:5176/node_modules/.vite/deps/chunk-KVMAXHTM.js?v=c435cca1:7046:11)
    at processDispatchQueueItemsInOrder (http://localhost:5176/node_modules/.vite/deps/chunk-KVMAXHTM.js?v=c435cca1:7066:15)
    at processDispatchQueue (http://localhost:5176/node_modules/.vite/deps/chunk-KVMAXHTM.js?v=c435cca1:7075:13)
    at dispatchEventsForPlugins (http://localhost:5176/node_modules/.vite/deps/chunk-KVMAXHTM.js?v=c435cca1:7083:11)
[  635183ms] ReferenceError: setEditingId is not defined
    at http://localhost:5176/src/components/FreestyleBoard.jsx?t=1789621026170:637:5
    at http://localhost:5176/src/components/FreestyleBoard.jsx?t=1789621026170:847:9
    at HTMLUnknownElement.callCallback2 (http://localhost:5176/node_modules/.vite/deps/chunk-KVMAXHTM.js?v=c435cca1:3680:22)
    at Object.invokeGuardedCallbackDev (http://localhost:5176/node_modules/.vite/deps/chunk-KVMAXHTM.js?v=c435cca1:3705:24)
    at invokeGuardedCallback (http://localhost:5176/node_modules/.vite/deps/chunk-KVMAXHTM.js?v=c435cca1:3739:39)
    at invokeGuardedCallbackAndCatchFirstError (http://localhost:5176/node_modules/.vite/deps/chunk-KVMAXHTM.js?v=c435cca1:3742:33)
    at executeDispatch (http://localhost:5176/node_modules/.vite/deps/chunk-KVMAXHTM.js?v=c435cca1:7046:11)
    at processDispatchQueueItemsInOrder (http://localhost:5176/node_modules/.vite/deps/chunk-KVMAXHTM.js?v=c435cca1:7066:15)
    at processDispatchQueue (http://localhost:5176/node_modules/.vite/deps/chunk-KVMAXHTM.js?v=c435cca1:7075:13)
    at dispatchEventsForPlugins (http://localhost:5176/node_modules/.vite/deps/chunk-KVMAXHTM.js?v=c435cca1:7083:11)
[  635191ms] ReferenceError: setEditingId is not defined
    at http://localhost:5176/src/components/FreestyleBoard.jsx?t=1789621026170:637:5
    at http://localhost:5176/src/components/FreestyleBoard.jsx?t=1789621026170:847:9
    at HTMLUnknownElement.callCallback2 (http://localhost:5176/node_modules/.vite/deps/chunk-KVMAXHTM.js?v=c435cca1:3680:22)
    at Object.invokeGuardedCallbackDev (http://localhost:5176/node_modules/.vite/deps/chunk-KVMAXHTM.js?v=c435cca1:3705:24)
    at invokeGuardedCallback (http://localhost:5176/node_modules/.vite/deps/chunk-KVMAXHTM.js?v=c435cca1:3739:39)
    at invokeGuardedCallbackAndCatchFirstError (http://localhost:5176/node_modules/.vite/deps/chunk-KVMAXHTM.js?v=c435cca1:3742:33)
    at executeDispatch (http://localhost:5176/node_modules/.vite/deps/chunk-KVMAXHTM.js?v=c435cca1:7046:11)
    at processDispatchQueueItemsInOrder (http://localhost:5176/node_modules/.vite/deps/chunk-KVMAXHTM.js?v=c435cca1:7066:15)
    at processDispatchQueue (http://localhost:5176/node_modules/.vite/deps/chunk-KVMAXHTM.js?v=c435cca1:7075:13)
    at dispatchEventsForPlugins (http://localhost:5176/node_modules/.vite/deps/chunk-KVMAXHTM.js?v=c435cca1:7083:11)
[  635192ms] ReferenceError: setEditingId is not defined
    at http://localhost:5176/src/components/FreestyleBoard.jsx?t=1789621026170:637:5
    at http://localhost:5176/src/components/FreestyleBoard.jsx?t=1789621026170:847:9
    at HTMLUnknownElement.callCallback2 (http://localhost:5176/node_modules/.vite/deps/chunk-KVMAXHTM.js?v=c435cca1:3680:22)
    at Object.invokeGuardedCallbackDev (http://localhost:5176/node_modules/.vite/deps/chunk-KVMAXHTM.js?v=c435cca1:3705:24)
    at invokeGuardedCallback (http://localhost:5176/node_modules/.vite/deps/chunk-KVMAXHTM.js?v=c435cca1:3739:39)
    at invokeGuardedCallbackAndCatchFirstError (http://localhost:5176/node_modules/.vite/deps/chunk-KVMAXHTM.js?v=c435cca1:3742:33)
    at executeDispatch (http://localhost:5176/node_modules/.vite/deps/chunk-KVMAXHTM.js?v=c435cca1:7046:11)
    at processDispatchQueueItemsInOrder (http://localhost:5176/node_modules/.vite/deps/chunk-KVMAXHTM.js?v=c435cca1:7066:15)
    at processDispatchQueue (http://localhost:5176/node_modules/.vite/deps/chunk-KVMAXHTM.js?v=c435cca1:7075:13)
    at dispatchEventsForPlugins (http://localhost:5176/node_modules/.vite/deps/chunk-KVMAXHTM.js?v=c435cca1:7083:11)
[  635199ms] ReferenceError: setEditingId is not defined
    at http://localhost:5176/src/components/FreestyleBoard.jsx?t=1789621026170:637:5
    at http://localhost:5176/src/components/FreestyleBoard.jsx?t=1789621026170:847:9
    at HTMLUnknownElement.callCallback2 (http://localhost:5176/node_modules/.vite/deps/chunk-KVMAXHTM.js?v=c435cca1:3680:22)
    at Object.invokeGuardedCallbackDev (http://localhost:5176/node_modules/.vite/deps/chunk-KVMAXHTM.js?v=c435cca1:3705:24)
    at invokeGuardedCallback (http://localhost:5176/node_modules/.vite/deps/chunk-KVMAXHTM.js?v=c435cca1:3739:39)
    at invokeGuardedCallbackAndCatchFirstError (http://localhost:5176/node_modules/.vite/deps/chunk-KVMAXHTM.js?v=c435cca1:3742:33)
    at executeDispatch (http://localhost:5176/node_modules/.vite/deps/chunk-KVMAXHTM.js?v=c435cca1:7046:11)
    at processDispatchQueueItemsInOrder (http://localhost:5176/node_modules/.vite/deps/chunk-KVMAXHTM.js?v=c435cca1:7066:15)
    at processDispatchQueue (http://localhost:5176/node_modules/.vite/deps/chunk-KVMAXHTM.js?v=c435cca1:7075:13)
    at dispatchEventsForPlugins (http://localhost:5176/node_modules/.vite/deps/chunk-KVMAXHTM.js?v=c435cca1:7083:11)
[  635204ms] ReferenceError: setEditingId is not defined
    at http://localhost:5176/src/components/FreestyleBoard.jsx?t=1789621026170:637:5
    at http://localhost:5176/src/components/FreestyleBoard.jsx?t=1789621026170:847:9
    at HTMLUnknownElement.callCallback2 (http://localhost:5176/node_modules/.vite/deps/chunk-KVMAXHTM.js?v=c435cca1:3680:22)
    at Object.invokeGuardedCallbackDev (http://localhost:5176/node_modules/.vite/deps/chunk-KVMAXHTM.js?v=c435cca1:3705:24)
    at invokeGuardedCallback (http://localhost:5176/node_modules/.vite/deps/chunk-KVMAXHTM.js?v=c435cca1:3739:39)
    at invokeGuardedCallbackAndCatchFirstError (http://localhost:5176/node_modules/.vite/deps/chunk-KVMAXHTM.js?v=c435cca1:3742:33)
    at executeDispatch (http://localhost:5176/node_modules/.vite/deps/chunk-KVMAXHTM.js?v=c435cca1:7046:11)
    at processDispatchQueueItemsInOrder (http://localhost:5176/node_modules/.vite/deps/chunk-KVMAXHTM.js?v=c435cca1:7066:15)
    at processDispatchQueue (http://localhost:5176/node_modules/.vite/deps/chunk-KVMAXHTM.js?v=c435cca1:7075:13)
    at dispatchEventsForPlugins (http://localhost:5176/node_modules/.vite/deps/chunk-KVMAXHTM.js?v=c435cca1:7083:11)
[  635211ms] ReferenceError: setEditingId is not defined
    at http://localhost:5176/src/components/FreestyleBoard.jsx?t=1789621026170:637:5
    at http://localhost:5176/src/components/FreestyleBoard.jsx?t=1789621026170:847:9
    at HTMLUnknownElement.callCallback2 (http://localhost:5176/node_modules/.vite/deps/chunk-KVMAXHTM.js?v=c435cca1:3680:22)
    at Object.invokeGuardedCallbackDev (http://localhost:5176/node_modules/.vite/deps/chunk-KVMAXHTM.js?v=c435cca1:3705:24)
    at invokeGuardedCallback (http://localhost:5176/node_modules/.vite/deps/chunk-KVMAXHTM.js?v=c435cca1:3739:39)
    at invokeGuardedCallbackAndCatchFirstError (http://localhost:5176/node_modules/.vite/deps/chunk-KVMAXHTM.js?v=c435cca1:3742:33)
    at executeDispatch (http://localhost:5176/node_modules/.vite/deps/chunk-KVMAXHTM.js?v=c435cca1:7046:11)
    at processDispatchQueueItemsInOrder (http://localhost:5176/node_modules/.vite/deps/chunk-KVMAXHTM.js?v=c435cca1:7066:15)
    at processDispatchQueue (http://localhost:5176/node_modules/.vite/deps/chunk-KVMAXHTM.js?v=c435cca1:7075:13)
    at dispatchEventsForPlugins (http://localhost:5176/node_modules/.vite/deps/chunk-KVMAXHTM.js?v=c435cca1:7083:11)
[  635212ms] ReferenceError: setEditingId is not defined
    at http://localhost:5176/src/components/FreestyleBoard.jsx?t=1789621026170:637:5
    at http://localhost:5176/src/components/FreestyleBoard.jsx?t=1789621026170:847:9
    at HTMLUnknownElement.callCallback2 (http://localhost:5176/node_modules/.vite/deps/chunk-KVMAXHTM.js?v=c435cca1:3680:22)
    at Object.invokeGuardedCallbackDev (http://localhost:5176/node_modules/.vite/deps/chunk-KVMAXHTM.js?v=c435cca1:3705:24)
    at invokeGuardedCallback (http://localhost:5176/node_modules/.vite/deps/chunk-KVMAXHTM.js?v=c435cca1:3739:39)
    at invokeGuardedCallbackAndCatchFirstError (http://localhost:5176/node_modules/.vite/deps/chunk-KVMAXHTM.js?v=c435cca1:3742:33)
    at executeDispatch (http://localhost:5176/node_modules/.vite/deps/chunk-KVMAXHTM.js?v=c435cca1:7046:11)
    at processDispatchQueueItemsInOrder (http://localhost:5176/node_modules/.vite/deps/chunk-KVMAXHTM.js?v=c435cca1:7066:15)
    at processDispatchQueue (http://localhost:5176/node_modules/.vite/deps/chunk-KVMAXHTM.js?v=c435cca1:7075:13)
    at dispatchEventsForPlugins (http://localhost:5176/node_modules/.vite/deps/chunk-KVMAXHTM.js?v=c435cca1:7083:11)
[  635220ms] ReferenceError: setEditingId is not defined
    at http://localhost:5176/src/components/FreestyleBoard.jsx?t=1789621026170:637:5
    at http://localhost:5176/src/components/FreestyleBoard.jsx?t=1789621026170:847:9
    at HTMLUnknownElement.callCallback2 (http://localhost:5176/node_modules/.vite/deps/chunk-KVMAXHTM.js?v=c435cca1:3680:22)
    at Object.invokeGuardedCallbackDev (http://localhost:5176/node_modules/.vite/deps/chunk-KVMAXHTM.js?v=c435cca1:3705:24)
    at invokeGuardedCallback (http://localhost:5176/node_modules/.vite/deps/chunk-KVMAXHTM.js?v=c435cca1:3739:39)
    at invokeGuardedCallbackAndCatchFirstError (http://localhost:5176/node_modules/.vite/deps/chunk-KVMAXHTM.js?v=c435cca1:3742:33)
    at executeDispatch (http://localhost:5176/node_modules/.vite/deps/chunk-KVMAXHTM.js?v=c435cca1:7046:11)
    at processDispatchQueueItemsInOrder (http://localhost:5176/node_modules/.vite/deps/chunk-KVMAXHTM.js?v=c435cca1:7066:15)
    at processDispatchQueue (http://localhost:5176/node_modules/.vite/deps/chunk-KVMAXHTM.js?v=c435cca1:7075:13)
    at dispatchEventsForPlugins (http://localhost:5176/node_modules/.vite/deps/chunk-KVMAXHTM.js?v=c435cca1:7083:11)
[  635221ms] ReferenceError: setEditingId is not defined
    at http://localhost:5176/src/components/FreestyleBoard.jsx?t=1789621026170:637:5
    at http://localhost:5176/src/components/FreestyleBoard.jsx?t=1789621026170:847:9
    at HTMLUnknownElement.callCallback2 (http://localhost:5176/node_modules/.vite/deps/chunk-KVMAXHTM.js?v=c435cca1:3680:22)
    at Object.invokeGuardedCallbackDev (http://localhost:5176/node_modules/.vite/deps/chunk-KVMAXHTM.js?v=c435cca1:3705:24)
    at invokeGuardedCallback (http://localhost:5176/node_modules/.vite/deps/chunk-KVMAXHTM.js?v=c435cca1:3739:39)
    at invokeGuardedCallbackAndCatchFirstError (http://localhost:5176/node_modules/.vite/deps/chunk-KVMAXHTM.js?v=c435cca1:3742:33)
    at executeDispatch (http://localhost:5176/node_modules/.vite/deps/chunk-KVMAXHTM.js?v=c435cca1:7046:11)
    at processDispatchQueueItemsInOrder (http://localhost:5176/node_modules/.vite/deps/chunk-KVMAXHTM.js?v=c435cca1:7066:15)
    at processDispatchQueue (http://localhost:5176/node_modules/.vite/deps/chunk-KVMAXHTM.js?v=c435cca1:7075:13)
    at dispatchEventsForPlugins (http://localhost:5176/node_modules/.vite/deps/chunk-KVMAXHTM.js?v=c435cca1:7083:11)
[  635226ms] ReferenceError: setEditingId is not defined
    at http://localhost:5176/src/components/FreestyleBoard.jsx?t=1789621026170:637:5
    at http://localhost:5176/src/components/FreestyleBoard.jsx?t=1789621026170:847:9
    at HTMLUnknownElement.callCallback2 (http://localhost:5176/node_modules/.vite/deps/chunk-KVMAXHTM.js?v=c435cca1:3680:22)
    at Object.invokeGuardedCallbackDev (http://localhost:5176/node_modules/.vite/deps/chunk-KVMAXHTM.js?v=c435cca1:3705:24)
    at invokeGuardedCallback (http://localhost:5176/node_modules/.vite/deps/chunk-KVMAXHTM.js?v=c435cca1:3739:39)
    at invokeGuardedCallbackAndCatchFirstError (http://localhost:5176/node_modules/.vite/deps/chunk-KVMAXHTM.js?v=c435cca1:3742:33)
    at executeDispatch (http://localhost:5176/node_modules/.vite/deps/chunk-KVMAXHTM.js?v=c435cca1:7046:11)
    at processDispatchQueueItemsInOrder (http://localhost:5176/node_modules/.vite/deps/chunk-KVMAXHTM.js?v=c435cca1:7066:15)
    at processDispatchQueue (http://localhost:5176/node_modules/.vite/deps/chunk-KVMAXHTM.js?v=c435cca1:7075:13)
    at dispatchEventsForPlugins (http://localhost:5176/node_modules/.vite/deps/chunk-KVMAXHTM.js?v=c435cca1:7083:11)
[  635227ms] ReferenceError: setEditingId is not defined
    at http://localhost:5176/src/components/FreestyleBoard.jsx?t=1789621026170:637:5
    at http://localhost:5176/src/components/FreestyleBoard.jsx?t=1789621026170:847:9
    at HTMLUnknownElement.callCallback2 (http://localhost:5176/node_modules/.vite/deps/chunk-KVMAXHTM.js?v=c435cca1:3680:22)
    at Object.invokeGuardedCallbackDev (http://localhost:5176/node_modules/.vite/deps/chunk-KVMAXHTM.js?v=c435cca1:3705:24)
    at invokeGuardedCallback (http://localhost:5176/node_modules/.vite/deps/chunk-KVMAXHTM.js?v=c435cca1:3739:39)
    at invokeGuardedCallbackAndCatchFirstError (http://localhost:5176/node_modules/.vite/deps/chunk-KVMAXHTM.js?v=c435cca1:3742:33)
    at executeDispatch (http://localhost:5176/node_modules/.vite/deps/chunk-KVMAXHTM.js?v=c435cca1:7046:11)
    at processDispatchQueueItemsInOrder (http://localhost:5176/node_modules/.vite/deps/chunk-KVMAXHTM.js?v=c435cca1:7066:15)
    at processDispatchQueue (http://localhost:5176/node_modules/.vite/deps/chunk-KVMAXHTM.js?v=c435cca1:7075:13)
    at dispatchEventsForPlugins (http://localhost:5176/node_modules/.vite/deps/chunk-KVMAXHTM.js?v=c435cca1:7083:11)
[  635238ms] ReferenceError: setEditingId is not defined
    at http://localhost:5176/src/components/FreestyleBoard.jsx?t=1789621026170:637:5
    at http://localhost:5176/src/components/FreestyleBoard.jsx?t=1789621026170:847:9
    at HTMLUnknownElement.callCallback2 (http://localhost:5176/node_modules/.vite/deps/chunk-KVMAXHTM.js?v=c435cca1:3680:22)
    at Object.invokeGuardedCallbackDev (http://localhost:5176/node_modules/.vite/deps/chunk-KVMAXHTM.js?v=c435cca1:3705:24)
    at invokeGuardedCallback (http://localhost:5176/node_modules/.vite/deps/chunk-KVMAXHTM.js?v=c435cca1:3739:39)
    at invokeGuardedCallbackAndCatchFirstError (http://localhost:5176/node_modules/.vite/deps/chunk-KVMAXHTM.js?v=c435cca1:3742:33)
    at executeDispatch (http://localhost:5176/node_modules/.vite/deps/chunk-KVMAXHTM.js?v=c435cca1:7046:11)
    at processDispatchQueueItemsInOrder (http://localhost:5176/node_modules/.vite/deps/chunk-KVMAXHTM.js?v=c435cca1:7066:15)
    at processDispatchQueue (http://localhost:5176/node_modules/.vite/deps/chunk-KVMAXHTM.js?v=c435cca1:7075:13)
    at dispatchEventsForPlugins (http://localhost:5176/node_modules/.vite/deps/chunk-KVMAXHTM.js?v=c435cca1:7083:11)
[  635239ms] ReferenceError: setEditingId is not defined
    at http://localhost:5176/src/components/FreestyleBoard.jsx?t=1789621026170:637:5
    at http://localhost:5176/src/components/FreestyleBoard.jsx?t=1789621026170:847:9
    at HTMLUnknownElement.callCallback2 (http://localhost:5176/node_modules/.vite/deps/chunk-KVMAXHTM.js?v=c435cca1:3680:22)
    at Object.invokeGuardedCallbackDev (http://localhost:5176/node_modules/.vite/deps/chunk-KVMAXHTM.js?v=c435cca1:3705:24)
    at invokeGuardedCallback (http://localhost:5176/node_modules/.vite/deps/chunk-KVMAXHTM.js?v=c435cca1:3739:39)
    at invokeGuardedCallbackAndCatchFirstError (http://localhost:5176/node_modules/.vite/deps/chunk-KVMAXHTM.js?v=c435cca1:3742:33)
    at executeDispatch (http://localhost:5176/node_modules/.vite/deps/chunk-KVMAXHTM.js?v=c435cca1:7046:11)
    at processDispatchQueueItemsInOrder (http://localhost:5176/node_modules/.vite/deps/chunk-KVMAXHTM.js?v=c435cca1:7066:15)
    at processDispatchQueue (http://localhost:5176/node_modules/.vite/deps/chunk-KVMAXHTM.js?v=c435cca1:7075:13)
    at dispatchEventsForPlugins (http://localhost:5176/node_modules/.vite/deps/chunk-KVMAXHTM.js?v=c435cca1:7083:11)
[  635249ms] ReferenceError: setEditingId is not defined
    at http://localhost:5176/src/components/FreestyleBoard.jsx?t=1789621026170:637:5
    at http://localhost:5176/src/components/FreestyleBoard.jsx?t=1789621026170:847:9
    at HTMLUnknownElement.callCallback2 (http://localhost:5176/node_modules/.vite/deps/chunk-KVMAXHTM.js?v=c435cca1:3680:22)
    at Object.invokeGuardedCallbackDev (http://localhost:5176/node_modules/.vite/deps/chunk-KVMAXHTM.js?v=c435cca1:3705:24)
    at invokeGuardedCallback (http://localhost:5176/node_modules/.vite/deps/chunk-KVMAXHTM.js?v=c435cca1:3739:39)
    at invokeGuardedCallbackAndCatchFirstError (http://localhost:5176/node_modules/.vite/deps/chunk-KVMAXHTM.js?v=c435cca1:3742:33)
    at executeDispatch (http://localhost:5176/node_modules/.vite/deps/chunk-KVMAXHTM.js?v=c435cca1:7046:11)
    at processDispatchQueueItemsInOrder (http://localhost:5176/node_modules/.vite/deps/chunk-KVMAXHTM.js?v=c435cca1:7066:15)
    at processDispatchQueue (http://localhost:5176/node_modules/.vite/deps/chunk-KVMAXHTM.js?v=c435cca1:7075:13)
    at dispatchEventsForPlugins (http://localhost:5176/node_modules/.vite/deps/chunk-KVMAXHTM.js?v=c435cca1:7083:11)
[  635249ms] ReferenceError: setEditingId is not defined
    at http://localhost:5176/src/components/FreestyleBoard.jsx?t=1789621026170:637:5
    at http://localhost:5176/src/components/FreestyleBoard.jsx?t=1789621026170:847:9
    at HTMLUnknownElement.callCallback2 (http://localhost:5176/node_modules/.vite/deps/chunk-KVMAXHTM.js?v=c435cca1:3680:22)
    at Object.invokeGuardedCallbackDev (http://localhost:5176/node_modules/.vite/deps/chunk-KVMAXHTM.js?v=c435cca1:3705:24)
    at invokeGuardedCallback (http://localhost:5176/node_modules/.vite/deps/chunk-KVMAXHTM.js?v=c435cca1:3739:39)
    at invokeGuardedCallbackAndCatchFirstError (http://localhost:5176/node_modules/.vite/deps/chunk-KVMAXHTM.js?v=c435cca1:3742:33)
    at executeDispatch (http://localhost:5176/node_modules/.vite/deps/chunk-KVMAXHTM.js?v=c435cca1:7046:11)
    at processDispatchQueueItemsInOrder (http://localhost:5176/node_modules/.vite/deps/chunk-KVMAXHTM.js?v=c435cca1:7066:15)
    at processDispatchQueue (http://localhost:5176/node_modules/.vite/deps/chunk-KVMAXHTM.js?v=c435cca1:7075:13)
    at dispatchEventsForPlugins (http://localhost:5176/node_modules/.vite/deps/chunk-KVMAXHTM.js?v=c435cca1:7083:11)
[  635257ms] ReferenceError: setEditingId is not defined
    at http://localhost:5176/src/components/FreestyleBoard.jsx?t=1789621026170:637:5
    at http://localhost:5176/src/components/FreestyleBoard.jsx?t=1789621026170:847:9
    at HTMLUnknownElement.callCallback2 (http://localhost:5176/node_modules/.vite/deps/chunk-KVMAXHTM.js?v=c435cca1:3680:22)
    at Object.invokeGuardedCallbackDev (http://localhost:5176/node_modules/.vite/deps/chunk-KVMAXHTM.js?v=c435cca1:3705:24)
    at invokeGuardedCallback (http://localhost:5176/node_modules/.vite/deps/chunk-KVMAXHTM.js?v=c435cca1:3739:39)
    at invokeGuardedCallbackAndCatchFirstError (http://localhost:5176/node_modules/.vite/deps/chunk-KVMAXHTM.js?v=c435cca1:3742:33)
    at executeDispatch (http://localhost:5176/node_modules/.vite/deps/chunk-KVMAXHTM.js?v=c435cca1:7046:11)
    at processDispatchQueueItemsInOrder (http://localhost:5176/node_modules/.vite/deps/chunk-KVMAXHTM.js?v=c435cca1:7066:15)
    at processDispatchQueue (http://localhost:5176/node_modules/.vite/deps/chunk-KVMAXHTM.js?v=c435cca1:7075:13)
    at dispatchEventsForPlugins (http://localhost:5176/node_modules/.vite/deps/chunk-KVMAXHTM.js?v=c435cca1:7083:11)
[  635262ms] ReferenceError: setEditingId is not defined
    at http://localhost:5176/src/components/FreestyleBoard.jsx?t=1789621026170:637:5
    at http://localhost:5176/src/components/FreestyleBoard.jsx?t=1789621026170:847:9
    at HTMLUnknownElement.callCallback2 (http://localhost:5176/node_modules/.vite/deps/chunk-KVMAXHTM.js?v=c435cca1:3680:22)
    at Object.invokeGuardedCallbackDev (http://localhost:5176/node_modules/.vite/deps/chunk-KVMAXHTM.js?v=c435cca1:3705:24)
    at invokeGuardedCallback (http://localhost:5176/node_modules/.vite/deps/chunk-KVMAXHTM.js?v=c435cca1:3739:39)
    at invokeGuardedCallbackAndCatchFirstError (http://localhost:5176/node_modules/.vite/deps/chunk-KVMAXHTM.js?v=c435cca1:3742:33)
    at executeDispatch (http://localhost:5176/node_modules/.vite/deps/chunk-KVMAXHTM.js?v=c435cca1:7046:11)
    at processDispatchQueueItemsInOrder (http://localhost:5176/node_modules/.vite/deps/chunk-KVMAXHTM.js?v=c435cca1:7066:15)
    at processDispatchQueue (http://localhost:5176/node_modules/.vite/deps/chunk-KVMAXHTM.js?v=c435cca1:7075:13)
    at dispatchEventsForPlugins (http://localhost:5176/node_modules/.vite/deps/chunk-KVMAXHTM.js?v=c435cca1:7083:11)
[  635269ms] ReferenceError: setEditingId is not defined
    at http://localhost:5176/src/components/FreestyleBoard.jsx?t=1789621026170:637:5
    at http://localhost:5176/src/components/FreestyleBoard.jsx?t=1789621026170:847:9
    at HTMLUnknownElement.callCallback2 (http://localhost:5176/node_modules/.vite/deps/chunk-KVMAXHTM.js?v=c435cca1:3680:22)
    at Object.invokeGuardedCallbackDev (http://localhost:5176/node_modules/.vite/deps/chunk-KVMAXHTM.js?v=c435cca1:3705:24)
    at invokeGuardedCallback (http://localhost:5176/node_modules/.vite/deps/chunk-KVMAXHTM.js?v=c435cca1:3739:39)
    at invokeGuardedCallbackAndCatchFirstError (http://localhost:5176/node_modules/.vite/deps/chunk-KVMAXHTM.js?v=c435cca1:3742:33)
    at executeDispatch (http://localhost:5176/node_modules/.vite/deps/chunk-KVMAXHTM.js?v=c435cca1:7046:11)
    at processDispatchQueueItemsInOrder (http://localhost:5176/node_modules/.vite/deps/chunk-KVMAXHTM.js?v=c435cca1:7066:15)
    at processDispatchQueue (http://localhost:5176/node_modules/.vite/deps/chunk-KVMAXHTM.js?v=c435cca1:7075:13)
    at dispatchEventsForPlugins (http://localhost:5176/node_modules/.vite/deps/chunk-KVMAXHTM.js?v=c435cca1:7083:11)
[  635270ms] ReferenceError: setEditingId is not defined
    at http://localhost:5176/src/components/FreestyleBoard.jsx?t=1789621026170:637:5
    at http://localhost:5176/src/components/FreestyleBoard.jsx?t=1789621026170:847:9
    at HTMLUnknownElement.callCallback2 (http://localhost:5176/node_modules/.vite/deps/chunk-KVMAXHTM.js?v=c435cca1:3680:22)
    at Object.invokeGuardedCallbackDev (http://localhost:5176/node_modules/.vite/deps/chunk-KVMAXHTM.js?v=c435cca1:3705:24)
    at invokeGuardedCallback (http://localhost:5176/node_modules/.vite/deps/chunk-KVMAXHTM.js?v=c435cca1:3739:39)
    at invokeGuardedCallbackAndCatchFirstError (http://localhost:5176/node_modules/.vite/deps/chunk-KVMAXHTM.js?v=c435cca1:3742:33)
    at executeDispatch (http://localhost:5176/node_modules/.vite/deps/chunk-KVMAXHTM.js?v=c435cca1:7046:11)
    at processDispatchQueueItemsInOrder (http://localhost:5176/node_modules/.vite/deps/chunk-KVMAXHTM.js?v=c435cca1:7066:15)
    at processDispatchQueue (http://localhost:5176/node_modules/.vite/deps/chunk-KVMAXHTM.js?v=c435cca1:7075:13)
    at dispatchEventsForPlugins (http://localhost:5176/node_modules/.vite/deps/chunk-KVMAXHTM.js?v=c435cca1:7083:11)
[  635278ms] ReferenceError: setEditingId is not defined
    at http://localhost:5176/src/components/FreestyleBoard.jsx?t=1789621026170:637:5
    at http://localhost:5176/src/components/FreestyleBoard.jsx?t=1789621026170:847:9
    at HTMLUnknownElement.callCallback2 (http://localhost:5176/node_modules/.vite/deps/chunk-KVMAXHTM.js?v=c435cca1:3680:22)
    at Object.invokeGuardedCallbackDev (http://localhost:5176/node_modules/.vite/deps/chunk-KVMAXHTM.js?v=c435cca1:3705:24)
    at invokeGuardedCallback (http://localhost:5176/node_modules/.vite/deps/chunk-KVMAXHTM.js?v=c435cca1:3739:39)
    at invokeGuardedCallbackAndCatchFirstError (http://localhost:5176/node_modules/.vite/deps/chunk-KVMAXHTM.js?v=c435cca1:3742:33)
    at executeDispatch (http://localhost:5176/node_modules/.vite/deps/chunk-KVMAXHTM.js?v=c435cca1:7046:11)
    at processDispatchQueueItemsInOrder (http://localhost:5176/node_modules/.vite/deps/chunk-KVMAXHTM.js?v=c435cca1:7066:15)
    at processDispatchQueue (http://localhost:5176/node_modules/.vite/deps/chunk-KVMAXHTM.js?v=c435cca1:7075:13)
    at dispatchEventsForPlugins (http://localhost:5176/node_modules/.vite/deps/chunk-KVMAXHTM.js?v=c435cca1:7083:11)
[  635278ms] ReferenceError: setEditingId is not defined
    at http://localhost:5176/src/components/FreestyleBoard.jsx?t=1789621026170:637:5
    at http://localhost:5176/src/components/FreestyleBoard.jsx?t=1789621026170:847:9
    at HTMLUnknownElement.callCallback2 (http://localhost:5176/node_modules/.vite/deps/chunk-KVMAXHTM.js?v=c435cca1:3680:22)
    at Object.invokeGuardedCallbackDev (http://localhost:5176/node_modules/.vite/deps/chunk-KVMAXHTM.js?v=c435cca1:3705:24)
    at invokeGuardedCallback (http://localhost:5176/node_modules/.vite/deps/chunk-KVMAXHTM.js?v=c435cca1:3739:39)
    at invokeGuardedCallbackAndCatchFirstError (http://localhost:5176/node_modules/.vite/deps/chunk-KVMAXHTM.js?v=c435cca1:3742:33)
    at executeDispatch (http://localhost:5176/node_modules/.vite/deps/chunk-KVMAXHTM.js?v=c435cca1:7046:11)
    at processDispatchQueueItemsInOrder (http://localhost:5176/node_modules/.vite/deps/chunk-KVMAXHTM.js?v=c435cca1:7066:15)
    at processDispatchQueue (http://localhost:5176/node_modules/.vite/deps/chunk-KVMAXHTM.js?v=c435cca1:7075:13)
    at dispatchEventsForPlugins (http://localhost:5176/node_modules/.vite/deps/chunk-KVMAXHTM.js?v=c435cca1:7083:11)
[  635282ms] ReferenceError: setEditingId is not defined
    at http://localhost:5176/src/components/FreestyleBoard.jsx?t=1789621026170:637:5
    at http://localhost:5176/src/components/FreestyleBoard.jsx?t=1789621026170:847:9
    at HTMLUnknownElement.callCallback2 (http://localhost:5176/node_modules/.vite/deps/chunk-KVMAXHTM.js?v=c435cca1:3680:22)
    at Object.invokeGuardedCallbackDev (http://localhost:5176/node_modules/.vite/deps/chunk-KVMAXHTM.js?v=c435cca1:3705:24)
    at invokeGuardedCallback (http://localhost:5176/node_modules/.vite/deps/chunk-KVMAXHTM.js?v=c435cca1:3739:39)
    at invokeGuardedCallbackAndCatchFirstError (http://localhost:5176/node_modules/.vite/deps/chunk-KVMAXHTM.js?v=c435cca1:3742:33)
    at executeDispatch (http://localhost:5176/node_modules/.vite/deps/chunk-KVMAXHTM.js?v=c435cca1:7046:11)
    at processDispatchQueueItemsInOrder (http://localhost:5176/node_modules/.vite/deps/chunk-KVMAXHTM.js?v=c435cca1:7066:15)
    at processDispatchQueue (http://localhost:5176/node_modules/.vite/deps/chunk-KVMAXHTM.js?v=c435cca1:7075:13)
    at dispatchEventsForPlugins (http://localhost:5176/node_modules/.vite/deps/chunk-KVMAXHTM.js?v=c435cca1:7083:11)
[  635284ms] ReferenceError: setEditingId is not defined
    at http://localhost:5176/src/components/FreestyleBoard.jsx?t=1789621026170:637:5
    at http://localhost:5176/src/components/FreestyleBoard.jsx?t=1789621026170:847:9
    at HTMLUnknownElement.callCallback2 (http://localhost:5176/node_modules/.vite/deps/chunk-KVMAXHTM.js?v=c435cca1:3680:22)
    at Object.invokeGuardedCallbackDev (http://localhost:5176/node_modules/.vite/deps/chunk-KVMAXHTM.js?v=c435cca1:3705:24)
    at invokeGuardedCallback (http://localhost:5176/node_modules/.vite/deps/chunk-KVMAXHTM.js?v=c435cca1:3739:39)
    at invokeGuardedCallbackAndCatchFirstError (http://localhost:5176/node_modules/.vite/deps/chunk-KVMAXHTM.js?v=c435cca1:3742:33)
    at executeDispatch (http://localhost:5176/node_modules/.vite/deps/chunk-KVMAXHTM.js?v=c435cca1:7046:11)
    at processDispatchQueueItemsInOrder (http://localhost:5176/node_modules/.vite/deps/chunk-KVMAXHTM.js?v=c435cca1:7066:15)
    at processDispatchQueue (http://localhost:5176/node_modules/.vite/deps/chunk-KVMAXHTM.js?v=c435cca1:7075:13)
    at dispatchEventsForPlugins (http://localhost:5176/node_modules/.vite/deps/chunk-KVMAXHTM.js?v=c435cca1:7083:11)
[  635296ms] ReferenceError: setEditingId is not defined
    at http://localhost:5176/src/components/FreestyleBoard.jsx?t=1789621026170:637:5
    at http://localhost:5176/src/components/FreestyleBoard.jsx?t=1789621026170:847:9
    at HTMLUnknownElement.callCallback2 (http://localhost:5176/node_modules/.vite/deps/chunk-KVMAXHTM.js?v=c435cca1:3680:22)
    at Object.invokeGuardedCallbackDev (http://localhost:5176/node_modules/.vite/deps/chunk-KVMAXHTM.js?v=c435cca1:3705:24)
    at invokeGuardedCallback (http://localhost:5176/node_modules/.vite/deps/chunk-KVMAXHTM.js?v=c435cca1:3739:39)
    at invokeGuardedCallbackAndCatchFirstError (http://localhost:5176/node_modules/.vite/deps/chunk-KVMAXHTM.js?v=c435cca1:3742:33)
    at executeDispatch (http://localhost:5176/node_modules/.vite/deps/chunk-KVMAXHTM.js?v=c435cca1:7046:11)
    at processDispatchQueueItemsInOrder (http://localhost:5176/node_modules/.vite/deps/chunk-KVMAXHTM.js?v=c435cca1:7066:15)
    at processDispatchQueue (http://localhost:5176/node_modules/.vite/deps/chunk-KVMAXHTM.js?v=c435cca1:7075:13)
    at dispatchEventsForPlugins (http://localhost:5176/node_modules/.vite/deps/chunk-KVMAXHTM.js?v=c435cca1:7083:11)
[  635296ms] ReferenceError: setEditingId is not defined
    at http://localhost:5176/src/components/FreestyleBoard.jsx?t=1789621026170:637:5
    at http://localhost:5176/src/components/FreestyleBoard.jsx?t=1789621026170:847:9
    at HTMLUnknownElement.callCallback2 (http://localhost:5176/node_modules/.vite/deps/chunk-KVMAXHTM.js?v=c435cca1:3680:22)
    at Object.invokeGuardedCallbackDev (http://localhost:5176/node_modules/.vite/deps/chunk-KVMAXHTM.js?v=c435cca1:3705:24)
    at invokeGuardedCallback (http://localhost:5176/node_modules/.vite/deps/chunk-KVMAXHTM.js?v=c435cca1:3739:39)
    at invokeGuardedCallbackAndCatchFirstError (http://localhost:5176/node_modules/.vite/deps/chunk-KVMAXHTM.js?v=c435cca1:3742:33)
    at executeDispatch (http://localhost:5176/node_modules/.vite/deps/chunk-KVMAXHTM.js?v=c435cca1:7046:11)
    at processDispatchQueueItemsInOrder (http://localhost:5176/node_modules/.vite/deps/chunk-KVMAXHTM.js?v=c435cca1:7066:15)
    at processDispatchQueue (http://localhost:5176/node_modules/.vite/deps/chunk-KVMAXHTM.js?v=c435cca1:7075:13)
    at dispatchEventsForPlugins (http://localhost:5176/node_modules/.vite/deps/chunk-KVMAXHTM.js?v=c435cca1:7083:11)
[  635303ms] ReferenceError: setEditingId is not defined
    at http://localhost:5176/src/components/FreestyleBoard.jsx?t=1789621026170:637:5
    at http://localhost:5176/src/components/FreestyleBoard.jsx?t=1789621026170:847:9
    at HTMLUnknownElement.callCallback2 (http://localhost:5176/node_modules/.vite/deps/chunk-KVMAXHTM.js?v=c435cca1:3680:22)
    at Object.invokeGuardedCallbackDev (http://localhost:5176/node_modules/.vite/deps/chunk-KVMAXHTM.js?v=c435cca1:3705:24)
    at invokeGuardedCallback (http://localhost:5176/node_modules/.vite/deps/chunk-KVMAXHTM.js?v=c435cca1:3739:39)
    at invokeGuardedCallbackAndCatchFirstError (http://localhost:5176/node_modules/.vite/deps/chunk-KVMAXHTM.js?v=c435cca1:3742:33)
    at executeDispatch (http://localhost:5176/node_modules/.vite/deps/chunk-KVMAXHTM.js?v=c435cca1:7046:11)
    at processDispatchQueueItemsInOrder (http://localhost:5176/node_modules/.vite/deps/chunk-KVMAXHTM.js?v=c435cca1:7066:15)
    at processDispatchQueue (http://localhost:5176/node_modules/.vite/deps/chunk-KVMAXHTM.js?v=c435cca1:7075:13)
    at dispatchEventsForPlugins (http://localhost:5176/node_modules/.vite/deps/chunk-KVMAXHTM.js?v=c435cca1:7083:11)
[  635303ms] ReferenceError: setEditingId is not defined
    at http://localhost:5176/src/components/FreestyleBoard.jsx?t=1789621026170:637:5
    at http://localhost:5176/src/components/FreestyleBoard.jsx?t=1789621026170:847:9
    at HTMLUnknownElement.callCallback2 (http://localhost:5176/node_modules/.vite/deps/chunk-KVMAXHTM.js?v=c435cca1:3680:22)
    at Object.invokeGuardedCallbackDev (http://localhost:5176/node_modules/.vite/deps/chunk-KVMAXHTM.js?v=c435cca1:3705:24)
    at invokeGuardedCallback (http://localhost:5176/node_modules/.vite/deps/chunk-KVMAXHTM.js?v=c435cca1:3739:39)
    at invokeGuardedCallbackAndCatchFirstError (http://localhost:5176/node_modules/.vite/deps/chunk-KVMAXHTM.js?v=c435cca1:3742:33)
    at executeDispatch (http://localhost:5176/node_modules/.vite/deps/chunk-KVMAXHTM.js?v=c435cca1:7046:11)
    at processDispatchQueueItemsInOrder (http://localhost:5176/node_modules/.vite/deps/chunk-KVMAXHTM.js?v=c435cca1:7066:15)
    at processDispatchQueue (http://localhost:5176/node_modules/.vite/deps/chunk-KVMAXHTM.js?v=c435cca1:7075:13)
    at dispatchEventsForPlugins (http://localhost:5176/node_modules/.vite/deps/chunk-KVMAXHTM.js?v=c435cca1:7083:11)
[  635307ms] ReferenceError: setEditingId is not defined
    at http://localhost:5176/src/components/FreestyleBoard.jsx?t=1789621026170:637:5
    at http://localhost:5176/src/components/FreestyleBoard.jsx?t=1789621026170:847:9
    at HTMLUnknownElement.callCallback2 (http://localhost:5176/node_modules/.vite/deps/chunk-KVMAXHTM.js?v=c435cca1:3680:22)
    at Object.invokeGuardedCallbackDev (http://localhost:5176/node_modules/.vite/deps/chunk-KVMAXHTM.js?v=c435cca1:3705:24)
    at invokeGuardedCallback (http://localhost:5176/node_modules/.vite/deps/chunk-KVMAXHTM.js?v=c435cca1:3739:39)
    at invokeGuardedCallbackAndCatchFirstError (http://localhost:5176/node_modules/.vite/deps/chunk-KVMAXHTM.js?v=c435cca1:3742:33)
    at executeDispatch (http://localhost:5176/node_modules/.vite/deps/chunk-KVMAXHTM.js?v=c435cca1:7046:11)
    at processDispatchQueueItemsInOrder (http://localhost:5176/node_modules/.vite/deps/chunk-KVMAXHTM.js?v=c435cca1:7066:15)
    at processDispatchQueue (http://localhost:5176/node_modules/.vite/deps/chunk-KVMAXHTM.js?v=c435cca1:7075:13)
    at dispatchEventsForPlugins (http://localhost:5176/node_modules/.vite/deps/chunk-KVMAXHTM.js?v=c435cca1:7083:11)
[  635308ms] ReferenceError: setEditingId is not defined
    at http://localhost:5176/src/components/FreestyleBoard.jsx?t=1789621026170:637:5
    at http://localhost:5176/src/components/FreestyleBoard.jsx?t=1789621026170:847:9
    at HTMLUnknownElement.callCallback2 (http://localhost:5176/node_modules/.vite/deps/chunk-KVMAXHTM.js?v=c435cca1:3680:22)
    at Object.invokeGuardedCallbackDev (http://localhost:5176/node_modules/.vite/deps/chunk-KVMAXHTM.js?v=c435cca1:3705:24)
    at invokeGuardedCallback (http://localhost:5176/node_modules/.vite/deps/chunk-KVMAXHTM.js?v=c435cca1:3739:39)
    at invokeGuardedCallbackAndCatchFirstError (http://localhost:5176/node_modules/.vite/deps/chunk-KVMAXHTM.js?v=c435cca1:3742:33)
    at executeDispatch (http://localhost:5176/node_modules/.vite/deps/chunk-KVMAXHTM.js?v=c435cca1:7046:11)
    at processDispatchQueueItemsInOrder (http://localhost:5176/node_modules/.vite/deps/chunk-KVMAXHTM.js?v=c435cca1:7066:15)
    at processDispatchQueue (http://localhost:5176/node_modules/.vite/deps/chunk-KVMAXHTM.js?v=c435cca1:7075:13)
    at dispatchEventsForPlugins (http://localhost:5176/node_modules/.vite/deps/chunk-KVMAXHTM.js?v=c435cca1:7083:11)
[  635318ms] ReferenceError: setEditingId is not defined
    at http://localhost:5176/src/components/FreestyleBoard.jsx?t=1789621026170:637:5
    at http://localhost:5176/src/components/FreestyleBoard.jsx?t=1789621026170:847:9
    at HTMLUnknownElement.callCallback2 (http://localhost:5176/node_modules/.vite/deps/chunk-KVMAXHTM.js?v=c435cca1:3680:22)
    at Object.invokeGuardedCallbackDev (http://localhost:5176/node_modules/.vite/deps/chunk-KVMAXHTM.js?v=c435cca1:3705:24)
    at invokeGuardedCallback (http://localhost:5176/node_modules/.vite/deps/chunk-KVMAXHTM.js?v=c435cca1:3739:39)
    at invokeGuardedCallbackAndCatchFirstError (http://localhost:5176/node_modules/.vite/deps/chunk-KVMAXHTM.js?v=c435cca1:3742:33)
    at executeDispatch (http://localhost:5176/node_modules/.vite/deps/chunk-KVMAXHTM.js?v=c435cca1:7046:11)
    at processDispatchQueueItemsInOrder (http://localhost:5176/node_modules/.vite/deps/chunk-KVMAXHTM.js?v=c435cca1:7066:15)
    at processDispatchQueue (http://localhost:5176/node_modules/.vite/deps/chunk-KVMAXHTM.js?v=c435cca1:7075:13)
    at dispatchEventsForPlugins (http://localhost:5176/node_modules/.vite/deps/chunk-KVMAXHTM.js?v=c435cca1:7083:11)
[  635319ms] ReferenceError: setEditingId is not defined
    at http://localhost:5176/src/components/FreestyleBoard.jsx?t=1789621026170:637:5
    at http://localhost:5176/src/components/FreestyleBoard.jsx?t=1789621026170:847:9
    at HTMLUnknownElement.callCallback2 (http://localhost:5176/node_modules/.vite/deps/chunk-KVMAXHTM.js?v=c435cca1:3680:22)
    at Object.invokeGuardedCallbackDev (http://localhost:5176/node_modules/.vite/deps/chunk-KVMAXHTM.js?v=c435cca1:3705:24)
    at invokeGuardedCallback (http://localhost:5176/node_modules/.vite/deps/chunk-KVMAXHTM.js?v=c435cca1:3739:39)
    at invokeGuardedCallbackAndCatchFirstError (http://localhost:5176/node_modules/.vite/deps/chunk-KVMAXHTM.js?v=c435cca1:3742:33)
    at executeDispatch (http://localhost:5176/node_modules/.vite/deps/chunk-KVMAXHTM.js?v=c435cca1:7046:11)
    at processDispatchQueueItemsInOrder (http://localhost:5176/node_modules/.vite/deps/chunk-KVMAXHTM.js?v=c435cca1:7066:15)
    at processDispatchQueue (http://localhost:5176/node_modules/.vite/deps/chunk-KVMAXHTM.js?v=c435cca1:7075:13)
    at dispatchEventsForPlugins (http://localhost:5176/node_modules/.vite/deps/chunk-KVMAXHTM.js?v=c435cca1:7083:11)
[  635330ms] ReferenceError: setEditingId is not defined
    at http://localhost:5176/src/components/FreestyleBoard.jsx?t=1789621026170:637:5
    at http://localhost:5176/src/components/FreestyleBoard.jsx?t=1789621026170:847:9
    at HTMLUnknownElement.callCallback2 (http://localhost:5176/node_modules/.vite/deps/chunk-KVMAXHTM.js?v=c435cca1:3680:22)
    at Object.invokeGuardedCallbackDev (http://localhost:5176/node_modules/.vite/deps/chunk-KVMAXHTM.js?v=c435cca1:3705:24)
    at invokeGuardedCallback (http://localhost:5176/node_modules/.vite/deps/chunk-KVMAXHTM.js?v=c435cca1:3739:39)
    at invokeGuardedCallbackAndCatchFirstError (http://localhost:5176/node_modules/.vite/deps/chunk-KVMAXHTM.js?v=c435cca1:3742:33)
    at executeDispatch (http://localhost:5176/node_modules/.vite/deps/chunk-KVMAXHTM.js?v=c435cca1:7046:11)
    at processDispatchQueueItemsInOrder (http://localhost:5176/node_modules/.vite/deps/chunk-KVMAXHTM.js?v=c435cca1:7066:15)
    at processDispatchQueue (http://localhost:5176/node_modules/.vite/deps/chunk-KVMAXHTM.js?v=c435cca1:7075:13)
    at dispatchEventsForPlugins (http://localhost:5176/node_modules/.vite/deps/chunk-KVMAXHTM.js?v=c435cca1:7083:11)
[  635334ms] ReferenceError: setEditingId is not defined
    at http://localhost:5176/src/components/FreestyleBoard.jsx?t=1789621026170:637:5
    at http://localhost:5176/src/components/FreestyleBoard.jsx?t=1789621026170:847:9
    at HTMLUnknownElement.callCallback2 (http://localhost:5176/node_modules/.vite/deps/chunk-KVMAXHTM.js?v=c435cca1:3680:22)
    at Object.invokeGuardedCallbackDev (http://localhost:5176/node_modules/.vite/deps/chunk-KVMAXHTM.js?v=c435cca1:3705:24)
    at invokeGuardedCallback (http://localhost:5176/node_modules/.vite/deps/chunk-KVMAXHTM.js?v=c435cca1:3739:39)
    at invokeGuardedCallbackAndCatchFirstError (http://localhost:5176/node_modules/.vite/deps/chunk-KVMAXHTM.js?v=c435cca1:3742:33)
    at executeDispatch (http://localhost:5176/node_modules/.vite/deps/chunk-KVMAXHTM.js?v=c435cca1:7046:11)
    at processDispatchQueueItemsInOrder (http://localhost:5176/node_modules/.vite/deps/chunk-KVMAXHTM.js?v=c435cca1:7066:15)
    at processDispatchQueue (http://localhost:5176/node_modules/.vite/deps/chunk-KVMAXHTM.js?v=c435cca1:7075:13)
    at dispatchEventsForPlugins (http://localhost:5176/node_modules/.vite/deps/chunk-KVMAXHTM.js?v=c435cca1:7083:11)
[  635336ms] ReferenceError: setEditingId is not defined
    at http://localhost:5176/src/components/FreestyleBoard.jsx?t=1789621026170:637:5
    at http://localhost:5176/src/components/FreestyleBoard.jsx?t=1789621026170:847:9
    at HTMLUnknownElement.callCallback2 (http://localhost:5176/node_modules/.vite/deps/chunk-KVMAXHTM.js?v=c435cca1:3680:22)
    at Object.invokeGuardedCallbackDev (http://localhost:5176/node_modules/.vite/deps/chunk-KVMAXHTM.js?v=c435cca1:3705:24)
    at invokeGuardedCallback (http://localhost:5176/node_modules/.vite/deps/chunk-KVMAXHTM.js?v=c435cca1:3739:39)
    at invokeGuardedCallbackAndCatchFirstError (http://localhost:5176/node_modules/.vite/deps/chunk-KVMAXHTM.js?v=c435cca1:3742:33)
    at executeDispatch (http://localhost:5176/node_modules/.vite/deps/chunk-KVMAXHTM.js?v=c435cca1:7046:11)
    at processDispatchQueueItemsInOrder (http://localhost:5176/node_modules/.vite/deps/chunk-KVMAXHTM.js?v=c435cca1:7066:15)
    at processDispatchQueue (http://localhost:5176/node_modules/.vite/deps/chunk-KVMAXHTM.js?v=c435cca1:7075:13)
    at dispatchEventsForPlugins (http://localhost:5176/node_modules/.vite/deps/chunk-KVMAXHTM.js?v=c435cca1:7083:11)
[  635337ms] ReferenceError: setEditingId is not defined
    at http://localhost:5176/src/components/FreestyleBoard.jsx?t=1789621026170:637:5
    at http://localhost:5176/src/components/FreestyleBoard.jsx?t=1789621026170:847:9
    at HTMLUnknownElement.callCallback2 (http://localhost:5176/node_modules/.vite/deps/chunk-KVMAXHTM.js?v=c435cca1:3680:22)
    at Object.invokeGuardedCallbackDev (http://localhost:5176/node_modules/.vite/deps/chunk-KVMAXHTM.js?v=c435cca1:3705:24)
    at invokeGuardedCallback (http://localhost:5176/node_modules/.vite/deps/chunk-KVMAXHTM.js?v=c435cca1:3739:39)
    at invokeGuardedCallbackAndCatchFirstError (http://localhost:5176/node_modules/.vite/deps/chunk-KVMAXHTM.js?v=c435cca1:3742:33)
    at executeDispatch (http://localhost:5176/node_modules/.vite/deps/chunk-KVMAXHTM.js?v=c435cca1:7046:11)
    at processDispatchQueueItemsInOrder (http://localhost:5176/node_modules/.vite/deps/chunk-KVMAXHTM.js?v=c435cca1:7066:15)
    at processDispatchQueue (http://localhost:5176/node_modules/.vite/deps/chunk-KVMAXHTM.js?v=c435cca1:7075:13)
    at dispatchEventsForPlugins (http://localhost:5176/node_modules/.vite/deps/chunk-KVMAXHTM.js?v=c435cca1:7083:11)
[  635340ms] ReferenceError: setEditingId is not defined
    at http://localhost:5176/src/components/FreestyleBoard.jsx?t=1789621026170:637:5
    at http://localhost:5176/src/components/FreestyleBoard.jsx?t=1789621026170:847:9
    at HTMLUnknownElement.callCallback2 (http://localhost:5176/node_modules/.vite/deps/chunk-KVMAXHTM.js?v=c435cca1:3680:22)
    at Object.invokeGuardedCallbackDev (http://localhost:5176/node_modules/.vite/deps/chunk-KVMAXHTM.js?v=c435cca1:3705:24)
    at invokeGuardedCallback (http://localhost:5176/node_modules/.vite/deps/chunk-KVMAXHTM.js?v=c435cca1:3739:39)
    at invokeGuardedCallbackAndCatchFirstError (http://localhost:5176/node_modules/.vite/deps/chunk-KVMAXHTM.js?v=c435cca1:3742:33)
    at executeDispatch (http://localhost:5176/node_modules/.vite/deps/chunk-KVMAXHTM.js?v=c435cca1:7046:11)
    at processDispatchQueueItemsInOrder (http://localhost:5176/node_modules/.vite/deps/chunk-KVMAXHTM.js?v=c435cca1:7066:15)
    at processDispatchQueue (http://localhost:5176/node_modules/.vite/deps/chunk-KVMAXHTM.js?v=c435cca1:7075:13)
    at dispatchEventsForPlugins (http://localhost:5176/node_modules/.vite/deps/chunk-KVMAXHTM.js?v=c435cca1:7083:11)
[  635340ms] ReferenceError: setEditingId is not defined
    at http://localhost:5176/src/components/FreestyleBoard.jsx?t=1789621026170:637:5
    at http://localhost:5176/src/components/FreestyleBoard.jsx?t=1789621026170:847:9
    at HTMLUnknownElement.callCallback2 (http://localhost:5176/node_modules/.vite/deps/chunk-KVMAXHTM.js?v=c435cca1:3680:22)
    at Object.invokeGuardedCallbackDev (http://localhost:5176/node_modules/.vite/deps/chunk-KVMAXHTM.js?v=c435cca1:3705:24)
    at invokeGuardedCallback (http://localhost:5176/node_modules/.vite/deps/chunk-KVMAXHTM.js?v=c435cca1:3739:39)
    at invokeGuardedCallbackAndCatchFirstError (http://localhost:5176/node_modules/.vite/deps/chunk-KVMAXHTM.js?v=c435cca1:3742:33)
    at executeDispatch (http://localhost:5176/node_modules/.vite/deps/chunk-KVMAXHTM.js?v=c435cca1:7046:11)
    at processDispatchQueueItemsInOrder (http://localhost:5176/node_modules/.vite/deps/chunk-KVMAXHTM.js?v=c435cca1:7066:15)
    at processDispatchQueue (http://localhost:5176/node_modules/.vite/deps/chunk-KVMAXHTM.js?v=c435cca1:7075:13)
    at dispatchEventsForPlugins (http://localhost:5176/node_modules/.vite/deps/chunk-KVMAXHTM.js?v=c435cca1:7083:11)
[  635350ms] ReferenceError: setEditingId is not defined
    at http://localhost:5176/src/components/FreestyleBoard.jsx?t=1789621026170:637:5
    at http://localhost:5176/src/components/FreestyleBoard.jsx?t=1789621026170:847:9
    at HTMLUnknownElement.callCallback2 (http://localhost:5176/node_modules/.vite/deps/chunk-KVMAXHTM.js?v=c435cca1:3680:22)
    at Object.invokeGuardedCallbackDev (http://localhost:5176/node_modules/.vite/deps/chunk-KVMAXHTM.js?v=c435cca1:3705:24)
    at invokeGuardedCallback (http://localhost:5176/node_modules/.vite/deps/chunk-KVMAXHTM.js?v=c435cca1:3739:39)
    at invokeGuardedCallbackAndCatchFirstError (http://localhost:5176/node_modules/.vite/deps/chunk-KVMAXHTM.js?v=c435cca1:3742:33)
    at executeDispatch (http://localhost:5176/node_modules/.vite/deps/chunk-KVMAXHTM.js?v=c435cca1:7046:11)
    at processDispatchQueueItemsInOrder (http://localhost:5176/node_modules/.vite/deps/chunk-KVMAXHTM.js?v=c435cca1:7066:15)
    at processDispatchQueue (http://localhost:5176/node_modules/.vite/deps/chunk-KVMAXHTM.js?v=c435cca1:7075:13)
    at dispatchEventsForPlugins (http://localhost:5176/node_modules/.vite/deps/chunk-KVMAXHTM.js?v=c435cca1:7083:11)
[  635351ms] ReferenceError: setEditingId is not defined
    at http://localhost:5176/src/components/FreestyleBoard.jsx?t=1789621026170:637:5
    at http://localhost:5176/src/components/FreestyleBoard.jsx?t=1789621026170:847:9
    at HTMLUnknownElement.callCallback2 (http://localhost:5176/node_modules/.vite/deps/chunk-KVMAXHTM.js?v=c435cca1:3680:22)
    at Object.invokeGuardedCallbackDev (http://localhost:5176/node_modules/.vite/deps/chunk-KVMAXHTM.js?v=c435cca1:3705:24)
    at invokeGuardedCallback (http://localhost:5176/node_modules/.vite/deps/chunk-KVMAXHTM.js?v=c435cca1:3739:39)
    at invokeGuardedCallbackAndCatchFirstError (http://localhost:5176/node_modules/.vite/deps/chunk-KVMAXHTM.js?v=c435cca1:3742:33)
    at executeDispatch (http://localhost:5176/node_modules/.vite/deps/chunk-KVMAXHTM.js?v=c435cca1:7046:11)
    at processDispatchQueueItemsInOrder (http://localhost:5176/node_modules/.vite/deps/chunk-KVMAXHTM.js?v=c435cca1:7066:15)
    at processDispatchQueue (http://localhost:5176/node_modules/.vite/deps/chunk-KVMAXHTM.js?v=c435cca1:7075:13)
    at dispatchEventsForPlugins (http://localhost:5176/node_modules/.vite/deps/chunk-KVMAXHTM.js?v=c435cca1:7083:11)
[  635362ms] ReferenceError: setEditingId is not defined
    at http://localhost:5176/src/components/FreestyleBoard.jsx?t=1789621026170:637:5
    at http://localhost:5176/src/components/FreestyleBoard.jsx?t=1789621026170:847:9
    at HTMLUnknownElement.callCallback2 (http://localhost:5176/node_modules/.vite/deps/chunk-KVMAXHTM.js?v=c435cca1:3680:22)
    at Object.invokeGuardedCallbackDev (http://localhost:5176/node_modules/.vite/deps/chunk-KVMAXHTM.js?v=c435cca1:3705:24)
    at invokeGuardedCallback (http://localhost:5176/node_modules/.vite/deps/chunk-KVMAXHTM.js?v=c435cca1:3739:39)
    at invokeGuardedCallbackAndCatchFirstError (http://localhost:5176/node_modules/.vite/deps/chunk-KVMAXHTM.js?v=c435cca1:3742:33)
    at executeDispatch (http://localhost:5176/node_modules/.vite/deps/chunk-KVMAXHTM.js?v=c435cca1:7046:11)
    at processDispatchQueueItemsInOrder (http://localhost:5176/node_modules/.vite/deps/chunk-KVMAXHTM.js?v=c435cca1:7066:15)
    at processDispatchQueue (http://localhost:5176/node_modules/.vite/deps/chunk-KVMAXHTM.js?v=c435cca1:7075:13)
    at dispatchEventsForPlugins (http://localhost:5176/node_modules/.vite/deps/chunk-KVMAXHTM.js?v=c435cca1:7083:11)
[  635362ms] ReferenceError: setEditingId is not defined
    at http://localhost:5176/src/components/FreestyleBoard.jsx?t=1789621026170:637:5
    at http://localhost:5176/src/components/FreestyleBoard.jsx?t=1789621026170:847:9
    at HTMLUnknownElement.callCallback2 (http://localhost:5176/node_modules/.vite/deps/chunk-KVMAXHTM.js?v=c435cca1:3680:22)
    at Object.invokeGuardedCallbackDev (http://localhost:5176/node_modules/.vite/deps/chunk-KVMAXHTM.js?v=c435cca1:3705:24)
    at invokeGuardedCallback (http://localhost:5176/node_modules/.vite/deps/chunk-KVMAXHTM.js?v=c435cca1:3739:39)
    at invokeGuardedCallbackAndCatchFirstError (http://localhost:5176/node_modules/.vite/deps/chunk-KVMAXHTM.js?v=c435cca1:3742:33)
    at executeDispatch (http://localhost:5176/node_modules/.vite/deps/chunk-KVMAXHTM.js?v=c435cca1:7046:11)
    at processDispatchQueueItemsInOrder (http://localhost:5176/node_modules/.vite/deps/chunk-KVMAXHTM.js?v=c435cca1:7066:15)
    at processDispatchQueue (http://localhost:5176/node_modules/.vite/deps/chunk-KVMAXHTM.js?v=c435cca1:7075:13)
    at dispatchEventsForPlugins (http://localhost:5176/node_modules/.vite/deps/chunk-KVMAXHTM.js?v=c435cca1:7083:11)
[  635370ms] ReferenceError: setEditingId is not defined
    at http://localhost:5176/src/components/FreestyleBoard.jsx?t=1789621026170:637:5
    at http://localhost:5176/src/components/FreestyleBoard.jsx?t=1789621026170:847:9
    at HTMLUnknownElement.callCallback2 (http://localhost:5176/node_modules/.vite/deps/chunk-KVMAXHTM.js?v=c435cca1:3680:22)
    at Object.invokeGuardedCallbackDev (http://localhost:5176/node_modules/.vite/deps/chunk-KVMAXHTM.js?v=c435cca1:3705:24)
    at invokeGuardedCallback (http://localhost:5176/node_modules/.vite/deps/chunk-KVMAXHTM.js?v=c435cca1:3739:39)
    at invokeGuardedCallbackAndCatchFirstError (http://localhost:5176/node_modules/.vite/deps/chunk-KVMAXHTM.js?v=c435cca1:3742:33)
    at executeDispatch (http://localhost:5176/node_modules/.vite/deps/chunk-KVMAXHTM.js?v=c435cca1:7046:11)
    at processDispatchQueueItemsInOrder (http://localhost:5176/node_modules/.vite/deps/chunk-KVMAXHTM.js?v=c435cca1:7066:15)
    at processDispatchQueue (http://localhost:5176/node_modules/.vite/deps/chunk-KVMAXHTM.js?v=c435cca1:7075:13)
    at dispatchEventsForPlugins (http://localhost:5176/node_modules/.vite/deps/chunk-KVMAXHTM.js?v=c435cca1:7083:11)
[  635372ms] ReferenceError: setEditingId is not defined
    at http://localhost:5176/src/components/FreestyleBoard.jsx?t=1789621026170:637:5
    at http://localhost:5176/src/components/FreestyleBoard.jsx?t=1789621026170:847:9
    at HTMLUnknownElement.callCallback2 (http://localhost:5176/node_modules/.vite/deps/chunk-KVMAXHTM.js?v=c435cca1:3680:22)
    at Object.invokeGuardedCallbackDev (http://localhost:5176/node_modules/.vite/deps/chunk-KVMAXHTM.js?v=c435cca1:3705:24)
    at invokeGuardedCallback (http://localhost:5176/node_modules/.vite/deps/chunk-KVMAXHTM.js?v=c435cca1:3739:39)
    at invokeGuardedCallbackAndCatchFirstError (http://localhost:5176/node_modules/.vite/deps/chunk-KVMAXHTM.js?v=c435cca1:3742:33)
    at executeDispatch (http://localhost:5176/node_modules/.vite/deps/chunk-KVMAXHTM.js?v=c435cca1:7046:11)
    at processDispatchQueueItemsInOrder (http://localhost:5176/node_modules/.vite/deps/chunk-KVMAXHTM.js?v=c435cca1:7066:15)
    at processDispatchQueue (http://localhost:5176/node_modules/.vite/deps/chunk-KVMAXHTM.js?v=c435cca1:7075:13)
    at dispatchEventsForPlugins (http://localhost:5176/node_modules/.vite/deps/chunk-KVMAXHTM.js?v=c435cca1:7083:11)
[  635375ms] ReferenceError: setEditingId is not defined
    at http://localhost:5176/src/components/FreestyleBoard.jsx?t=1789621026170:637:5
    at http://localhost:5176/src/components/FreestyleBoard.jsx?t=1789621026170:847:9
    at HTMLUnknownElement.callCallback2 (http://localhost:5176/node_modules/.vite/deps/chunk-KVMAXHTM.js?v=c435cca1:3680:22)
    at Object.invokeGuardedCallbackDev (http://localhost:5176/node_modules/.vite/deps/chunk-KVMAXHTM.js?v=c435cca1:3705:24)
    at invokeGuardedCallback (http://localhost:5176/node_modules/.vite/deps/chunk-KVMAXHTM.js?v=c435cca1:3739:39)
    at invokeGuardedCallbackAndCatchFirstError (http://localhost:5176/node_modules/.vite/deps/chunk-KVMAXHTM.js?v=c435cca1:3742:33)
    at executeDispatch (http://localhost:5176/node_modules/.vite/deps/chunk-KVMAXHTM.js?v=c435cca1:7046:11)
    at processDispatchQueueItemsInOrder (http://localhost:5176/node_modules/.vite/deps/chunk-KVMAXHTM.js?v=c435cca1:7066:15)
    at processDispatchQueue (http://localhost:5176/node_modules/.vite/deps/chunk-KVMAXHTM.js?v=c435cca1:7075:13)
    at dispatchEventsForPlugins (http://localhost:5176/node_modules/.vite/deps/chunk-KVMAXHTM.js?v=c435cca1:7083:11)
[  635376ms] ReferenceError: setEditingId is not defined
    at http://localhost:5176/src/components/FreestyleBoard.jsx?t=1789621026170:637:5
    at http://localhost:5176/src/components/FreestyleBoard.jsx?t=1789621026170:847:9
    at HTMLUnknownElement.callCallback2 (http://localhost:5176/node_modules/.vite/deps/chunk-KVMAXHTM.js?v=c435cca1:3680:22)
    at Object.invokeGuardedCallbackDev (http://localhost:5176/node_modules/.vite/deps/chunk-KVMAXHTM.js?v=c435cca1:3705:24)
    at invokeGuardedCallback (http://localhost:5176/node_modules/.vite/deps/chunk-KVMAXHTM.js?v=c435cca1:3739:39)
    at invokeGuardedCallbackAndCatchFirstError (http://localhost:5176/node_modules/.vite/deps/chunk-KVMAXHTM.js?v=c435cca1:3742:33)
    at executeDispatch (http://localhost:5176/node_modules/.vite/deps/chunk-KVMAXHTM.js?v=c435cca1:7046:11)
    at processDispatchQueueItemsInOrder (http://localhost:5176/node_modules/.vite/deps/chunk-KVMAXHTM.js?v=c435cca1:7066:15)
    at processDispatchQueue (http://localhost:5176/node_modules/.vite/deps/chunk-KVMAXHTM.js?v=c435cca1:7075:13)
    at dispatchEventsForPlugins (http://localhost:5176/node_modules/.vite/deps/chunk-KVMAXHTM.js?v=c435cca1:7083:11)
[  635385ms] ReferenceError: setEditingId is not defined
    at http://localhost:5176/src/components/FreestyleBoard.jsx?t=1789621026170:637:5
    at http://localhost:5176/src/components/FreestyleBoard.jsx?t=1789621026170:847:9
    at HTMLUnknownElement.callCallback2 (http://localhost:5176/node_modules/.vite/deps/chunk-KVMAXHTM.js?v=c435cca1:3680:22)
    at Object.invokeGuardedCallbackDev (http://localhost:5176/node_modules/.vite/deps/chunk-KVMAXHTM.js?v=c435cca1:3705:24)
    at invokeGuardedCallback (http://localhost:5176/node_modules/.vite/deps/chunk-KVMAXHTM.js?v=c435cca1:3739:39)
    at invokeGuardedCallbackAndCatchFirstError (http://localhost:5176/node_modules/.vite/deps/chunk-KVMAXHTM.js?v=c435cca1:3742:33)
    at executeDispatch (http://localhost:5176/node_modules/.vite/deps/chunk-KVMAXHTM.js?v=c435cca1:7046:11)
    at processDispatchQueueItemsInOrder (http://localhost:5176/node_modules/.vite/deps/chunk-KVMAXHTM.js?v=c435cca1:7066:15)
    at processDispatchQueue (http://localhost:5176/node_modules/.vite/deps/chunk-KVMAXHTM.js?v=c435cca1:7075:13)
    at dispatchEventsForPlugins (http://localhost:5176/node_modules/.vite/deps/chunk-KVMAXHTM.js?v=c435cca1:7083:11)
[  635386ms] ReferenceError: setEditingId is not defined
    at http://localhost:5176/src/components/FreestyleBoard.jsx?t=1789621026170:637:5
    at http://localhost:5176/src/components/FreestyleBoard.jsx?t=1789621026170:847:9
    at HTMLUnknownElement.callCallback2 (http://localhost:5176/node_modules/.vite/deps/chunk-KVMAXHTM.js?v=c435cca1:3680:22)
    at Object.invokeGuardedCallbackDev (http://localhost:5176/node_modules/.vite/deps/chunk-KVMAXHTM.js?v=c435cca1:3705:24)
    at invokeGuardedCallback (http://localhost:5176/node_modules/.vite/deps/chunk-KVMAXHTM.js?v=c435cca1:3739:39)
    at invokeGuardedCallbackAndCatchFirstError (http://localhost:5176/node_modules/.vite/deps/chunk-KVMAXHTM.js?v=c435cca1:3742:33)
    at executeDispatch (http://localhost:5176/node_modules/.vite/deps/chunk-KVMAXHTM.js?v=c435cca1:7046:11)
    at processDispatchQueueItemsInOrder (http://localhost:5176/node_modules/.vite/deps/chunk-KVMAXHTM.js?v=c435cca1:7066:15)
    at processDispatchQueue (http://localhost:5176/node_modules/.vite/deps/chunk-KVMAXHTM.js?v=c435cca1:7075:13)
    at dispatchEventsForPlugins (http://localhost:5176/node_modules/.vite/deps/chunk-KVMAXHTM.js?v=c435cca1:7083:11)
[  635393ms] ReferenceError: setEditingId is not defined
    at http://localhost:5176/src/components/FreestyleBoard.jsx?t=1789621026170:637:5
    at http://localhost:5176/src/components/FreestyleBoard.jsx?t=1789621026170:847:9
    at HTMLUnknownElement.callCallback2 (http://localhost:5176/node_modules/.vite/deps/chunk-KVMAXHTM.js?v=c435cca1:3680:22)
    at Object.invokeGuardedCallbackDev (http://localhost:5176/node_modules/.vite/deps/chunk-KVMAXHTM.js?v=c435cca1:3705:24)
    at invokeGuardedCallback (http://localhost:5176/node_modules/.vite/deps/chunk-KVMAXHTM.js?v=c435cca1:3739:39)
    at invokeGuardedCallbackAndCatchFirstError (http://localhost:5176/node_modules/.vite/deps/chunk-KVMAXHTM.js?v=c435cca1:3742:33)
    at executeDispatch (http://localhost:5176/node_modules/.vite/deps/chunk-KVMAXHTM.js?v=c435cca1:7046:11)
    at processDispatchQueueItemsInOrder (http://localhost:5176/node_modules/.vite/deps/chunk-KVMAXHTM.js?v=c435cca1:7066:15)
    at processDispatchQueue (http://localhost:5176/node_modules/.vite/deps/chunk-KVMAXHTM.js?v=c435cca1:7075:13)
    at dispatchEventsForPlugins (http://localhost:5176/node_modules/.vite/deps/chunk-KVMAXHTM.js?v=c435cca1:7083:11)
[  635395ms] ReferenceError: setEditingId is not defined
    at http://localhost:5176/src/components/FreestyleBoard.jsx?t=1789621026170:637:5
    at http://localhost:5176/src/components/FreestyleBoard.jsx?t=1789621026170:847:9
    at HTMLUnknownElement.callCallback2 (http://localhost:5176/node_modules/.vite/deps/chunk-KVMAXHTM.js?v=c435cca1:3680:22)
    at Object.invokeGuardedCallbackDev (http://localhost:5176/node_modules/.vite/deps/chunk-KVMAXHTM.js?v=c435cca1:3705:24)
    at invokeGuardedCallback (http://localhost:5176/node_modules/.vite/deps/chunk-KVMAXHTM.js?v=c435cca1:3739:39)
    at invokeGuardedCallbackAndCatchFirstError (http://localhost:5176/node_modules/.vite/deps/chunk-KVMAXHTM.js?v=c435cca1:3742:33)
    at executeDispatch (http://localhost:5176/node_modules/.vite/deps/chunk-KVMAXHTM.js?v=c435cca1:7046:11)
    at processDispatchQueueItemsInOrder (http://localhost:5176/node_modules/.vite/deps/chunk-KVMAXHTM.js?v=c435cca1:7066:15)
    at processDispatchQueue (http://localhost:5176/node_modules/.vite/deps/chunk-KVMAXHTM.js?v=c435cca1:7075:13)
    at dispatchEventsForPlugins (http://localhost:5176/node_modules/.vite/deps/chunk-KVMAXHTM.js?v=c435cca1:7083:11)
[  635406ms] ReferenceError: setEditingId is not defined
    at http://localhost:5176/src/components/FreestyleBoard.jsx?t=1789621026170:637:5
    at http://localhost:5176/src/components/FreestyleBoard.jsx?t=1789621026170:847:9
    at HTMLUnknownElement.callCallback2 (http://localhost:5176/node_modules/.vite/deps/chunk-KVMAXHTM.js?v=c435cca1:3680:22)
    at Object.invokeGuardedCallbackDev (http://localhost:5176/node_modules/.vite/deps/chunk-KVMAXHTM.js?v=c435cca1:3705:24)
    at invokeGuardedCallback (http://localhost:5176/node_modules/.vite/deps/chunk-KVMAXHTM.js?v=c435cca1:3739:39)
    at invokeGuardedCallbackAndCatchFirstError (http://localhost:5176/node_modules/.vite/deps/chunk-KVMAXHTM.js?v=c435cca1:3742:33)
    at executeDispatch (http://localhost:5176/node_modules/.vite/deps/chunk-KVMAXHTM.js?v=c435cca1:7046:11)
    at processDispatchQueueItemsInOrder (http://localhost:5176/node_modules/.vite/deps/chunk-KVMAXHTM.js?v=c435cca1:7066:15)
    at processDispatchQueue (http://localhost:5176/node_modules/.vite/deps/chunk-KVMAXHTM.js?v=c435cca1:7075:13)
    at dispatchEventsForPlugins (http://localhost:5176/node_modules/.vite/deps/chunk-KVMAXHTM.js?v=c435cca1:7083:11)
[  635408ms] ReferenceError: setEditingId is not defined
    at http://localhost:5176/src/components/FreestyleBoard.jsx?t=1789621026170:637:5
    at http://localhost:5176/src/components/FreestyleBoard.jsx?t=1789621026170:847:9
    at HTMLUnknownElement.callCallback2 (http://localhost:5176/node_modules/.vite/deps/chunk-KVMAXHTM.js?v=c435cca1:3680:22)
    at Object.invokeGuardedCallbackDev (http://localhost:5176/node_modules/.vite/deps/chunk-KVMAXHTM.js?v=c435cca1:3705:24)
    at invokeGuardedCallback (http://localhost:5176/node_modules/.vite/deps/chunk-KVMAXHTM.js?v=c435cca1:3739:39)
    at invokeGuardedCallbackAndCatchFirstError (http://localhost:5176/node_modules/.vite/deps/chunk-KVMAXHTM.js?v=c435cca1:3742:33)
    at executeDispatch (http://localhost:5176/node_modules/.vite/deps/chunk-KVMAXHTM.js?v=c435cca1:7046:11)
    at processDispatchQueueItemsInOrder (http://localhost:5176/node_modules/.vite/deps/chunk-KVMAXHTM.js?v=c435cca1:7066:15)
    at processDispatchQueue (http://localhost:5176/node_modules/.vite/deps/chunk-KVMAXHTM.js?v=c435cca1:7075:13)
    at dispatchEventsForPlugins (http://localhost:5176/node_modules/.vite/deps/chunk-KVMAXHTM.js?v=c435cca1:7083:11)
[  635417ms] ReferenceError: setEditingId is not defined
    at http://localhost:5176/src/components/FreestyleBoard.jsx?t=1789621026170:637:5
    at http://localhost:5176/src/components/FreestyleBoard.jsx?t=1789621026170:847:9
    at HTMLUnknownElement.callCallback2 (http://localhost:5176/node_modules/.vite/deps/chunk-KVMAXHTM.js?v=c435cca1:3680:22)
    at Object.invokeGuardedCallbackDev (http://localhost:5176/node_modules/.vite/deps/chunk-KVMAXHTM.js?v=c435cca1:3705:24)
    at invokeGuardedCallback (http://localhost:5176/node_modules/.vite/deps/chunk-KVMAXHTM.js?v=c435cca1:3739:39)
    at invokeGuardedCallbackAndCatchFirstError (http://localhost:5176/node_modules/.vite/deps/chunk-KVMAXHTM.js?v=c435cca1:3742:33)
    at executeDispatch (http://localhost:5176/node_modules/.vite/deps/chunk-KVMAXHTM.js?v=c435cca1:7046:11)
    at processDispatchQueueItemsInOrder (http://localhost:5176/node_modules/.vite/deps/chunk-KVMAXHTM.js?v=c435cca1:7066:15)
    at processDispatchQueue (http://localhost:5176/node_modules/.vite/deps/chunk-KVMAXHTM.js?v=c435cca1:7075:13)
    at dispatchEventsForPlugins (http://localhost:5176/node_modules/.vite/deps/chunk-KVMAXHTM.js?v=c435cca1:7083:11)
[  635419ms] ReferenceError: setEditingId is not defined
    at http://localhost:5176/src/components/FreestyleBoard.jsx?t=1789621026170:637:5
    at http://localhost:5176/src/components/FreestyleBoard.jsx?t=1789621026170:847:9
    at HTMLUnknownElement.callCallback2 (http://localhost:5176/node_modules/.vite/deps/chunk-KVMAXHTM.js?v=c435cca1:3680:22)
    at Object.invokeGuardedCallbackDev (http://localhost:5176/node_modules/.vite/deps/chunk-KVMAXHTM.js?v=c435cca1:3705:24)
    at invokeGuardedCallback (http://localhost:5176/node_modules/.vite/deps/chunk-KVMAXHTM.js?v=c435cca1:3739:39)
    at invokeGuardedCallbackAndCatchFirstError (http://localhost:5176/node_modules/.vite/deps/chunk-KVMAXHTM.js?v=c435cca1:3742:33)
    at executeDispatch (http://localhost:5176/node_modules/.vite/deps/chunk-KVMAXHTM.js?v=c435cca1:7046:11)
    at processDispatchQueueItemsInOrder (http://localhost:5176/node_modules/.vite/deps/chunk-KVMAXHTM.js?v=c435cca1:7066:15)
    at processDispatchQueue (http://localhost:5176/node_modules/.vite/deps/chunk-KVMAXHTM.js?v=c435cca1:7075:13)
    at dispatchEventsForPlugins (http://localhost:5176/node_modules/.vite/deps/chunk-KVMAXHTM.js?v=c435cca1:7083:11)
[  635422ms] ReferenceError: setEditingId is not defined
    at http://localhost:5176/src/components/FreestyleBoard.jsx?t=1789621026170:637:5
    at http://localhost:5176/src/components/FreestyleBoard.jsx?t=1789621026170:847:9
    at HTMLUnknownElement.callCallback2 (http://localhost:5176/node_modules/.vite/deps/chunk-KVMAXHTM.js?v=c435cca1:3680:22)
    at Object.invokeGuardedCallbackDev (http://localhost:5176/node_modules/.vite/deps/chunk-KVMAXHTM.js?v=c435cca1:3705:24)
    at invokeGuardedCallback (http://localhost:5176/node_modules/.vite/deps/chunk-KVMAXHTM.js?v=c435cca1:3739:39)
    at invokeGuardedCallbackAndCatchFirstError (http://localhost:5176/node_modules/.vite/deps/chunk-KVMAXHTM.js?v=c435cca1:3742:33)
    at executeDispatch (http://localhost:5176/node_modules/.vite/deps/chunk-KVMAXHTM.js?v=c435cca1:7046:11)
    at processDispatchQueueItemsInOrder (http://localhost:5176/node_modules/.vite/deps/chunk-KVMAXHTM.js?v=c435cca1:7066:15)
    at processDispatchQueue (http://localhost:5176/node_modules/.vite/deps/chunk-KVMAXHTM.js?v=c435cca1:7075:13)
    at dispatchEventsForPlugins (http://localhost:5176/node_modules/.vite/deps/chunk-KVMAXHTM.js?v=c435cca1:7083:11)
[  635422ms] ReferenceError: setEditingId is not defined
    at http://localhost:5176/src/components/FreestyleBoard.jsx?t=1789621026170:637:5
    at http://localhost:5176/src/components/FreestyleBoard.jsx?t=1789621026170:847:9
    at HTMLUnknownElement.callCallback2 (http://localhost:5176/node_modules/.vite/deps/chunk-KVMAXHTM.js?v=c435cca1:3680:22)
    at Object.invokeGuardedCallbackDev (http://localhost:5176/node_modules/.vite/deps/chunk-KVMAXHTM.js?v=c435cca1:3705:24)
    at invokeGuardedCallback (http://localhost:5176/node_modules/.vite/deps/chunk-KVMAXHTM.js?v=c435cca1:3739:39)
    at invokeGuardedCallbackAndCatchFirstError (http://localhost:5176/node_modules/.vite/deps/chunk-KVMAXHTM.js?v=c435cca1:3742:33)
    at executeDispatch (http://localhost:5176/node_modules/.vite/deps/chunk-KVMAXHTM.js?v=c435cca1:7046:11)
    at processDispatchQueueItemsInOrder (http://localhost:5176/node_modules/.vite/deps/chunk-KVMAXHTM.js?v=c435cca1:7066:15)
    at processDispatchQueue (http://localhost:5176/node_modules/.vite/deps/chunk-KVMAXHTM.js?v=c435cca1:7075:13)
    at dispatchEventsForPlugins (http://localhost:5176/node_modules/.vite/deps/chunk-KVMAXHTM.js?v=c435cca1:7083:11)
[  635429ms] ReferenceError: setEditingId is not defined
    at http://localhost:5176/src/components/FreestyleBoard.jsx?t=1789621026170:637:5
    at http://localhost:5176/src/components/FreestyleBoard.jsx?t=1789621026170:847:9
    at HTMLUnknownElement.callCallback2 (http://localhost:5176/node_modules/.vite/deps/chunk-KVMAXHTM.js?v=c435cca1:3680:22)
    at Object.invokeGuardedCallbackDev (http://localhost:5176/node_modules/.vite/deps/chunk-KVMAXHTM.js?v=c435cca1:3705:24)
    at invokeGuardedCallback (http://localhost:5176/node_modules/.vite/deps/chunk-KVMAXHTM.js?v=c435cca1:3739:39)
    at invokeGuardedCallbackAndCatchFirstError (http://localhost:5176/node_modules/.vite/deps/chunk-KVMAXHTM.js?v=c435cca1:3742:33)
    at executeDispatch (http://localhost:5176/node_modules/.vite/deps/chunk-KVMAXHTM.js?v=c435cca1:7046:11)
    at processDispatchQueueItemsInOrder (http://localhost:5176/node_modules/.vite/deps/chunk-KVMAXHTM.js?v=c435cca1:7066:15)
    at processDispatchQueue (http://localhost:5176/node_modules/.vite/deps/chunk-KVMAXHTM.js?v=c435cca1:7075:13)
    at dispatchEventsForPlugins (http://localhost:5176/node_modules/.vite/deps/chunk-KVMAXHTM.js?v=c435cca1:7083:11)
[  635430ms] ReferenceError: setEditingId is not defined
    at http://localhost:5176/src/components/FreestyleBoard.jsx?t=1789621026170:637:5
    at http://localhost:5176/src/components/FreestyleBoard.jsx?t=1789621026170:847:9
    at HTMLUnknownElement.callCallback2 (http://localhost:5176/node_modules/.vite/deps/chunk-KVMAXHTM.js?v=c435cca1:3680:22)
    at Object.invokeGuardedCallbackDev (http://localhost:5176/node_modules/.vite/deps/chunk-KVMAXHTM.js?v=c435cca1:3705:24)
    at invokeGuardedCallback (http://localhost:5176/node_modules/.vite/deps/chunk-KVMAXHTM.js?v=c435cca1:3739:39)
    at invokeGuardedCallbackAndCatchFirstError (http://localhost:5176/node_modules/.vite/deps/chunk-KVMAXHTM.js?v=c435cca1:3742:33)
    at executeDispatch (http://localhost:5176/node_modules/.vite/deps/chunk-KVMAXHTM.js?v=c435cca1:7046:11)
    at processDispatchQueueItemsInOrder (http://localhost:5176/node_modules/.vite/deps/chunk-KVMAXHTM.js?v=c435cca1:7066:15)
    at processDispatchQueue (http://localhost:5176/node_modules/.vite/deps/chunk-KVMAXHTM.js?v=c435cca1:7075:13)
    at dispatchEventsForPlugins (http://localhost:5176/node_modules/.vite/deps/chunk-KVMAXHTM.js?v=c435cca1:7083:11)
[  635439ms] ReferenceError: setEditingId is not defined
    at http://localhost:5176/src/components/FreestyleBoard.jsx?t=1789621026170:637:5
    at http://localhost:5176/src/components/FreestyleBoard.jsx?t=1789621026170:847:9
    at HTMLUnknownElement.callCallback2 (http://localhost:5176/node_modules/.vite/deps/chunk-KVMAXHTM.js?v=c435cca1:3680:22)
    at Object.invokeGuardedCallbackDev (http://localhost:5176/node_modules/.vite/deps/chunk-KVMAXHTM.js?v=c435cca1:3705:24)
    at invokeGuardedCallback (http://localhost:5176/node_modules/.vite/deps/chunk-KVMAXHTM.js?v=c435cca1:3739:39)
    at invokeGuardedCallbackAndCatchFirstError (http://localhost:5176/node_modules/.vite/deps/chunk-KVMAXHTM.js?v=c435cca1:3742:33)
    at executeDispatch (http://localhost:5176/node_modules/.vite/deps/chunk-KVMAXHTM.js?v=c435cca1:7046:11)
    at processDispatchQueueItemsInOrder (http://localhost:5176/node_modules/.vite/deps/chunk-KVMAXHTM.js?v=c435cca1:7066:15)
    at processDispatchQueue (http://localhost:5176/node_modules/.vite/deps/chunk-KVMAXHTM.js?v=c435cca1:7075:13)
    at dispatchEventsForPlugins (http://localhost:5176/node_modules/.vite/deps/chunk-KVMAXHTM.js?v=c435cca1:7083:11)
[  635440ms] ReferenceError: setEditingId is not defined
    at http://localhost:5176/src/components/FreestyleBoard.jsx?t=1789621026170:637:5
    at http://localhost:5176/src/components/FreestyleBoard.jsx?t=1789621026170:847:9
    at HTMLUnknownElement.callCallback2 (http://localhost:5176/node_modules/.vite/deps/chunk-KVMAXHTM.js?v=c435cca1:3680:22)
    at Object.invokeGuardedCallbackDev (http://localhost:5176/node_modules/.vite/deps/chunk-KVMAXHTM.js?v=c435cca1:3705:24)
    at invokeGuardedCallback (http://localhost:5176/node_modules/.vite/deps/chunk-KVMAXHTM.js?v=c435cca1:3739:39)
    at invokeGuardedCallbackAndCatchFirstError (http://localhost:5176/node_modules/.vite/deps/chunk-KVMAXHTM.js?v=c435cca1:3742:33)
    at executeDispatch (http://localhost:5176/node_modules/.vite/deps/chunk-KVMAXHTM.js?v=c435cca1:7046:11)
    at processDispatchQueueItemsInOrder (http://localhost:5176/node_modules/.vite/deps/chunk-KVMAXHTM.js?v=c435cca1:7066:15)
    at processDispatchQueue (http://localhost:5176/node_modules/.vite/deps/chunk-KVMAXHTM.js?v=c435cca1:7075:13)
    at dispatchEventsForPlugins (http://localhost:5176/node_modules/.vite/deps/chunk-KVMAXHTM.js?v=c435cca1:7083:11)
[  635448ms] ReferenceError: setEditingId is not defined
    at http://localhost:5176/src/components/FreestyleBoard.jsx?t=1789621026170:637:5
    at http://localhost:5176/src/components/FreestyleBoard.jsx?t=1789621026170:847:9
    at HTMLUnknownElement.callCallback2 (http://localhost:5176/node_modules/.vite/deps/chunk-KVMAXHTM.js?v=c435cca1:3680:22)
    at Object.invokeGuardedCallbackDev (http://localhost:5176/node_modules/.vite/deps/chunk-KVMAXHTM.js?v=c435cca1:3705:24)
    at invokeGuardedCallback (http://localhost:5176/node_modules/.vite/deps/chunk-KVMAXHTM.js?v=c435cca1:3739:39)
    at invokeGuardedCallbackAndCatchFirstError (http://localhost:5176/node_modules/.vite/deps/chunk-KVMAXHTM.js?v=c435cca1:3742:33)
    at executeDispatch (http://localhost:5176/node_modules/.vite/deps/chunk-KVMAXHTM.js?v=c435cca1:7046:11)
    at processDispatchQueueItemsInOrder (http://localhost:5176/node_modules/.vite/deps/chunk-KVMAXHTM.js?v=c435cca1:7066:15)
    at processDispatchQueue (http://localhost:5176/node_modules/.vite/deps/chunk-KVMAXHTM.js?v=c435cca1:7075:13)
    at dispatchEventsForPlugins (http://localhost:5176/node_modules/.vite/deps/chunk-KVMAXHTM.js?v=c435cca1:7083:11)
[  635451ms] ReferenceError: setEditingId is not defined
    at http://localhost:5176/src/components/FreestyleBoard.jsx?t=1789621026170:637:5
    at http://localhost:5176/src/components/FreestyleBoard.jsx?t=1789621026170:847:9
    at HTMLUnknownElement.callCallback2 (http://localhost:5176/node_modules/.vite/deps/chunk-KVMAXHTM.js?v=c435cca1:3680:22)
    at Object.invokeGuardedCallbackDev (http://localhost:5176/node_modules/.vite/deps/chunk-KVMAXHTM.js?v=c435cca1:3705:24)
    at invokeGuardedCallback (http://localhost:5176/node_modules/.vite/deps/chunk-KVMAXHTM.js?v=c435cca1:3739:39)
    at invokeGuardedCallbackAndCatchFirstError (http://localhost:5176/node_modules/.vite/deps/chunk-KVMAXHTM.js?v=c435cca1:3742:33)
    at executeDispatch (http://localhost:5176/node_modules/.vite/deps/chunk-KVMAXHTM.js?v=c435cca1:7046:11)
    at processDispatchQueueItemsInOrder (http://localhost:5176/node_modules/.vite/deps/chunk-KVMAXHTM.js?v=c435cca1:7066:15)
    at processDispatchQueue (http://localhost:5176/node_modules/.vite/deps/chunk-KVMAXHTM.js?v=c435cca1:7075:13)
    at dispatchEventsForPlugins (http://localhost:5176/node_modules/.vite/deps/chunk-KVMAXHTM.js?v=c435cca1:7083:11)
[  635456ms] ReferenceError: setEditingId is not defined
    at http://localhost:5176/src/components/FreestyleBoard.jsx?t=1789621026170:637:5
    at http://localhost:5176/src/components/FreestyleBoard.jsx?t=1789621026170:847:9
    at HTMLUnknownElement.callCallback2 (http://localhost:5176/node_modules/.vite/deps/chunk-KVMAXHTM.js?v=c435cca1:3680:22)
    at Object.invokeGuardedCallbackDev (http://localhost:5176/node_modules/.vite/deps/chunk-KVMAXHTM.js?v=c435cca1:3705:24)
    at invokeGuardedCallback (http://localhost:5176/node_modules/.vite/deps/chunk-KVMAXHTM.js?v=c435cca1:3739:39)
    at invokeGuardedCallbackAndCatchFirstError (http://localhost:5176/node_modules/.vite/deps/chunk-KVMAXHTM.js?v=c435cca1:3742:33)
    at executeDispatch (http://localhost:5176/node_modules/.vite/deps/chunk-KVMAXHTM.js?v=c435cca1:7046:11)
    at processDispatchQueueItemsInOrder (http://localhost:5176/node_modules/.vite/deps/chunk-KVMAXHTM.js?v=c435cca1:7066:15)
    at processDispatchQueue (http://localhost:5176/node_modules/.vite/deps/chunk-KVMAXHTM.js?v=c435cca1:7075:13)
    at dispatchEventsForPlugins (http://localhost:5176/node_modules/.vite/deps/chunk-KVMAXHTM.js?v=c435cca1:7083:11)
[  635457ms] ReferenceError: setEditingId is not defined
    at http://localhost:5176/src/components/FreestyleBoard.jsx?t=1789621026170:637:5
    at http://localhost:5176/src/components/FreestyleBoard.jsx?t=1789621026170:847:9
    at HTMLUnknownElement.callCallback2 (http://localhost:5176/node_modules/.vite/deps/chunk-KVMAXHTM.js?v=c435cca1:3680:22)
    at Object.invokeGuardedCallbackDev (http://localhost:5176/node_modules/.vite/deps/chunk-KVMAXHTM.js?v=c435cca1:3705:24)
    at invokeGuardedCallback (http://localhost:5176/node_modules/.vite/deps/chunk-KVMAXHTM.js?v=c435cca1:3739:39)
    at invokeGuardedCallbackAndCatchFirstError (http://localhost:5176/node_modules/.vite/deps/chunk-KVMAXHTM.js?v=c435cca1:3742:33)
    at executeDispatch (http://localhost:5176/node_modules/.vite/deps/chunk-KVMAXHTM.js?v=c435cca1:7046:11)
    at processDispatchQueueItemsInOrder (http://localhost:5176/node_modules/.vite/deps/chunk-KVMAXHTM.js?v=c435cca1:7066:15)
    at processDispatchQueue (http://localhost:5176/node_modules/.vite/deps/chunk-KVMAXHTM.js?v=c435cca1:7075:13)
    at dispatchEventsForPlugins (http://localhost:5176/node_modules/.vite/deps/chunk-KVMAXHTM.js?v=c435cca1:7083:11)
[  635467ms] ReferenceError: setEditingId is not defined
    at http://localhost:5176/src/components/FreestyleBoard.jsx?t=1789621026170:637:5
    at http://localhost:5176/src/components/FreestyleBoard.jsx?t=1789621026170:847:9
    at HTMLUnknownElement.callCallback2 (http://localhost:5176/node_modules/.vite/deps/chunk-KVMAXHTM.js?v=c435cca1:3680:22)
    at Object.invokeGuardedCallbackDev (http://localhost:5176/node_modules/.vite/deps/chunk-KVMAXHTM.js?v=c435cca1:3705:24)
    at invokeGuardedCallback (http://localhost:5176/node_modules/.vite/deps/chunk-KVMAXHTM.js?v=c435cca1:3739:39)
    at invokeGuardedCallbackAndCatchFirstError (http://localhost:5176/node_modules/.vite/deps/chunk-KVMAXHTM.js?v=c435cca1:3742:33)
    at executeDispatch (http://localhost:5176/node_modules/.vite/deps/chunk-KVMAXHTM.js?v=c435cca1:7046:11)
    at processDispatchQueueItemsInOrder (http://localhost:5176/node_modules/.vite/deps/chunk-KVMAXHTM.js?v=c435cca1:7066:15)
    at processDispatchQueue (http://localhost:5176/node_modules/.vite/deps/chunk-KVMAXHTM.js?v=c435cca1:7075:13)
    at dispatchEventsForPlugins (http://localhost:5176/node_modules/.vite/deps/chunk-KVMAXHTM.js?v=c435cca1:7083:11)
[  635467ms] ReferenceError: setEditingId is not defined
    at http://localhost:5176/src/components/FreestyleBoard.jsx?t=1789621026170:637:5
    at http://localhost:5176/src/components/FreestyleBoard.jsx?t=1789621026170:847:9
    at HTMLUnknownElement.callCallback2 (http://localhost:5176/node_modules/.vite/deps/chunk-KVMAXHTM.js?v=c435cca1:3680:22)
    at Object.invokeGuardedCallbackDev (http://localhost:5176/node_modules/.vite/deps/chunk-KVMAXHTM.js?v=c435cca1:3705:24)
    at invokeGuardedCallback (http://localhost:5176/node_modules/.vite/deps/chunk-KVMAXHTM.js?v=c435cca1:3739:39)
    at invokeGuardedCallbackAndCatchFirstError (http://localhost:5176/node_modules/.vite/deps/chunk-KVMAXHTM.js?v=c435cca1:3742:33)
    at executeDispatch (http://localhost:5176/node_modules/.vite/deps/chunk-KVMAXHTM.js?v=c435cca1:7046:11)
    at processDispatchQueueItemsInOrder (http://localhost:5176/node_modules/.vite/deps/chunk-KVMAXHTM.js?v=c435cca1:7066:15)
    at processDispatchQueue (http://localhost:5176/node_modules/.vite/deps/chunk-KVMAXHTM.js?v=c435cca1:7075:13)
    at dispatchEventsForPlugins (http://localhost:5176/node_modules/.vite/deps/chunk-KVMAXHTM.js?v=c435cca1:7083:11)
[  635479ms] ReferenceError: setEditingId is not defined
    at http://localhost:5176/src/components/FreestyleBoard.jsx?t=1789621026170:637:5
    at http://localhost:5176/src/components/FreestyleBoard.jsx?t=1789621026170:847:9
    at HTMLUnknownElement.callCallback2 (http://localhost:5176/node_modules/.vite/deps/chunk-KVMAXHTM.js?v=c435cca1:3680:22)
    at Object.invokeGuardedCallbackDev (http://localhost:5176/node_modules/.vite/deps/chunk-KVMAXHTM.js?v=c435cca1:3705:24)
    at invokeGuardedCallback (http://localhost:5176/node_modules/.vite/deps/chunk-KVMAXHTM.js?v=c435cca1:3739:39)
    at invokeGuardedCallbackAndCatchFirstError (http://localhost:5176/node_modules/.vite/deps/chunk-KVMAXHTM.js?v=c435cca1:3742:33)
    at executeDispatch (http://localhost:5176/node_modules/.vite/deps/chunk-KVMAXHTM.js?v=c435cca1:7046:11)
    at processDispatchQueueItemsInOrder (http://localhost:5176/node_modules/.vite/deps/chunk-KVMAXHTM.js?v=c435cca1:7066:15)
    at processDispatchQueue (http://localhost:5176/node_modules/.vite/deps/chunk-KVMAXHTM.js?v=c435cca1:7075:13)
    at dispatchEventsForPlugins (http://localhost:5176/node_modules/.vite/deps/chunk-KVMAXHTM.js?v=c435cca1:7083:11)
[  635480ms] ReferenceError: setEditingId is not defined
    at http://localhost:5176/src/components/FreestyleBoard.jsx?t=1789621026170:637:5
    at http://localhost:5176/src/components/FreestyleBoard.jsx?t=1789621026170:847:9
    at HTMLUnknownElement.callCallback2 (http://localhost:5176/node_modules/.vite/deps/chunk-KVMAXHTM.js?v=c435cca1:3680:22)
    at Object.invokeGuardedCallbackDev (http://localhost:5176/node_modules/.vite/deps/chunk-KVMAXHTM.js?v=c435cca1:3705:24)
    at invokeGuardedCallback (http://localhost:5176/node_modules/.vite/deps/chunk-KVMAXHTM.js?v=c435cca1:3739:39)
    at invokeGuardedCallbackAndCatchFirstError (http://localhost:5176/node_modules/.vite/deps/chunk-KVMAXHTM.js?v=c435cca1:3742:33)
    at executeDispatch (http://localhost:5176/node_modules/.vite/deps/chunk-KVMAXHTM.js?v=c435cca1:7046:11)
    at processDispatchQueueItemsInOrder (http://localhost:5176/node_modules/.vite/deps/chunk-KVMAXHTM.js?v=c435cca1:7066:15)
    at processDispatchQueue (http://localhost:5176/node_modules/.vite/deps/chunk-KVMAXHTM.js?v=c435cca1:7075:13)
    at dispatchEventsForPlugins (http://localhost:5176/node_modules/.vite/deps/chunk-KVMAXHTM.js?v=c435cca1:7083:11)
[  635488ms] ReferenceError: setEditingId is not defined
    at http://localhost:5176/src/components/FreestyleBoard.jsx?t=1789621026170:637:5
    at http://localhost:5176/src/components/FreestyleBoard.jsx?t=1789621026170:847:9
    at HTMLUnknownElement.callCallback2 (http://localhost:5176/node_modules/.vite/deps/chunk-KVMAXHTM.js?v=c435cca1:3680:22)
    at Object.invokeGuardedCallbackDev (http://localhost:5176/node_modules/.vite/deps/chunk-KVMAXHTM.js?v=c435cca1:3705:24)
    at invokeGuardedCallback (http://localhost:5176/node_modules/.vite/deps/chunk-KVMAXHTM.js?v=c435cca1:3739:39)
    at invokeGuardedCallbackAndCatchFirstError (http://localhost:5176/node_modules/.vite/deps/chunk-KVMAXHTM.js?v=c435cca1:3742:33)
    at executeDispatch (http://localhost:5176/node_modules/.vite/deps/chunk-KVMAXHTM.js?v=c435cca1:7046:11)
    at processDispatchQueueItemsInOrder (http://localhost:5176/node_modules/.vite/deps/chunk-KVMAXHTM.js?v=c435cca1:7066:15)
    at processDispatchQueue (http://localhost:5176/node_modules/.vite/deps/chunk-KVMAXHTM.js?v=c435cca1:7075:13)
    at dispatchEventsForPlugins (http://localhost:5176/node_modules/.vite/deps/chunk-KVMAXHTM.js?v=c435cca1:7083:11)
[  635489ms] ReferenceError: setEditingId is not defined
    at http://localhost:5176/src/components/FreestyleBoard.jsx?t=1789621026170:637:5
    at http://localhost:5176/src/components/FreestyleBoard.jsx?t=1789621026170:847:9
    at HTMLUnknownElement.callCallback2 (http://localhost:5176/node_modules/.vite/deps/chunk-KVMAXHTM.js?v=c435cca1:3680:22)
    at Object.invokeGuardedCallbackDev (http://localhost:5176/node_modules/.vite/deps/chunk-KVMAXHTM.js?v=c435cca1:3705:24)
    at invokeGuardedCallback (http://localhost:5176/node_modules/.vite/deps/chunk-KVMAXHTM.js?v=c435cca1:3739:39)
    at invokeGuardedCallbackAndCatchFirstError (http://localhost:5176/node_modules/.vite/deps/chunk-KVMAXHTM.js?v=c435cca1:3742:33)
    at executeDispatch (http://localhost:5176/node_modules/.vite/deps/chunk-KVMAXHTM.js?v=c435cca1:7046:11)
    at processDispatchQueueItemsInOrder (http://localhost:5176/node_modules/.vite/deps/chunk-KVMAXHTM.js?v=c435cca1:7066:15)
    at processDispatchQueue (http://localhost:5176/node_modules/.vite/deps/chunk-KVMAXHTM.js?v=c435cca1:7075:13)
    at dispatchEventsForPlugins (http://localhost:5176/node_modules/.vite/deps/chunk-KVMAXHTM.js?v=c435cca1:7083:11)
[  635495ms] ReferenceError: setEditingId is not defined
    at http://localhost:5176/src/components/FreestyleBoard.jsx?t=1789621026170:637:5
    at http://localhost:5176/src/components/FreestyleBoard.jsx?t=1789621026170:847:9
    at HTMLUnknownElement.callCallback2 (http://localhost:5176/node_modules/.vite/deps/chunk-KVMAXHTM.js?v=c435cca1:3680:22)
    at Object.invokeGuardedCallbackDev (http://localhost:5176/node_modules/.vite/deps/chunk-KVMAXHTM.js?v=c435cca1:3705:24)
    at invokeGuardedCallback (http://localhost:5176/node_modules/.vite/deps/chunk-KVMAXHTM.js?v=c435cca1:3739:39)
    at invokeGuardedCallbackAndCatchFirstError (http://localhost:5176/node_modules/.vite/deps/chunk-KVMAXHTM.js?v=c435cca1:3742:33)
    at executeDispatch (http://localhost:5176/node_modules/.vite/deps/chunk-KVMAXHTM.js?v=c435cca1:7046:11)
    at processDispatchQueueItemsInOrder (http://localhost:5176/node_modules/.vite/deps/chunk-KVMAXHTM.js?v=c435cca1:7066:15)
    at processDispatchQueue (http://localhost:5176/node_modules/.vite/deps/chunk-KVMAXHTM.js?v=c435cca1:7075:13)
    at dispatchEventsForPlugins (http://localhost:5176/node_modules/.vite/deps/chunk-KVMAXHTM.js?v=c435cca1:7083:11)
[  635495ms] ReferenceError: setEditingId is not defined
    at http://localhost:5176/src/components/FreestyleBoard.jsx?t=1789621026170:637:5
    at http://localhost:5176/src/components/FreestyleBoard.jsx?t=1789621026170:847:9
    at HTMLUnknownElement.callCallback2 (http://localhost:5176/node_modules/.vite/deps/chunk-KVMAXHTM.js?v=c435cca1:3680:22)
    at Object.invokeGuardedCallbackDev (http://localhost:5176/node_modules/.vite/deps/chunk-KVMAXHTM.js?v=c435cca1:3705:24)
    at invokeGuardedCallback (http://localhost:5176/node_modules/.vite/deps/chunk-KVMAXHTM.js?v=c435cca1:3739:39)
    at invokeGuardedCallbackAndCatchFirstError (http://localhost:5176/node_modules/.vite/deps/chunk-KVMAXHTM.js?v=c435cca1:3742:33)
    at executeDispatch (http://localhost:5176/node_modules/.vite/deps/chunk-KVMAXHTM.js?v=c435cca1:7046:11)
    at processDispatchQueueItemsInOrder (http://localhost:5176/node_modules/.vite/deps/chunk-KVMAXHTM.js?v=c435cca1:7066:15)
    at processDispatchQueue (http://localhost:5176/node_modules/.vite/deps/chunk-KVMAXHTM.js?v=c435cca1:7075:13)
    at dispatchEventsForPlugins (http://localhost:5176/node_modules/.vite/deps/chunk-KVMAXHTM.js?v=c435cca1:7083:11)
[  635504ms] ReferenceError: setEditingId is not defined
    at http://localhost:5176/src/components/FreestyleBoard.jsx?t=1789621026170:637:5
    at http://localhost:5176/src/components/FreestyleBoard.jsx?t=1789621026170:847:9
    at HTMLUnknownElement.callCallback2 (http://localhost:5176/node_modules/.vite/deps/chunk-KVMAXHTM.js?v=c435cca1:3680:22)
    at Object.invokeGuardedCallbackDev (http://localhost:5176/node_modules/.vite/deps/chunk-KVMAXHTM.js?v=c435cca1:3705:24)
    at invokeGuardedCallback (http://localhost:5176/node_modules/.vite/deps/chunk-KVMAXHTM.js?v=c435cca1:3739:39)
    at invokeGuardedCallbackAndCatchFirstError (http://localhost:5176/node_modules/.vite/deps/chunk-KVMAXHTM.js?v=c435cca1:3742:33)
    at executeDispatch (http://localhost:5176/node_modules/.vite/deps/chunk-KVMAXHTM.js?v=c435cca1:7046:11)
    at processDispatchQueueItemsInOrder (http://localhost:5176/node_modules/.vite/deps/chunk-KVMAXHTM.js?v=c435cca1:7066:15)
    at processDispatchQueue (http://localhost:5176/node_modules/.vite/deps/chunk-KVMAXHTM.js?v=c435cca1:7075:13)
    at dispatchEventsForPlugins (http://localhost:5176/node_modules/.vite/deps/chunk-KVMAXHTM.js?v=c435cca1:7083:11)
[  635505ms] ReferenceError: setEditingId is not defined
    at http://localhost:5176/src/components/FreestyleBoard.jsx?t=1789621026170:637:5
    at http://localhost:5176/src/components/FreestyleBoard.jsx?t=1789621026170:847:9
    at HTMLUnknownElement.callCallback2 (http://localhost:5176/node_modules/.vite/deps/chunk-KVMAXHTM.js?v=c435cca1:3680:22)
    at Object.invokeGuardedCallbackDev (http://localhost:5176/node_modules/.vite/deps/chunk-KVMAXHTM.js?v=c435cca1:3705:24)
    at invokeGuardedCallback (http://localhost:5176/node_modules/.vite/deps/chunk-KVMAXHTM.js?v=c435cca1:3739:39)
    at invokeGuardedCallbackAndCatchFirstError (http://localhost:5176/node_modules/.vite/deps/chunk-KVMAXHTM.js?v=c435cca1:3742:33)
    at executeDispatch (http://localhost:5176/node_modules/.vite/deps/chunk-KVMAXHTM.js?v=c435cca1:7046:11)
    at processDispatchQueueItemsInOrder (http://localhost:5176/node_modules/.vite/deps/chunk-KVMAXHTM.js?v=c435cca1:7066:15)
    at processDispatchQueue (http://localhost:5176/node_modules/.vite/deps/chunk-KVMAXHTM.js?v=c435cca1:7075:13)
    at dispatchEventsForPlugins (http://localhost:5176/node_modules/.vite/deps/chunk-KVMAXHTM.js?v=c435cca1:7083:11)
[  635512ms] ReferenceError: setEditingId is not defined
    at http://localhost:5176/src/components/FreestyleBoard.jsx?t=1789621026170:637:5
    at http://localhost:5176/src/components/FreestyleBoard.jsx?t=1789621026170:847:9
    at HTMLUnknownElement.callCallback2 (http://localhost:5176/node_modules/.vite/deps/chunk-KVMAXHTM.js?v=c435cca1:3680:22)
    at Object.invokeGuardedCallbackDev (http://localhost:5176/node_modules/.vite/deps/chunk-KVMAXHTM.js?v=c435cca1:3705:24)
    at invokeGuardedCallback (http://localhost:5176/node_modules/.vite/deps/chunk-KVMAXHTM.js?v=c435cca1:3739:39)
    at invokeGuardedCallbackAndCatchFirstError (http://localhost:5176/node_modules/.vite/deps/chunk-KVMAXHTM.js?v=c435cca1:3742:33)
    at executeDispatch (http://localhost:5176/node_modules/.vite/deps/chunk-KVMAXHTM.js?v=c435cca1:7046:11)
    at processDispatchQueueItemsInOrder (http://localhost:5176/node_modules/.vite/deps/chunk-KVMAXHTM.js?v=c435cca1:7066:15)
    at processDispatchQueue (http://localhost:5176/node_modules/.vite/deps/chunk-KVMAXHTM.js?v=c435cca1:7075:13)
    at dispatchEventsForPlugins (http://localhost:5176/node_modules/.vite/deps/chunk-KVMAXHTM.js?v=c435cca1:7083:11)
[  635513ms] ReferenceError: setEditingId is not defined
    at http://localhost:5176/src/components/FreestyleBoard.jsx?t=1789621026170:637:5
    at http://localhost:5176/src/components/FreestyleBoard.jsx?t=1789621026170:847:9
    at HTMLUnknownElement.callCallback2 (http://localhost:5176/node_modules/.vite/deps/chunk-KVMAXHTM.js?v=c435cca1:3680:22)
    at Object.invokeGuardedCallbackDev (http://localhost:5176/node_modules/.vite/deps/chunk-KVMAXHTM.js?v=c435cca1:3705:24)
    at invokeGuardedCallback (http://localhost:5176/node_modules/.vite/deps/chunk-KVMAXHTM.js?v=c435cca1:3739:39)
    at invokeGuardedCallbackAndCatchFirstError (http://localhost:5176/node_modules/.vite/deps/chunk-KVMAXHTM.js?v=c435cca1:3742:33)
    at executeDispatch (http://localhost:5176/node_modules/.vite/deps/chunk-KVMAXHTM.js?v=c435cca1:7046:11)
    at processDispatchQueueItemsInOrder (http://localhost:5176/node_modules/.vite/deps/chunk-KVMAXHTM.js?v=c435cca1:7066:15)
    at processDispatchQueue (http://localhost:5176/node_modules/.vite/deps/chunk-KVMAXHTM.js?v=c435cca1:7075:13)
    at dispatchEventsForPlugins (http://localhost:5176/node_modules/.vite/deps/chunk-KVMAXHTM.js?v=c435cca1:7083:11)
[  635521ms] ReferenceError: setEditingId is not defined
    at http://localhost:5176/src/components/FreestyleBoard.jsx?t=1789621026170:637:5
    at http://localhost:5176/src/components/FreestyleBoard.jsx?t=1789621026170:847:9
    at HTMLUnknownElement.callCallback2 (http://localhost:5176/node_modules/.vite/deps/chunk-KVMAXHTM.js?v=c435cca1:3680:22)
    at Object.invokeGuardedCallbackDev (http://localhost:5176/node_modules/.vite/deps/chunk-KVMAXHTM.js?v=c435cca1:3705:24)
    at invokeGuardedCallback (http://localhost:5176/node_modules/.vite/deps/chunk-KVMAXHTM.js?v=c435cca1:3739:39)
    at invokeGuardedCallbackAndCatchFirstError (http://localhost:5176/node_modules/.vite/deps/chunk-KVMAXHTM.js?v=c435cca1:3742:33)
    at executeDispatch (http://localhost:5176/node_modules/.vite/deps/chunk-KVMAXHTM.js?v=c435cca1:7046:11)
    at processDispatchQueueItemsInOrder (http://localhost:5176/node_modules/.vite/deps/chunk-KVMAXHTM.js?v=c435cca1:7066:15)
    at processDispatchQueue (http://localhost:5176/node_modules/.vite/deps/chunk-KVMAXHTM.js?v=c435cca1:7075:13)
    at dispatchEventsForPlugins (http://localhost:5176/node_modules/.vite/deps/chunk-KVMAXHTM.js?v=c435cca1:7083:11)
[  635522ms] ReferenceError: setEditingId is not defined
    at http://localhost:5176/src/components/FreestyleBoard.jsx?t=1789621026170:637:5
    at http://localhost:5176/src/components/FreestyleBoard.jsx?t=1789621026170:847:9
    at HTMLUnknownElement.callCallback2 (http://localhost:5176/node_modules/.vite/deps/chunk-KVMAXHTM.js?v=c435cca1:3680:22)
    at Object.invokeGuardedCallbackDev (http://localhost:5176/node_modules/.vite/deps/chunk-KVMAXHTM.js?v=c435cca1:3705:24)
    at invokeGuardedCallback (http://localhost:5176/node_modules/.vite/deps/chunk-KVMAXHTM.js?v=c435cca1:3739:39)
    at invokeGuardedCallbackAndCatchFirstError (http://localhost:5176/node_modules/.vite/deps/chunk-KVMAXHTM.js?v=c435cca1:3742:33)
    at executeDispatch (http://localhost:5176/node_modules/.vite/deps/chunk-KVMAXHTM.js?v=c435cca1:7046:11)
    at processDispatchQueueItemsInOrder (http://localhost:5176/node_modules/.vite/deps/chunk-KVMAXHTM.js?v=c435cca1:7066:15)
    at processDispatchQueue (http://localhost:5176/node_modules/.vite/deps/chunk-KVMAXHTM.js?v=c435cca1:7075:13)
    at dispatchEventsForPlugins (http://localhost:5176/node_modules/.vite/deps/chunk-KVMAXHTM.js?v=c435cca1:7083:11)
[  635532ms] ReferenceError: setEditingId is not defined
    at http://localhost:5176/src/components/FreestyleBoard.jsx?t=1789621026170:637:5
    at http://localhost:5176/src/components/FreestyleBoard.jsx?t=1789621026170:847:9
    at HTMLUnknownElement.callCallback2 (http://localhost:5176/node_modules/.vite/deps/chunk-KVMAXHTM.js?v=c435cca1:3680:22)
    at Object.invokeGuardedCallbackDev (http://localhost:5176/node_modules/.vite/deps/chunk-KVMAXHTM.js?v=c435cca1:3705:24)
    at invokeGuardedCallback (http://localhost:5176/node_modules/.vite/deps/chunk-KVMAXHTM.js?v=c435cca1:3739:39)
    at invokeGuardedCallbackAndCatchFirstError (http://localhost:5176/node_modules/.vite/deps/chunk-KVMAXHTM.js?v=c435cca1:3742:33)
    at executeDispatch (http://localhost:5176/node_modules/.vite/deps/chunk-KVMAXHTM.js?v=c435cca1:7046:11)
    at processDispatchQueueItemsInOrder (http://localhost:5176/node_modules/.vite/deps/chunk-KVMAXHTM.js?v=c435cca1:7066:15)
    at processDispatchQueue (http://localhost:5176/node_modules/.vite/deps/chunk-KVMAXHTM.js?v=c435cca1:7075:13)
    at dispatchEventsForPlugins (http://localhost:5176/node_modules/.vite/deps/chunk-KVMAXHTM.js?v=c435cca1:7083:11)
[  635532ms] ReferenceError: setEditingId is not defined
    at http://localhost:5176/src/components/FreestyleBoard.jsx?t=1789621026170:637:5
    at http://localhost:5176/src/components/FreestyleBoard.jsx?t=1789621026170:847:9
    at HTMLUnknownElement.callCallback2 (http://localhost:5176/node_modules/.vite/deps/chunk-KVMAXHTM.js?v=c435cca1:3680:22)
    at Object.invokeGuardedCallbackDev (http://localhost:5176/node_modules/.vite/deps/chunk-KVMAXHTM.js?v=c435cca1:3705:24)
    at invokeGuardedCallback (http://localhost:5176/node_modules/.vite/deps/chunk-KVMAXHTM.js?v=c435cca1:3739:39)
    at invokeGuardedCallbackAndCatchFirstError (http://localhost:5176/node_modules/.vite/deps/chunk-KVMAXHTM.js?v=c435cca1:3742:33)
    at executeDispatch (http://localhost:5176/node_modules/.vite/deps/chunk-KVMAXHTM.js?v=c435cca1:7046:11)
    at processDispatchQueueItemsInOrder (http://localhost:5176/node_modules/.vite/deps/chunk-KVMAXHTM.js?v=c435cca1:7066:15)
    at processDispatchQueue (http://localhost:5176/node_modules/.vite/deps/chunk-KVMAXHTM.js?v=c435cca1:7075:13)
    at dispatchEventsForPlugins (http://localhost:5176/node_modules/.vite/deps/chunk-KVMAXHTM.js?v=c435cca1:7083:11)
[  635541ms] ReferenceError: setEditingId is not defined
    at http://localhost:5176/src/components/FreestyleBoard.jsx?t=1789621026170:637:5
    at http://localhost:5176/src/components/FreestyleBoard.jsx?t=1789621026170:847:9
    at HTMLUnknownElement.callCallback2 (http://localhost:5176/node_modules/.vite/deps/chunk-KVMAXHTM.js?v=c435cca1:3680:22)
    at Object.invokeGuardedCallbackDev (http://localhost:5176/node_modules/.vite/deps/chunk-KVMAXHTM.js?v=c435cca1:3705:24)
    at invokeGuardedCallback (http://localhost:5176/node_modules/.vite/deps/chunk-KVMAXHTM.js?v=c435cca1:3739:39)
    at invokeGuardedCallbackAndCatchFirstError (http://localhost:5176/node_modules/.vite/deps/chunk-KVMAXHTM.js?v=c435cca1:3742:33)
    at executeDispatch (http://localhost:5176/node_modules/.vite/deps/chunk-KVMAXHTM.js?v=c435cca1:7046:11)
    at processDispatchQueueItemsInOrder (http://localhost:5176/node_modules/.vite/deps/chunk-KVMAXHTM.js?v=c435cca1:7066:15)
    at processDispatchQueue (http://localhost:5176/node_modules/.vite/deps/chunk-KVMAXHTM.js?v=c435cca1:7075:13)
    at dispatchEventsForPlugins (http://localhost:5176/node_modules/.vite/deps/chunk-KVMAXHTM.js?v=c435cca1:7083:11)
[  635543ms] ReferenceError: setEditingId is not defined
    at http://localhost:5176/src/components/FreestyleBoard.jsx?t=1789621026170:637:5
    at http://localhost:5176/src/components/FreestyleBoard.jsx?t=1789621026170:847:9
    at HTMLUnknownElement.callCallback2 (http://localhost:5176/node_modules/.vite/deps/chunk-KVMAXHTM.js?v=c435cca1:3680:22)
    at Object.invokeGuardedCallbackDev (http://localhost:5176/node_modules/.vite/deps/chunk-KVMAXHTM.js?v=c435cca1:3705:24)
    at invokeGuardedCallback (http://localhost:5176/node_modules/.vite/deps/chunk-KVMAXHTM.js?v=c435cca1:3739:39)
    at invokeGuardedCallbackAndCatchFirstError (http://localhost:5176/node_modules/.vite/deps/chunk-KVMAXHTM.js?v=c435cca1:3742:33)
    at executeDispatch (http://localhost:5176/node_modules/.vite/deps/chunk-KVMAXHTM.js?v=c435cca1:7046:11)
    at processDispatchQueueItemsInOrder (http://localhost:5176/node_modules/.vite/deps/chunk-KVMAXHTM.js?v=c435cca1:7066:15)
    at processDispatchQueue (http://localhost:5176/node_modules/.vite/deps/chunk-KVMAXHTM.js?v=c435cca1:7075:13)
    at dispatchEventsForPlugins (http://localhost:5176/node_modules/.vite/deps/chunk-KVMAXHTM.js?v=c435cca1:7083:11)
[  635546ms] ReferenceError: setEditingId is not defined
    at http://localhost:5176/src/components/FreestyleBoard.jsx?t=1789621026170:637:5
    at http://localhost:5176/src/components/FreestyleBoard.jsx?t=1789621026170:847:9
    at HTMLUnknownElement.callCallback2 (http://localhost:5176/node_modules/.vite/deps/chunk-KVMAXHTM.js?v=c435cca1:3680:22)
    at Object.invokeGuardedCallbackDev (http://localhost:5176/node_modules/.vite/deps/chunk-KVMAXHTM.js?v=c435cca1:3705:24)
    at invokeGuardedCallback (http://localhost:5176/node_modules/.vite/deps/chunk-KVMAXHTM.js?v=c435cca1:3739:39)
    at invokeGuardedCallbackAndCatchFirstError (http://localhost:5176/node_modules/.vite/deps/chunk-KVMAXHTM.js?v=c435cca1:3742:33)
    at executeDispatch (http://localhost:5176/node_modules/.vite/deps/chunk-KVMAXHTM.js?v=c435cca1:7046:11)
    at processDispatchQueueItemsInOrder (http://localhost:5176/node_modules/.vite/deps/chunk-KVMAXHTM.js?v=c435cca1:7066:15)
    at processDispatchQueue (http://localhost:5176/node_modules/.vite/deps/chunk-KVMAXHTM.js?v=c435cca1:7075:13)
    at dispatchEventsForPlugins (http://localhost:5176/node_modules/.vite/deps/chunk-KVMAXHTM.js?v=c435cca1:7083:11)
[  635547ms] ReferenceError: setEditingId is not defined
    at http://localhost:5176/src/components/FreestyleBoard.jsx?t=1789621026170:637:5
    at http://localhost:5176/src/components/FreestyleBoard.jsx?t=1789621026170:847:9
    at HTMLUnknownElement.callCallback2 (http://localhost:5176/node_modules/.vite/deps/chunk-KVMAXHTM.js?v=c435cca1:3680:22)
    at Object.invokeGuardedCallbackDev (http://localhost:5176/node_modules/.vite/deps/chunk-KVMAXHTM.js?v=c435cca1:3705:24)
    at invokeGuardedCallback (http://localhost:5176/node_modules/.vite/deps/chunk-KVMAXHTM.js?v=c435cca1:3739:39)
    at invokeGuardedCallbackAndCatchFirstError (http://localhost:5176/node_modules/.vite/deps/chunk-KVMAXHTM.js?v=c435cca1:3742:33)
    at executeDispatch (http://localhost:5176/node_modules/.vite/deps/chunk-KVMAXHTM.js?v=c435cca1:7046:11)
    at processDispatchQueueItemsInOrder (http://localhost:5176/node_modules/.vite/deps/chunk-KVMAXHTM.js?v=c435cca1:7066:15)
    at processDispatchQueue (http://localhost:5176/node_modules/.vite/deps/chunk-KVMAXHTM.js?v=c435cca1:7075:13)
    at dispatchEventsForPlugins (http://localhost:5176/node_modules/.vite/deps/chunk-KVMAXHTM.js?v=c435cca1:7083:11)
[  635560ms] ReferenceError: setEditingId is not defined
    at http://localhost:5176/src/components/FreestyleBoard.jsx?t=1789621026170:637:5
    at http://localhost:5176/src/components/FreestyleBoard.jsx?t=1789621026170:847:9
    at HTMLUnknownElement.callCallback2 (http://localhost:5176/node_modules/.vite/deps/chunk-KVMAXHTM.js?v=c435cca1:3680:22)
    at Object.invokeGuardedCallbackDev (http://localhost:5176/node_modules/.vite/deps/chunk-KVMAXHTM.js?v=c435cca1:3705:24)
    at invokeGuardedCallback (http://localhost:5176/node_modules/.vite/deps/chunk-KVMAXHTM.js?v=c435cca1:3739:39)
    at invokeGuardedCallbackAndCatchFirstError (http://localhost:5176/node_modules/.vite/deps/chunk-KVMAXHTM.js?v=c435cca1:3742:33)
    at executeDispatch (http://localhost:5176/node_modules/.vite/deps/chunk-KVMAXHTM.js?v=c435cca1:7046:11)
    at processDispatchQueueItemsInOrder (http://localhost:5176/node_modules/.vite/deps/chunk-KVMAXHTM.js?v=c435cca1:7066:15)
    at processDispatchQueue (http://localhost:5176/node_modules/.vite/deps/chunk-KVMAXHTM.js?v=c435cca1:7075:13)
    at dispatchEventsForPlugins (http://localhost:5176/node_modules/.vite/deps/chunk-KVMAXHTM.js?v=c435cca1:7083:11)
[  635561ms] ReferenceError: setEditingId is not defined
    at http://localhost:5176/src/components/FreestyleBoard.jsx?t=1789621026170:637:5
    at http://localhost:5176/src/components/FreestyleBoard.jsx?t=1789621026170:847:9
    at HTMLUnknownElement.callCallback2 (http://localhost:5176/node_modules/.vite/deps/chunk-KVMAXHTM.js?v=c435cca1:3680:22)
    at Object.invokeGuardedCallbackDev (http://localhost:5176/node_modules/.vite/deps/chunk-KVMAXHTM.js?v=c435cca1:3705:24)
    at invokeGuardedCallback (http://localhost:5176/node_modules/.vite/deps/chunk-KVMAXHTM.js?v=c435cca1:3739:39)
    at invokeGuardedCallbackAndCatchFirstError (http://localhost:5176/node_modules/.vite/deps/chunk-KVMAXHTM.js?v=c435cca1:3742:33)
    at executeDispatch (http://localhost:5176/node_modules/.vite/deps/chunk-KVMAXHTM.js?v=c435cca1:7046:11)
    at processDispatchQueueItemsInOrder (http://localhost:5176/node_modules/.vite/deps/chunk-KVMAXHTM.js?v=c435cca1:7066:15)
    at processDispatchQueue (http://localhost:5176/node_modules/.vite/deps/chunk-KVMAXHTM.js?v=c435cca1:7075:13)
    at dispatchEventsForPlugins (http://localhost:5176/node_modules/.vite/deps/chunk-KVMAXHTM.js?v=c435cca1:7083:11)
[  635567ms] ReferenceError: setEditingId is not defined
    at http://localhost:5176/src/components/FreestyleBoard.jsx?t=1789621026170:637:5
    at http://localhost:5176/src/components/FreestyleBoard.jsx?t=1789621026170:847:9
    at HTMLUnknownElement.callCallback2 (http://localhost:5176/node_modules/.vite/deps/chunk-KVMAXHTM.js?v=c435cca1:3680:22)
    at Object.invokeGuardedCallbackDev (http://localhost:5176/node_modules/.vite/deps/chunk-KVMAXHTM.js?v=c435cca1:3705:24)
    at invokeGuardedCallback (http://localhost:5176/node_modules/.vite/deps/chunk-KVMAXHTM.js?v=c435cca1:3739:39)
    at invokeGuardedCallbackAndCatchFirstError (http://localhost:5176/node_modules/.vite/deps/chunk-KVMAXHTM.js?v=c435cca1:3742:33)
    at executeDispatch (http://localhost:5176/node_modules/.vite/deps/chunk-KVMAXHTM.js?v=c435cca1:7046:11)
    at processDispatchQueueItemsInOrder (http://localhost:5176/node_modules/.vite/deps/chunk-KVMAXHTM.js?v=c435cca1:7066:15)
    at processDispatchQueue (http://localhost:5176/node_modules/.vite/deps/chunk-KVMAXHTM.js?v=c435cca1:7075:13)
    at dispatchEventsForPlugins (http://localhost:5176/node_modules/.vite/deps/chunk-KVMAXHTM.js?v=c435cca1:7083:11)
[  635567ms] ReferenceError: setEditingId is not defined
    at http://localhost:5176/src/components/FreestyleBoard.jsx?t=1789621026170:637:5
    at http://localhost:5176/src/components/FreestyleBoard.jsx?t=1789621026170:847:9
    at HTMLUnknownElement.callCallback2 (http://localhost:5176/node_modules/.vite/deps/chunk-KVMAXHTM.js?v=c435cca1:3680:22)
    at Object.invokeGuardedCallbackDev (http://localhost:5176/node_modules/.vite/deps/chunk-KVMAXHTM.js?v=c435cca1:3705:24)
    at invokeGuardedCallback (http://localhost:5176/node_modules/.vite/deps/chunk-KVMAXHTM.js?v=c435cca1:3739:39)
    at invokeGuardedCallbackAndCatchFirstError (http://localhost:5176/node_modules/.vite/deps/chunk-KVMAXHTM.js?v=c435cca1:3742:33)
    at executeDispatch (http://localhost:5176/node_modules/.vite/deps/chunk-KVMAXHTM.js?v=c435cca1:7046:11)
    at processDispatchQueueItemsInOrder (http://localhost:5176/node_modules/.vite/deps/chunk-KVMAXHTM.js?v=c435cca1:7066:15)
    at processDispatchQueue (http://localhost:5176/node_modules/.vite/deps/chunk-KVMAXHTM.js?v=c435cca1:7075:13)
    at dispatchEventsForPlugins (http://localhost:5176/node_modules/.vite/deps/chunk-KVMAXHTM.js?v=c435cca1:7083:11)
[  635575ms] ReferenceError: setEditingId is not defined
    at http://localhost:5176/src/components/FreestyleBoard.jsx?t=1789621026170:637:5
    at http://localhost:5176/src/components/FreestyleBoard.jsx?t=1789621026170:847:9
    at HTMLUnknownElement.callCallback2 (http://localhost:5176/node_modules/.vite/deps/chunk-KVMAXHTM.js?v=c435cca1:3680:22)
    at Object.invokeGuardedCallbackDev (http://localhost:5176/node_modules/.vite/deps/chunk-KVMAXHTM.js?v=c435cca1:3705:24)
    at invokeGuardedCallback (http://localhost:5176/node_modules/.vite/deps/chunk-KVMAXHTM.js?v=c435cca1:3739:39)
    at invokeGuardedCallbackAndCatchFirstError (http://localhost:5176/node_modules/.vite/deps/chunk-KVMAXHTM.js?v=c435cca1:3742:33)
    at executeDispatch (http://localhost:5176/node_modules/.vite/deps/chunk-KVMAXHTM.js?v=c435cca1:7046:11)
    at processDispatchQueueItemsInOrder (http://localhost:5176/node_modules/.vite/deps/chunk-KVMAXHTM.js?v=c435cca1:7066:15)
    at processDispatchQueue (http://localhost:5176/node_modules/.vite/deps/chunk-KVMAXHTM.js?v=c435cca1:7075:13)
    at dispatchEventsForPlugins (http://localhost:5176/node_modules/.vite/deps/chunk-KVMAXHTM.js?v=c435cca1:7083:11)
[  635576ms] ReferenceError: setEditingId is not defined
    at http://localhost:5176/src/components/FreestyleBoard.jsx?t=1789621026170:637:5
    at http://localhost:5176/src/components/FreestyleBoard.jsx?t=1789621026170:847:9
    at HTMLUnknownElement.callCallback2 (http://localhost:5176/node_modules/.vite/deps/chunk-KVMAXHTM.js?v=c435cca1:3680:22)
    at Object.invokeGuardedCallbackDev (http://localhost:5176/node_modules/.vite/deps/chunk-KVMAXHTM.js?v=c435cca1:3705:24)
    at invokeGuardedCallback (http://localhost:5176/node_modules/.vite/deps/chunk-KVMAXHTM.js?v=c435cca1:3739:39)
    at invokeGuardedCallbackAndCatchFirstError (http://localhost:5176/node_modules/.vite/deps/chunk-KVMAXHTM.js?v=c435cca1:3742:33)
    at executeDispatch (http://localhost:5176/node_modules/.vite/deps/chunk-KVMAXHTM.js?v=c435cca1:7046:11)
    at processDispatchQueueItemsInOrder (http://localhost:5176/node_modules/.vite/deps/chunk-KVMAXHTM.js?v=c435cca1:7066:15)
    at processDispatchQueue (http://localhost:5176/node_modules/.vite/deps/chunk-KVMAXHTM.js?v=c435cca1:7075:13)
    at dispatchEventsForPlugins (http://localhost:5176/node_modules/.vite/deps/chunk-KVMAXHTM.js?v=c435cca1:7083:11)
[  635586ms] ReferenceError: setEditingId is not defined
    at http://localhost:5176/src/components/FreestyleBoard.jsx?t=1789621026170:637:5
    at http://localhost:5176/src/components/FreestyleBoard.jsx?t=1789621026170:847:9
    at HTMLUnknownElement.callCallback2 (http://localhost:5176/node_modules/.vite/deps/chunk-KVMAXHTM.js?v=c435cca1:3680:22)
    at Object.invokeGuardedCallbackDev (http://localhost:5176/node_modules/.vite/deps/chunk-KVMAXHTM.js?v=c435cca1:3705:24)
    at invokeGuardedCallback (http://localhost:5176/node_modules/.vite/deps/chunk-KVMAXHTM.js?v=c435cca1:3739:39)
    at invokeGuardedCallbackAndCatchFirstError (http://localhost:5176/node_modules/.vite/deps/chunk-KVMAXHTM.js?v=c435cca1:3742:33)
    at executeDispatch (http://localhost:5176/node_modules/.vite/deps/chunk-KVMAXHTM.js?v=c435cca1:7046:11)
    at processDispatchQueueItemsInOrder (http://localhost:5176/node_modules/.vite/deps/chunk-KVMAXHTM.js?v=c435cca1:7066:15)
    at processDispatchQueue (http://localhost:5176/node_modules/.vite/deps/chunk-KVMAXHTM.js?v=c435cca1:7075:13)
    at dispatchEventsForPlugins (http://localhost:5176/node_modules/.vite/deps/chunk-KVMAXHTM.js?v=c435cca1:7083:11)
[  635586ms] ReferenceError: setEditingId is not defined
    at http://localhost:5176/src/components/FreestyleBoard.jsx?t=1789621026170:637:5
    at http://localhost:5176/src/components/FreestyleBoard.jsx?t=1789621026170:847:9
    at HTMLUnknownElement.callCallback2 (http://localhost:5176/node_modules/.vite/deps/chunk-KVMAXHTM.js?v=c435cca1:3680:22)
    at Object.invokeGuardedCallbackDev (http://localhost:5176/node_modules/.vite/deps/chunk-KVMAXHTM.js?v=c435cca1:3705:24)
    at invokeGuardedCallback (http://localhost:5176/node_modules/.vite/deps/chunk-KVMAXHTM.js?v=c435cca1:3739:39)
    at invokeGuardedCallbackAndCatchFirstError (http://localhost:5176/node_modules/.vite/deps/chunk-KVMAXHTM.js?v=c435cca1:3742:33)
    at executeDispatch (http://localhost:5176/node_modules/.vite/deps/chunk-KVMAXHTM.js?v=c435cca1:7046:11)
    at processDispatchQueueItemsInOrder (http://localhost:5176/node_modules/.vite/deps/chunk-KVMAXHTM.js?v=c435cca1:7066:15)
    at processDispatchQueue (http://localhost:5176/node_modules/.vite/deps/chunk-KVMAXHTM.js?v=c435cca1:7075:13)
    at dispatchEventsForPlugins (http://localhost:5176/node_modules/.vite/deps/chunk-KVMAXHTM.js?v=c435cca1:7083:11)
[  635600ms] ReferenceError: setEditingId is not defined
    at http://localhost:5176/src/components/FreestyleBoard.jsx?t=1789621026170:637:5
    at http://localhost:5176/src/components/FreestyleBoard.jsx?t=1789621026170:847:9
    at HTMLUnknownElement.callCallback2 (http://localhost:5176/node_modules/.vite/deps/chunk-KVMAXHTM.js?v=c435cca1:3680:22)
    at Object.invokeGuardedCallbackDev (http://localhost:5176/node_modules/.vite/deps/chunk-KVMAXHTM.js?v=c435cca1:3705:24)
    at invokeGuardedCallback (http://localhost:5176/node_modules/.vite/deps/chunk-KVMAXHTM.js?v=c435cca1:3739:39)
    at invokeGuardedCallbackAndCatchFirstError (http://localhost:5176/node_modules/.vite/deps/chunk-KVMAXHTM.js?v=c435cca1:3742:33)
    at executeDispatch (http://localhost:5176/node_modules/.vite/deps/chunk-KVMAXHTM.js?v=c435cca1:7046:11)
    at processDispatchQueueItemsInOrder (http://localhost:5176/node_modules/.vite/deps/chunk-KVMAXHTM.js?v=c435cca1:7066:15)
    at processDispatchQueue (http://localhost:5176/node_modules/.vite/deps/chunk-KVMAXHTM.js?v=c435cca1:7075:13)
    at dispatchEventsForPlugins (http://localhost:5176/node_modules/.vite/deps/chunk-KVMAXHTM.js?v=c435cca1:7083:11)
[  635600ms] ReferenceError: setEditingId is not defined
    at http://localhost:5176/src/components/FreestyleBoard.jsx?t=1789621026170:637:5
    at http://localhost:5176/src/components/FreestyleBoard.jsx?t=1789621026170:847:9
    at HTMLUnknownElement.callCallback2 (http://localhost:5176/node_modules/.vite/deps/chunk-KVMAXHTM.js?v=c435cca1:3680:22)
    at Object.invokeGuardedCallbackDev (http://localhost:5176/node_modules/.vite/deps/chunk-KVMAXHTM.js?v=c435cca1:3705:24)
    at invokeGuardedCallback (http://localhost:5176/node_modules/.vite/deps/chunk-KVMAXHTM.js?v=c435cca1:3739:39)
    at invokeGuardedCallbackAndCatchFirstError (http://localhost:5176/node_modules/.vite/deps/chunk-KVMAXHTM.js?v=c435cca1:3742:33)
    at executeDispatch (http://localhost:5176/node_modules/.vite/deps/chunk-KVMAXHTM.js?v=c435cca1:7046:11)
    at processDispatchQueueItemsInOrder (http://localhost:5176/node_modules/.vite/deps/chunk-KVMAXHTM.js?v=c435cca1:7066:15)
    at processDispatchQueue (http://localhost:5176/node_modules/.vite/deps/chunk-KVMAXHTM.js?v=c435cca1:7075:13)
    at dispatchEventsForPlugins (http://localhost:5176/node_modules/.vite/deps/chunk-KVMAXHTM.js?v=c435cca1:7083:11)
[  635608ms] ReferenceError: setEditingId is not defined
    at http://localhost:5176/src/components/FreestyleBoard.jsx?t=1789621026170:637:5
    at http://localhost:5176/src/components/FreestyleBoard.jsx?t=1789621026170:847:9
    at HTMLUnknownElement.callCallback2 (http://localhost:5176/node_modules/.vite/deps/chunk-KVMAXHTM.js?v=c435cca1:3680:22)
    at Object.invokeGuardedCallbackDev (http://localhost:5176/node_modules/.vite/deps/chunk-KVMAXHTM.js?v=c435cca1:3705:24)
    at invokeGuardedCallback (http://localhost:5176/node_modules/.vite/deps/chunk-KVMAXHTM.js?v=c435cca1:3739:39)
    at invokeGuardedCallbackAndCatchFirstError (http://localhost:5176/node_modules/.vite/deps/chunk-KVMAXHTM.js?v=c435cca1:3742:33)
    at executeDispatch (http://localhost:5176/node_modules/.vite/deps/chunk-KVMAXHTM.js?v=c435cca1:7046:11)
    at processDispatchQueueItemsInOrder (http://localhost:5176/node_modules/.vite/deps/chunk-KVMAXHTM.js?v=c435cca1:7066:15)
    at processDispatchQueue (http://localhost:5176/node_modules/.vite/deps/chunk-KVMAXHTM.js?v=c435cca1:7075:13)
    at dispatchEventsForPlugins (http://localhost:5176/node_modules/.vite/deps/chunk-KVMAXHTM.js?v=c435cca1:7083:11)
[  635608ms] ReferenceError: setEditingId is not defined
    at http://localhost:5176/src/components/FreestyleBoard.jsx?t=1789621026170:637:5
    at http://localhost:5176/src/components/FreestyleBoard.jsx?t=1789621026170:847:9
    at HTMLUnknownElement.callCallback2 (http://localhost:5176/node_modules/.vite/deps/chunk-KVMAXHTM.js?v=c435cca1:3680:22)
    at Object.invokeGuardedCallbackDev (http://localhost:5176/node_modules/.vite/deps/chunk-KVMAXHTM.js?v=c435cca1:3705:24)
    at invokeGuardedCallback (http://localhost:5176/node_modules/.vite/deps/chunk-KVMAXHTM.js?v=c435cca1:3739:39)
    at invokeGuardedCallbackAndCatchFirstError (http://localhost:5176/node_modules/.vite/deps/chunk-KVMAXHTM.js?v=c435cca1:3742:33)
    at executeDispatch (http://localhost:5176/node_modules/.vite/deps/chunk-KVMAXHTM.js?v=c435cca1:7046:11)
    at processDispatchQueueItemsInOrder (http://localhost:5176/node_modules/.vite/deps/chunk-KVMAXHTM.js?v=c435cca1:7066:15)
    at processDispatchQueue (http://localhost:5176/node_modules/.vite/deps/chunk-KVMAXHTM.js?v=c435cca1:7075:13)
    at dispatchEventsForPlugins (http://localhost:5176/node_modules/.vite/deps/chunk-KVMAXHTM.js?v=c435cca1:7083:11)
[  635628ms] ReferenceError: setEditingId is not defined
    at http://localhost:5176/src/components/FreestyleBoard.jsx?t=1789621026170:637:5
    at http://localhost:5176/src/components/FreestyleBoard.jsx?t=1789621026170:847:9
    at HTMLUnknownElement.callCallback2 (http://localhost:5176/node_modules/.vite/deps/chunk-KVMAXHTM.js?v=c435cca1:3680:22)
    at Object.invokeGuardedCallbackDev (http://localhost:5176/node_modules/.vite/deps/chunk-KVMAXHTM.js?v=c435cca1:3705:24)
    at invokeGuardedCallback (http://localhost:5176/node_modules/.vite/deps/chunk-KVMAXHTM.js?v=c435cca1:3739:39)
    at invokeGuardedCallbackAndCatchFirstError (http://localhost:5176/node_modules/.vite/deps/chunk-KVMAXHTM.js?v=c435cca1:3742:33)
    at executeDispatch (http://localhost:5176/node_modules/.vite/deps/chunk-KVMAXHTM.js?v=c435cca1:7046:11)
    at processDispatchQueueItemsInOrder (http://localhost:5176/node_modules/.vite/deps/chunk-KVMAXHTM.js?v=c435cca1:7066:15)
    at processDispatchQueue (http://localhost:5176/node_modules/.vite/deps/chunk-KVMAXHTM.js?v=c435cca1:7075:13)
    at dispatchEventsForPlugins (http://localhost:5176/node_modules/.vite/deps/chunk-KVMAXHTM.js?v=c435cca1:7083:11)
[  635629ms] ReferenceError: setEditingId is not defined
    at http://localhost:5176/src/components/FreestyleBoard.jsx?t=1789621026170:637:5
    at http://localhost:5176/src/components/FreestyleBoard.jsx?t=1789621026170:847:9
    at HTMLUnknownElement.callCallback2 (http://localhost:5176/node_modules/.vite/deps/chunk-KVMAXHTM.js?v=c435cca1:3680:22)
    at Object.invokeGuardedCallbackDev (http://localhost:5176/node_modules/.vite/deps/chunk-KVMAXHTM.js?v=c435cca1:3705:24)
    at invokeGuardedCallback (http://localhost:5176/node_modules/.vite/deps/chunk-KVMAXHTM.js?v=c435cca1:3739:39)
    at invokeGuardedCallbackAndCatchFirstError (http://localhost:5176/node_modules/.vite/deps/chunk-KVMAXHTM.js?v=c435cca1:3742:33)
    at executeDispatch (http://localhost:5176/node_modules/.vite/deps/chunk-KVMAXHTM.js?v=c435cca1:7046:11)
    at processDispatchQueueItemsInOrder (http://localhost:5176/node_modules/.vite/deps/chunk-KVMAXHTM.js?v=c435cca1:7066:15)
    at processDispatchQueue (http://localhost:5176/node_modules/.vite/deps/chunk-KVMAXHTM.js?v=c435cca1:7075:13)
    at dispatchEventsForPlugins (http://localhost:5176/node_modules/.vite/deps/chunk-KVMAXHTM.js?v=c435cca1:7083:11)
[  635636ms] ReferenceError: setEditingId is not defined
    at http://localhost:5176/src/components/FreestyleBoard.jsx?t=1789621026170:637:5
    at http://localhost:5176/src/components/FreestyleBoard.jsx?t=1789621026170:847:9
    at HTMLUnknownElement.callCallback2 (http://localhost:5176/node_modules/.vite/deps/chunk-KVMAXHTM.js?v=c435cca1:3680:22)
    at Object.invokeGuardedCallbackDev (http://localhost:5176/node_modules/.vite/deps/chunk-KVMAXHTM.js?v=c435cca1:3705:24)
    at invokeGuardedCallback (http://localhost:5176/node_modules/.vite/deps/chunk-KVMAXHTM.js?v=c435cca1:3739:39)
    at invokeGuardedCallbackAndCatchFirstError (http://localhost:5176/node_modules/.vite/deps/chunk-KVMAXHTM.js?v=c435cca1:3742:33)
    at executeDispatch (http://localhost:5176/node_modules/.vite/deps/chunk-KVMAXHTM.js?v=c435cca1:7046:11)
    at processDispatchQueueItemsInOrder (http://localhost:5176/node_modules/.vite/deps/chunk-KVMAXHTM.js?v=c435cca1:7066:15)
    at processDispatchQueue (http://localhost:5176/node_modules/.vite/deps/chunk-KVMAXHTM.js?v=c435cca1:7075:13)
    at dispatchEventsForPlugins (http://localhost:5176/node_modules/.vite/deps/chunk-KVMAXHTM.js?v=c435cca1:7083:11)
[  635637ms] ReferenceError: setEditingId is not defined
    at http://localhost:5176/src/components/FreestyleBoard.jsx?t=1789621026170:637:5
    at http://localhost:5176/src/components/FreestyleBoard.jsx?t=1789621026170:847:9
    at HTMLUnknownElement.callCallback2 (http://localhost:5176/node_modules/.vite/deps/chunk-KVMAXHTM.js?v=c435cca1:3680:22)
    at Object.invokeGuardedCallbackDev (http://localhost:5176/node_modules/.vite/deps/chunk-KVMAXHTM.js?v=c435cca1:3705:24)
    at invokeGuardedCallback (http://localhost:5176/node_modules/.vite/deps/chunk-KVMAXHTM.js?v=c435cca1:3739:39)
    at invokeGuardedCallbackAndCatchFirstError (http://localhost:5176/node_modules/.vite/deps/chunk-KVMAXHTM.js?v=c435cca1:3742:33)
    at executeDispatch (http://localhost:5176/node_modules/.vite/deps/chunk-KVMAXHTM.js?v=c435cca1:7046:11)
    at processDispatchQueueItemsInOrder (http://localhost:5176/node_modules/.vite/deps/chunk-KVMAXHTM.js?v=c435cca1:7066:15)
    at processDispatchQueue (http://localhost:5176/node_modules/.vite/deps/chunk-KVMAXHTM.js?v=c435cca1:7075:13)
    at dispatchEventsForPlugins (http://localhost:5176/node_modules/.vite/deps/chunk-KVMAXHTM.js?v=c435cca1:7083:11)
[  635642ms] ReferenceError: setEditingId is not defined
    at http://localhost:5176/src/components/FreestyleBoard.jsx?t=1789621026170:637:5
    at http://localhost:5176/src/components/FreestyleBoard.jsx?t=1789621026170:847:9
    at HTMLUnknownElement.callCallback2 (http://localhost:5176/node_modules/.vite/deps/chunk-KVMAXHTM.js?v=c435cca1:3680:22)
    at Object.invokeGuardedCallbackDev (http://localhost:5176/node_modules/.vite/deps/chunk-KVMAXHTM.js?v=c435cca1:3705:24)
    at invokeGuardedCallback (http://localhost:5176/node_modules/.vite/deps/chunk-KVMAXHTM.js?v=c435cca1:3739:39)
    at invokeGuardedCallbackAndCatchFirstError (http://localhost:5176/node_modules/.vite/deps/chunk-KVMAXHTM.js?v=c435cca1:3742:33)
    at executeDispatch (http://localhost:5176/node_modules/.vite/deps/chunk-KVMAXHTM.js?v=c435cca1:7046:11)
    at processDispatchQueueItemsInOrder (http://localhost:5176/node_modules/.vite/deps/chunk-KVMAXHTM.js?v=c435cca1:7066:15)
    at processDispatchQueue (http://localhost:5176/node_modules/.vite/deps/chunk-KVMAXHTM.js?v=c435cca1:7075:13)
    at dispatchEventsForPlugins (http://localhost:5176/node_modules/.vite/deps/chunk-KVMAXHTM.js?v=c435cca1:7083:11)
[  635647ms] ReferenceError: setEditingId is not defined
    at http://localhost:5176/src/components/FreestyleBoard.jsx?t=1789621026170:637:5
    at http://localhost:5176/src/components/FreestyleBoard.jsx?t=1789621026170:847:9
    at HTMLUnknownElement.callCallback2 (http://localhost:5176/node_modules/.vite/deps/chunk-KVMAXHTM.js?v=c435cca1:3680:22)
    at Object.invokeGuardedCallbackDev (http://localhost:5176/node_modules/.vite/deps/chunk-KVMAXHTM.js?v=c435cca1:3705:24)
    at invokeGuardedCallback (http://localhost:5176/node_modules/.vite/deps/chunk-KVMAXHTM.js?v=c435cca1:3739:39)
    at invokeGuardedCallbackAndCatchFirstError (http://localhost:5176/node_modules/.vite/deps/chunk-KVMAXHTM.js?v=c435cca1:3742:33)
    at executeDispatch (http://localhost:5176/node_modules/.vite/deps/chunk-KVMAXHTM.js?v=c435cca1:7046:11)
    at processDispatchQueueItemsInOrder (http://localhost:5176/node_modules/.vite/deps/chunk-KVMAXHTM.js?v=c435cca1:7066:15)
    at processDispatchQueue (http://localhost:5176/node_modules/.vite/deps/chunk-KVMAXHTM.js?v=c435cca1:7075:13)
    at dispatchEventsForPlugins (http://localhost:5176/node_modules/.vite/deps/chunk-KVMAXHTM.js?v=c435cca1:7083:11)
[  635656ms] ReferenceError: setEditingId is not defined
    at http://localhost:5176/src/components/FreestyleBoard.jsx?t=1789621026170:637:5
    at http://localhost:5176/src/components/FreestyleBoard.jsx?t=1789621026170:847:9
    at HTMLUnknownElement.callCallback2 (http://localhost:5176/node_modules/.vite/deps/chunk-KVMAXHTM.js?v=c435cca1:3680:22)
    at Object.invokeGuardedCallbackDev (http://localhost:5176/node_modules/.vite/deps/chunk-KVMAXHTM.js?v=c435cca1:3705:24)
    at invokeGuardedCallback (http://localhost:5176/node_modules/.vite/deps/chunk-KVMAXHTM.js?v=c435cca1:3739:39)
    at invokeGuardedCallbackAndCatchFirstError (http://localhost:5176/node_modules/.vite/deps/chunk-KVMAXHTM.js?v=c435cca1:3742:33)
    at executeDispatch (http://localhost:5176/node_modules/.vite/deps/chunk-KVMAXHTM.js?v=c435cca1:7046:11)
    at processDispatchQueueItemsInOrder (http://localhost:5176/node_modules/.vite/deps/chunk-KVMAXHTM.js?v=c435cca1:7066:15)
    at processDispatchQueue (http://localhost:5176/node_modules/.vite/deps/chunk-KVMAXHTM.js?v=c435cca1:7075:13)
    at dispatchEventsForPlugins (http://localhost:5176/node_modules/.vite/deps/chunk-KVMAXHTM.js?v=c435cca1:7083:11)
[  635656ms] ReferenceError: setEditingId is not defined
    at http://localhost:5176/src/components/FreestyleBoard.jsx?t=1789621026170:637:5
    at http://localhost:5176/src/components/FreestyleBoard.jsx?t=1789621026170:847:9
    at HTMLUnknownElement.callCallback2 (http://localhost:5176/node_modules/.vite/deps/chunk-KVMAXHTM.js?v=c435cca1:3680:22)
    at Object.invokeGuardedCallbackDev (http://localhost:5176/node_modules/.vite/deps/chunk-KVMAXHTM.js?v=c435cca1:3705:24)
    at invokeGuardedCallback (http://localhost:5176/node_modules/.vite/deps/chunk-KVMAXHTM.js?v=c435cca1:3739:39)
    at invokeGuardedCallbackAndCatchFirstError (http://localhost:5176/node_modules/.vite/deps/chunk-KVMAXHTM.js?v=c435cca1:3742:33)
    at executeDispatch (http://localhost:5176/node_modules/.vite/deps/chunk-KVMAXHTM.js?v=c435cca1:7046:11)
    at processDispatchQueueItemsInOrder (http://localhost:5176/node_modules/.vite/deps/chunk-KVMAXHTM.js?v=c435cca1:7066:15)
    at processDispatchQueue (http://localhost:5176/node_modules/.vite/deps/chunk-KVMAXHTM.js?v=c435cca1:7075:13)
    at dispatchEventsForPlugins (http://localhost:5176/node_modules/.vite/deps/chunk-KVMAXHTM.js?v=c435cca1:7083:11)
[  635667ms] ReferenceError: setEditingId is not defined
    at http://localhost:5176/src/components/FreestyleBoard.jsx?t=1789621026170:637:5
    at http://localhost:5176/src/components/FreestyleBoard.jsx?t=1789621026170:847:9
    at HTMLUnknownElement.callCallback2 (http://localhost:5176/node_modules/.vite/deps/chunk-KVMAXHTM.js?v=c435cca1:3680:22)
    at Object.invokeGuardedCallbackDev (http://localhost:5176/node_modules/.vite/deps/chunk-KVMAXHTM.js?v=c435cca1:3705:24)
    at invokeGuardedCallback (http://localhost:5176/node_modules/.vite/deps/chunk-KVMAXHTM.js?v=c435cca1:3739:39)
    at invokeGuardedCallbackAndCatchFirstError (http://localhost:5176/node_modules/.vite/deps/chunk-KVMAXHTM.js?v=c435cca1:3742:33)
    at executeDispatch (http://localhost:5176/node_modules/.vite/deps/chunk-KVMAXHTM.js?v=c435cca1:7046:11)
    at processDispatchQueueItemsInOrder (http://localhost:5176/node_modules/.vite/deps/chunk-KVMAXHTM.js?v=c435cca1:7066:15)
    at processDispatchQueue (http://localhost:5176/node_modules/.vite/deps/chunk-KVMAXHTM.js?v=c435cca1:7075:13)
    at dispatchEventsForPlugins (http://localhost:5176/node_modules/.vite/deps/chunk-KVMAXHTM.js?v=c435cca1:7083:11)
[  635670ms] ReferenceError: setEditingId is not defined
    at http://localhost:5176/src/components/FreestyleBoard.jsx?t=1789621026170:637:5
    at http://localhost:5176/src/components/FreestyleBoard.jsx?t=1789621026170:847:9
    at HTMLUnknownElement.callCallback2 (http://localhost:5176/node_modules/.vite/deps/chunk-KVMAXHTM.js?v=c435cca1:3680:22)
    at Object.invokeGuardedCallbackDev (http://localhost:5176/node_modules/.vite/deps/chunk-KVMAXHTM.js?v=c435cca1:3705:24)
    at invokeGuardedCallback (http://localhost:5176/node_modules/.vite/deps/chunk-KVMAXHTM.js?v=c435cca1:3739:39)
    at invokeGuardedCallbackAndCatchFirstError (http://localhost:5176/node_modules/.vite/deps/chunk-KVMAXHTM.js?v=c435cca1:3742:33)
    at executeDispatch (http://localhost:5176/node_modules/.vite/deps/chunk-KVMAXHTM.js?v=c435cca1:7046:11)
    at processDispatchQueueItemsInOrder (http://localhost:5176/node_modules/.vite/deps/chunk-KVMAXHTM.js?v=c435cca1:7066:15)
    at processDispatchQueue (http://localhost:5176/node_modules/.vite/deps/chunk-KVMAXHTM.js?v=c435cca1:7075:13)
    at dispatchEventsForPlugins (http://localhost:5176/node_modules/.vite/deps/chunk-KVMAXHTM.js?v=c435cca1:7083:11)
[  635674ms] ReferenceError: setEditingId is not defined
    at http://localhost:5176/src/components/FreestyleBoard.jsx?t=1789621026170:637:5
    at http://localhost:5176/src/components/FreestyleBoard.jsx?t=1789621026170:847:9
    at HTMLUnknownElement.callCallback2 (http://localhost:5176/node_modules/.vite/deps/chunk-KVMAXHTM.js?v=c435cca1:3680:22)
    at Object.invokeGuardedCallbackDev (http://localhost:5176/node_modules/.vite/deps/chunk-KVMAXHTM.js?v=c435cca1:3705:24)
    at invokeGuardedCallback (http://localhost:5176/node_modules/.vite/deps/chunk-KVMAXHTM.js?v=c435cca1:3739:39)
    at invokeGuardedCallbackAndCatchFirstError (http://localhost:5176/node_modules/.vite/deps/chunk-KVMAXHTM.js?v=c435cca1:3742:33)
    at executeDispatch (http://localhost:5176/node_modules/.vite/deps/chunk-KVMAXHTM.js?v=c435cca1:7046:11)
    at processDispatchQueueItemsInOrder (http://localhost:5176/node_modules/.vite/deps/chunk-KVMAXHTM.js?v=c435cca1:7066:15)
    at processDispatchQueue (http://localhost:5176/node_modules/.vite/deps/chunk-KVMAXHTM.js?v=c435cca1:7075:13)
    at dispatchEventsForPlugins (http://localhost:5176/node_modules/.vite/deps/chunk-KVMAXHTM.js?v=c435cca1:7083:11)
[  635677ms] ReferenceError: setEditingId is not defined
    at http://localhost:5176/src/components/FreestyleBoard.jsx?t=1789621026170:637:5
    at http://localhost:5176/src/components/FreestyleBoard.jsx?t=1789621026170:847:9
    at HTMLUnknownElement.callCallback2 (http://localhost:5176/node_modules/.vite/deps/chunk-KVMAXHTM.js?v=c435cca1:3680:22)
    at Object.invokeGuardedCallbackDev (http://localhost:5176/node_modules/.vite/deps/chunk-KVMAXHTM.js?v=c435cca1:3705:24)
    at invokeGuardedCallback (http://localhost:5176/node_modules/.vite/deps/chunk-KVMAXHTM.js?v=c435cca1:3739:39)
    at invokeGuardedCallbackAndCatchFirstError (http://localhost:5176/node_modules/.vite/deps/chunk-KVMAXHTM.js?v=c435cca1:3742:33)
    at executeDispatch (http://localhost:5176/node_modules/.vite/deps/chunk-KVMAXHTM.js?v=c435cca1:7046:11)
    at processDispatchQueueItemsInOrder (http://localhost:5176/node_modules/.vite/deps/chunk-KVMAXHTM.js?v=c435cca1:7066:15)
    at processDispatchQueue (http://localhost:5176/node_modules/.vite/deps/chunk-KVMAXHTM.js?v=c435cca1:7075:13)
    at dispatchEventsForPlugins (http://localhost:5176/node_modules/.vite/deps/chunk-KVMAXHTM.js?v=c435cca1:7083:11)
[  635678ms] ReferenceError: setEditingId is not defined
    at http://localhost:5176/src/components/FreestyleBoard.jsx?t=1789621026170:637:5
    at http://localhost:5176/src/components/FreestyleBoard.jsx?t=1789621026170:847:9
    at HTMLUnknownElement.callCallback2 (http://localhost:5176/node_modules/.vite/deps/chunk-KVMAXHTM.js?v=c435cca1:3680:22)
    at Object.invokeGuardedCallbackDev (http://localhost:5176/node_modules/.vite/deps/chunk-KVMAXHTM.js?v=c435cca1:3705:24)
    at invokeGuardedCallback (http://localhost:5176/node_modules/.vite/deps/chunk-KVMAXHTM.js?v=c435cca1:3739:39)
    at invokeGuardedCallbackAndCatchFirstError (http://localhost:5176/node_modules/.vite/deps/chunk-KVMAXHTM.js?v=c435cca1:3742:33)
    at executeDispatch (http://localhost:5176/node_modules/.vite/deps/chunk-KVMAXHTM.js?v=c435cca1:7046:11)
    at processDispatchQueueItemsInOrder (http://localhost:5176/node_modules/.vite/deps/chunk-KVMAXHTM.js?v=c435cca1:7066:15)
    at processDispatchQueue (http://localhost:5176/node_modules/.vite/deps/chunk-KVMAXHTM.js?v=c435cca1:7075:13)
    at dispatchEventsForPlugins (http://localhost:5176/node_modules/.vite/deps/chunk-KVMAXHTM.js?v=c435cca1:7083:11)
[  635679ms] ReferenceError: setEditingId is not defined
    at http://localhost:5176/src/components/FreestyleBoard.jsx?t=1789621026170:637:5
    at http://localhost:5176/src/components/FreestyleBoard.jsx?t=1789621026170:847:9
    at HTMLUnknownElement.callCallback2 (http://localhost:5176/node_modules/.vite/deps/chunk-KVMAXHTM.js?v=c435cca1:3680:22)
    at Object.invokeGuardedCallbackDev (http://localhost:5176/node_modules/.vite/deps/chunk-KVMAXHTM.js?v=c435cca1:3705:24)
    at invokeGuardedCallback (http://localhost:5176/node_modules/.vite/deps/chunk-KVMAXHTM.js?v=c435cca1:3739:39)
    at invokeGuardedCallbackAndCatchFirstError (http://localhost:5176/node_modules/.vite/deps/chunk-KVMAXHTM.js?v=c435cca1:3742:33)
    at executeDispatch (http://localhost:5176/node_modules/.vite/deps/chunk-KVMAXHTM.js?v=c435cca1:7046:11)
    at processDispatchQueueItemsInOrder (http://localhost:5176/node_modules/.vite/deps/chunk-KVMAXHTM.js?v=c435cca1:7066:15)
    at processDispatchQueue (http://localhost:5176/node_modules/.vite/deps/chunk-KVMAXHTM.js?v=c435cca1:7075:13)
    at dispatchEventsForPlugins (http://localhost:5176/node_modules/.vite/deps/chunk-KVMAXHTM.js?v=c435cca1:7083:11)
[  635692ms] ReferenceError: setEditingId is not defined
    at http://localhost:5176/src/components/FreestyleBoard.jsx?t=1789621026170:637:5
    at http://localhost:5176/src/components/FreestyleBoard.jsx?t=1789621026170:847:9
    at HTMLUnknownElement.callCallback2 (http://localhost:5176/node_modules/.vite/deps/chunk-KVMAXHTM.js?v=c435cca1:3680:22)
    at Object.invokeGuardedCallbackDev (http://localhost:5176/node_modules/.vite/deps/chunk-KVMAXHTM.js?v=c435cca1:3705:24)
    at invokeGuardedCallback (http://localhost:5176/node_modules/.vite/deps/chunk-KVMAXHTM.js?v=c435cca1:3739:39)
    at invokeGuardedCallbackAndCatchFirstError (http://localhost:5176/node_modules/.vite/deps/chunk-KVMAXHTM.js?v=c435cca1:3742:33)
    at executeDispatch (http://localhost:5176/node_modules/.vite/deps/chunk-KVMAXHTM.js?v=c435cca1:7046:11)
    at processDispatchQueueItemsInOrder (http://localhost:5176/node_modules/.vite/deps/chunk-KVMAXHTM.js?v=c435cca1:7066:15)
    at processDispatchQueue (http://localhost:5176/node_modules/.vite/deps/chunk-KVMAXHTM.js?v=c435cca1:7075:13)
    at dispatchEventsForPlugins (http://localhost:5176/node_modules/.vite/deps/chunk-KVMAXHTM.js?v=c435cca1:7083:11)
[  635692ms] ReferenceError: setEditingId is not defined
    at http://localhost:5176/src/components/FreestyleBoard.jsx?t=1789621026170:637:5
    at http://localhost:5176/src/components/FreestyleBoard.jsx?t=1789621026170:847:9
    at HTMLUnknownElement.callCallback2 (http://localhost:5176/node_modules/.vite/deps/chunk-KVMAXHTM.js?v=c435cca1:3680:22)
    at Object.invokeGuardedCallbackDev (http://localhost:5176/node_modules/.vite/deps/chunk-KVMAXHTM.js?v=c435cca1:3705:24)
    at invokeGuardedCallback (http://localhost:5176/node_modules/.vite/deps/chunk-KVMAXHTM.js?v=c435cca1:3739:39)
    at invokeGuardedCallbackAndCatchFirstError (http://localhost:5176/node_modules/.vite/deps/chunk-KVMAXHTM.js?v=c435cca1:3742:33)
    at executeDispatch (http://localhost:5176/node_modules/.vite/deps/chunk-KVMAXHTM.js?v=c435cca1:7046:11)
    at processDispatchQueueItemsInOrder (http://localhost:5176/node_modules/.vite/deps/chunk-KVMAXHTM.js?v=c435cca1:7066:15)
    at processDispatchQueue (http://localhost:5176/node_modules/.vite/deps/chunk-KVMAXHTM.js?v=c435cca1:7075:13)
    at dispatchEventsForPlugins (http://localhost:5176/node_modules/.vite/deps/chunk-KVMAXHTM.js?v=c435cca1:7083:11)
[  635701ms] ReferenceError: setEditingId is not defined
    at http://localhost:5176/src/components/FreestyleBoard.jsx?t=1789621026170:637:5
    at http://localhost:5176/src/components/FreestyleBoard.jsx?t=1789621026170:847:9
    at HTMLUnknownElement.callCallback2 (http://localhost:5176/node_modules/.vite/deps/chunk-KVMAXHTM.js?v=c435cca1:3680:22)
    at Object.invokeGuardedCallbackDev (http://localhost:5176/node_modules/.vite/deps/chunk-KVMAXHTM.js?v=c435cca1:3705:24)
    at invokeGuardedCallback (http://localhost:5176/node_modules/.vite/deps/chunk-KVMAXHTM.js?v=c435cca1:3739:39)
    at invokeGuardedCallbackAndCatchFirstError (http://localhost:5176/node_modules/.vite/deps/chunk-KVMAXHTM.js?v=c435cca1:3742:33)
    at executeDispatch (http://localhost:5176/node_modules/.vite/deps/chunk-KVMAXHTM.js?v=c435cca1:7046:11)
    at processDispatchQueueItemsInOrder (http://localhost:5176/node_modules/.vite/deps/chunk-KVMAXHTM.js?v=c435cca1:7066:15)
    at processDispatchQueue (http://localhost:5176/node_modules/.vite/deps/chunk-KVMAXHTM.js?v=c435cca1:7075:13)
    at dispatchEventsForPlugins (http://localhost:5176/node_modules/.vite/deps/chunk-KVMAXHTM.js?v=c435cca1:7083:11)
[  635701ms] ReferenceError: setEditingId is not defined
    at http://localhost:5176/src/components/FreestyleBoard.jsx?t=1789621026170:637:5
    at http://localhost:5176/src/components/FreestyleBoard.jsx?t=1789621026170:847:9
    at HTMLUnknownElement.callCallback2 (http://localhost:5176/node_modules/.vite/deps/chunk-KVMAXHTM.js?v=c435cca1:3680:22)
    at Object.invokeGuardedCallbackDev (http://localhost:5176/node_modules/.vite/deps/chunk-KVMAXHTM.js?v=c435cca1:3705:24)
    at invokeGuardedCallback (http://localhost:5176/node_modules/.vite/deps/chunk-KVMAXHTM.js?v=c435cca1:3739:39)
    at invokeGuardedCallbackAndCatchFirstError (http://localhost:5176/node_modules/.vite/deps/chunk-KVMAXHTM.js?v=c435cca1:3742:33)
    at executeDispatch (http://localhost:5176/node_modules/.vite/deps/chunk-KVMAXHTM.js?v=c435cca1:7046:11)
    at processDispatchQueueItemsInOrder (http://localhost:5176/node_modules/.vite/deps/chunk-KVMAXHTM.js?v=c435cca1:7066:15)
    at processDispatchQueue (http://localhost:5176/node_modules/.vite/deps/chunk-KVMAXHTM.js?v=c435cca1:7075:13)
    at dispatchEventsForPlugins (http://localhost:5176/node_modules/.vite/deps/chunk-KVMAXHTM.js?v=c435cca1:7083:11)
[  635704ms] ReferenceError: setEditingId is not defined
    at http://localhost:5176/src/components/FreestyleBoard.jsx?t=1789621026170:637:5
    at http://localhost:5176/src/components/FreestyleBoard.jsx?t=1789621026170:847:9
    at HTMLUnknownElement.callCallback2 (http://localhost:5176/node_modules/.vite/deps/chunk-KVMAXHTM.js?v=c435cca1:3680:22)
    at Object.invokeGuardedCallbackDev (http://localhost:5176/node_modules/.vite/deps/chunk-KVMAXHTM.js?v=c435cca1:3705:24)
    at invokeGuardedCallback (http://localhost:5176/node_modules/.vite/deps/chunk-KVMAXHTM.js?v=c435cca1:3739:39)
    at invokeGuardedCallbackAndCatchFirstError (http://localhost:5176/node_modules/.vite/deps/chunk-KVMAXHTM.js?v=c435cca1:3742:33)
    at executeDispatch (http://localhost:5176/node_modules/.vite/deps/chunk-KVMAXHTM.js?v=c435cca1:7046:11)
    at processDispatchQueueItemsInOrder (http://localhost:5176/node_modules/.vite/deps/chunk-KVMAXHTM.js?v=c435cca1:7066:15)
    at processDispatchQueue (http://localhost:5176/node_modules/.vite/deps/chunk-KVMAXHTM.js?v=c435cca1:7075:13)
    at dispatchEventsForPlugins (http://localhost:5176/node_modules/.vite/deps/chunk-KVMAXHTM.js?v=c435cca1:7083:11)
[  635705ms] ReferenceError: setEditingId is not defined
    at http://localhost:5176/src/components/FreestyleBoard.jsx?t=1789621026170:637:5
    at http://localhost:5176/src/components/FreestyleBoard.jsx?t=1789621026170:847:9
    at HTMLUnknownElement.callCallback2 (http://localhost:5176/node_modules/.vite/deps/chunk-KVMAXHTM.js?v=c435cca1:3680:22)
    at Object.invokeGuardedCallbackDev (http://localhost:5176/node_modules/.vite/deps/chunk-KVMAXHTM.js?v=c435cca1:3705:24)
    at invokeGuardedCallback (http://localhost:5176/node_modules/.vite/deps/chunk-KVMAXHTM.js?v=c435cca1:3739:39)
    at invokeGuardedCallbackAndCatchFirstError (http://localhost:5176/node_modules/.vite/deps/chunk-KVMAXHTM.js?v=c435cca1:3742:33)
    at executeDispatch (http://localhost:5176/node_modules/.vite/deps/chunk-KVMAXHTM.js?v=c435cca1:7046:11)
    at processDispatchQueueItemsInOrder (http://localhost:5176/node_modules/.vite/deps/chunk-KVMAXHTM.js?v=c435cca1:7066:15)
    at processDispatchQueue (http://localhost:5176/node_modules/.vite/deps/chunk-KVMAXHTM.js?v=c435cca1:7075:13)
    at dispatchEventsForPlugins (http://localhost:5176/node_modules/.vite/deps/chunk-KVMAXHTM.js?v=c435cca1:7083:11)
[  635712ms] ReferenceError: setEditingId is not defined
    at http://localhost:5176/src/components/FreestyleBoard.jsx?t=1789621026170:637:5
    at http://localhost:5176/src/components/FreestyleBoard.jsx?t=1789621026170:847:9
    at HTMLUnknownElement.callCallback2 (http://localhost:5176/node_modules/.vite/deps/chunk-KVMAXHTM.js?v=c435cca1:3680:22)
    at Object.invokeGuardedCallbackDev (http://localhost:5176/node_modules/.vite/deps/chunk-KVMAXHTM.js?v=c435cca1:3705:24)
    at invokeGuardedCallback (http://localhost:5176/node_modules/.vite/deps/chunk-KVMAXHTM.js?v=c435cca1:3739:39)
    at invokeGuardedCallbackAndCatchFirstError (http://localhost:5176/node_modules/.vite/deps/chunk-KVMAXHTM.js?v=c435cca1:3742:33)
    at executeDispatch (http://localhost:5176/node_modules/.vite/deps/chunk-KVMAXHTM.js?v=c435cca1:7046:11)
    at processDispatchQueueItemsInOrder (http://localhost:5176/node_modules/.vite/deps/chunk-KVMAXHTM.js?v=c435cca1:7066:15)
    at processDispatchQueue (http://localhost:5176/node_modules/.vite/deps/chunk-KVMAXHTM.js?v=c435cca1:7075:13)
    at dispatchEventsForPlugins (http://localhost:5176/node_modules/.vite/deps/chunk-KVMAXHTM.js?v=c435cca1:7083:11)
[  635713ms] ReferenceError: setEditingId is not defined
    at http://localhost:5176/src/components/FreestyleBoard.jsx?t=1789621026170:637:5
    at http://localhost:5176/src/components/FreestyleBoard.jsx?t=1789621026170:847:9
    at HTMLUnknownElement.callCallback2 (http://localhost:5176/node_modules/.vite/deps/chunk-KVMAXHTM.js?v=c435cca1:3680:22)
    at Object.invokeGuardedCallbackDev (http://localhost:5176/node_modules/.vite/deps/chunk-KVMAXHTM.js?v=c435cca1:3705:24)
    at invokeGuardedCallback (http://localhost:5176/node_modules/.vite/deps/chunk-KVMAXHTM.js?v=c435cca1:3739:39)
    at invokeGuardedCallbackAndCatchFirstError (http://localhost:5176/node_modules/.vite/deps/chunk-KVMAXHTM.js?v=c435cca1:3742:33)
    at executeDispatch (http://localhost:5176/node_modules/.vite/deps/chunk-KVMAXHTM.js?v=c435cca1:7046:11)
    at processDispatchQueueItemsInOrder (http://localhost:5176/node_modules/.vite/deps/chunk-KVMAXHTM.js?v=c435cca1:7066:15)
    at processDispatchQueue (http://localhost:5176/node_modules/.vite/deps/chunk-KVMAXHTM.js?v=c435cca1:7075:13)
    at dispatchEventsForPlugins (http://localhost:5176/node_modules/.vite/deps/chunk-KVMAXHTM.js?v=c435cca1:7083:11)
[  635725ms] ReferenceError: setEditingId is not defined
    at http://localhost:5176/src/components/FreestyleBoard.jsx?t=1789621026170:637:5
    at http://localhost:5176/src/components/FreestyleBoard.jsx?t=1789621026170:847:9
    at HTMLUnknownElement.callCallback2 (http://localhost:5176/node_modules/.vite/deps/chunk-KVMAXHTM.js?v=c435cca1:3680:22)
    at Object.invokeGuardedCallbackDev (http://localhost:5176/node_modules/.vite/deps/chunk-KVMAXHTM.js?v=c435cca1:3705:24)
    at invokeGuardedCallback (http://localhost:5176/node_modules/.vite/deps/chunk-KVMAXHTM.js?v=c435cca1:3739:39)
    at invokeGuardedCallbackAndCatchFirstError (http://localhost:5176/node_modules/.vite/deps/chunk-KVMAXHTM.js?v=c435cca1:3742:33)
    at executeDispatch (http://localhost:5176/node_modules/.vite/deps/chunk-KVMAXHTM.js?v=c435cca1:7046:11)
    at processDispatchQueueItemsInOrder (http://localhost:5176/node_modules/.vite/deps/chunk-KVMAXHTM.js?v=c435cca1:7066:15)
    at processDispatchQueue (http://localhost:5176/node_modules/.vite/deps/chunk-KVMAXHTM.js?v=c435cca1:7075:13)
    at dispatchEventsForPlugins (http://localhost:5176/node_modules/.vite/deps/chunk-KVMAXHTM.js?v=c435cca1:7083:11)
[  635725ms] ReferenceError: setEditingId is not defined
    at http://localhost:5176/src/components/FreestyleBoard.jsx?t=1789621026170:637:5
    at http://localhost:5176/src/components/FreestyleBoard.jsx?t=1789621026170:847:9
    at HTMLUnknownElement.callCallback2 (http://localhost:5176/node_modules/.vite/deps/chunk-KVMAXHTM.js?v=c435cca1:3680:22)
    at Object.invokeGuardedCallbackDev (http://localhost:5176/node_modules/.vite/deps/chunk-KVMAXHTM.js?v=c435cca1:3705:24)
    at invokeGuardedCallback (http://localhost:5176/node_modules/.vite/deps/chunk-KVMAXHTM.js?v=c435cca1:3739:39)
    at invokeGuardedCallbackAndCatchFirstError (http://localhost:5176/node_modules/.vite/deps/chunk-KVMAXHTM.js?v=c435cca1:3742:33)
    at executeDispatch (http://localhost:5176/node_modules/.vite/deps/chunk-KVMAXHTM.js?v=c435cca1:7046:11)
    at processDispatchQueueItemsInOrder (http://localhost:5176/node_modules/.vite/deps/chunk-KVMAXHTM.js?v=c435cca1:7066:15)
    at processDispatchQueue (http://localhost:5176/node_modules/.vite/deps/chunk-KVMAXHTM.js?v=c435cca1:7075:13)
    at dispatchEventsForPlugins (http://localhost:5176/node_modules/.vite/deps/chunk-KVMAXHTM.js?v=c435cca1:7083:11)
[  635730ms] ReferenceError: setEditingId is not defined
    at http://localhost:5176/src/components/FreestyleBoard.jsx?t=1789621026170:637:5
    at http://localhost:5176/src/components/FreestyleBoard.jsx?t=1789621026170:847:9
    at HTMLUnknownElement.callCallback2 (http://localhost:5176/node_modules/.vite/deps/chunk-KVMAXHTM.js?v=c435cca1:3680:22)
    at Object.invokeGuardedCallbackDev (http://localhost:5176/node_modules/.vite/deps/chunk-KVMAXHTM.js?v=c435cca1:3705:24)
    at invokeGuardedCallback (http://localhost:5176/node_modules/.vite/deps/chunk-KVMAXHTM.js?v=c435cca1:3739:39)
    at invokeGuardedCallbackAndCatchFirstError (http://localhost:5176/node_modules/.vite/deps/chunk-KVMAXHTM.js?v=c435cca1:3742:33)
    at executeDispatch (http://localhost:5176/node_modules/.vite/deps/chunk-KVMAXHTM.js?v=c435cca1:7046:11)
    at processDispatchQueueItemsInOrder (http://localhost:5176/node_modules/.vite/deps/chunk-KVMAXHTM.js?v=c435cca1:7066:15)
    at processDispatchQueue (http://localhost:5176/node_modules/.vite/deps/chunk-KVMAXHTM.js?v=c435cca1:7075:13)
    at dispatchEventsForPlugins (http://localhost:5176/node_modules/.vite/deps/chunk-KVMAXHTM.js?v=c435cca1:7083:11)
[  635732ms] ReferenceError: setEditingId is not defined
    at http://localhost:5176/src/components/FreestyleBoard.jsx?t=1789621026170:637:5
    at http://localhost:5176/src/components/FreestyleBoard.jsx?t=1789621026170:847:9
    at HTMLUnknownElement.callCallback2 (http://localhost:5176/node_modules/.vite/deps/chunk-KVMAXHTM.js?v=c435cca1:3680:22)
    at Object.invokeGuardedCallbackDev (http://localhost:5176/node_modules/.vite/deps/chunk-KVMAXHTM.js?v=c435cca1:3705:24)
    at invokeGuardedCallback (http://localhost:5176/node_modules/.vite/deps/chunk-KVMAXHTM.js?v=c435cca1:3739:39)
    at invokeGuardedCallbackAndCatchFirstError (http://localhost:5176/node_modules/.vite/deps/chunk-KVMAXHTM.js?v=c435cca1:3742:33)
    at executeDispatch (http://localhost:5176/node_modules/.vite/deps/chunk-KVMAXHTM.js?v=c435cca1:7046:11)
    at processDispatchQueueItemsInOrder (http://localhost:5176/node_modules/.vite/deps/chunk-KVMAXHTM.js?v=c435cca1:7066:15)
    at processDispatchQueue (http://localhost:5176/node_modules/.vite/deps/chunk-KVMAXHTM.js?v=c435cca1:7075:13)
    at dispatchEventsForPlugins (http://localhost:5176/node_modules/.vite/deps/chunk-KVMAXHTM.js?v=c435cca1:7083:11)
[  635743ms] ReferenceError: setEditingId is not defined
    at http://localhost:5176/src/components/FreestyleBoard.jsx?t=1789621026170:637:5
    at http://localhost:5176/src/components/FreestyleBoard.jsx?t=1789621026170:847:9
    at HTMLUnknownElement.callCallback2 (http://localhost:5176/node_modules/.vite/deps/chunk-KVMAXHTM.js?v=c435cca1:3680:22)
    at Object.invokeGuardedCallbackDev (http://localhost:5176/node_modules/.vite/deps/chunk-KVMAXHTM.js?v=c435cca1:3705:24)
    at invokeGuardedCallback (http://localhost:5176/node_modules/.vite/deps/chunk-KVMAXHTM.js?v=c435cca1:3739:39)
    at invokeGuardedCallbackAndCatchFirstError (http://localhost:5176/node_modules/.vite/deps/chunk-KVMAXHTM.js?v=c435cca1:3742:33)
    at executeDispatch (http://localhost:5176/node_modules/.vite/deps/chunk-KVMAXHTM.js?v=c435cca1:7046:11)
    at processDispatchQueueItemsInOrder (http://localhost:5176/node_modules/.vite/deps/chunk-KVMAXHTM.js?v=c435cca1:7066:15)
    at processDispatchQueue (http://localhost:5176/node_modules/.vite/deps/chunk-KVMAXHTM.js?v=c435cca1:7075:13)
    at dispatchEventsForPlugins (http://localhost:5176/node_modules/.vite/deps/chunk-KVMAXHTM.js?v=c435cca1:7083:11)
[  635743ms] ReferenceError: setEditingId is not defined
    at http://localhost:5176/src/components/FreestyleBoard.jsx?t=1789621026170:637:5
    at http://localhost:5176/src/components/FreestyleBoard.jsx?t=1789621026170:847:9
    at HTMLUnknownElement.callCallback2 (http://localhost:5176/node_modules/.vite/deps/chunk-KVMAXHTM.js?v=c435cca1:3680:22)
    at Object.invokeGuardedCallbackDev (http://localhost:5176/node_modules/.vite/deps/chunk-KVMAXHTM.js?v=c435cca1:3705:24)
    at invokeGuardedCallback (http://localhost:5176/node_modules/.vite/deps/chunk-KVMAXHTM.js?v=c435cca1:3739:39)
    at invokeGuardedCallbackAndCatchFirstError (http://localhost:5176/node_modules/.vite/deps/chunk-KVMAXHTM.js?v=c435cca1:3742:33)
    at executeDispatch (http://localhost:5176/node_modules/.vite/deps/chunk-KVMAXHTM.js?v=c435cca1:7046:11)
    at processDispatchQueueItemsInOrder (http://localhost:5176/node_modules/.vite/deps/chunk-KVMAXHTM.js?v=c435cca1:7066:15)
    at processDispatchQueue (http://localhost:5176/node_modules/.vite/deps/chunk-KVMAXHTM.js?v=c435cca1:7075:13)
    at dispatchEventsForPlugins (http://localhost:5176/node_modules/.vite/deps/chunk-KVMAXHTM.js?v=c435cca1:7083:11)
[  635750ms] ReferenceError: setEditingId is not defined
    at http://localhost:5176/src/components/FreestyleBoard.jsx?t=1789621026170:637:5
    at http://localhost:5176/src/components/FreestyleBoard.jsx?t=1789621026170:847:9
    at HTMLUnknownElement.callCallback2 (http://localhost:5176/node_modules/.vite/deps/chunk-KVMAXHTM.js?v=c435cca1:3680:22)
    at Object.invokeGuardedCallbackDev (http://localhost:5176/node_modules/.vite/deps/chunk-KVMAXHTM.js?v=c435cca1:3705:24)
    at invokeGuardedCallback (http://localhost:5176/node_modules/.vite/deps/chunk-KVMAXHTM.js?v=c435cca1:3739:39)
    at invokeGuardedCallbackAndCatchFirstError (http://localhost:5176/node_modules/.vite/deps/chunk-KVMAXHTM.js?v=c435cca1:3742:33)
    at executeDispatch (http://localhost:5176/node_modules/.vite/deps/chunk-KVMAXHTM.js?v=c435cca1:7046:11)
    at processDispatchQueueItemsInOrder (http://localhost:5176/node_modules/.vite/deps/chunk-KVMAXHTM.js?v=c435cca1:7066:15)
    at processDispatchQueue (http://localhost:5176/node_modules/.vite/deps/chunk-KVMAXHTM.js?v=c435cca1:7075:13)
    at dispatchEventsForPlugins (http://localhost:5176/node_modules/.vite/deps/chunk-KVMAXHTM.js?v=c435cca1:7083:11)
[  635751ms] ReferenceError: setEditingId is not defined
    at http://localhost:5176/src/components/FreestyleBoard.jsx?t=1789621026170:637:5
    at http://localhost:5176/src/components/FreestyleBoard.jsx?t=1789621026170:847:9
    at HTMLUnknownElement.callCallback2 (http://localhost:5176/node_modules/.vite/deps/chunk-KVMAXHTM.js?v=c435cca1:3680:22)
    at Object.invokeGuardedCallbackDev (http://localhost:5176/node_modules/.vite/deps/chunk-KVMAXHTM.js?v=c435cca1:3705:24)
    at invokeGuardedCallback (http://localhost:5176/node_modules/.vite/deps/chunk-KVMAXHTM.js?v=c435cca1:3739:39)
    at invokeGuardedCallbackAndCatchFirstError (http://localhost:5176/node_modules/.vite/deps/chunk-KVMAXHTM.js?v=c435cca1:3742:33)
    at executeDispatch (http://localhost:5176/node_modules/.vite/deps/chunk-KVMAXHTM.js?v=c435cca1:7046:11)
    at processDispatchQueueItemsInOrder (http://localhost:5176/node_modules/.vite/deps/chunk-KVMAXHTM.js?v=c435cca1:7066:15)
    at processDispatchQueue (http://localhost:5176/node_modules/.vite/deps/chunk-KVMAXHTM.js?v=c435cca1:7075:13)
    at dispatchEventsForPlugins (http://localhost:5176/node_modules/.vite/deps/chunk-KVMAXHTM.js?v=c435cca1:7083:11)
[  635754ms] ReferenceError: setEditingId is not defined
    at http://localhost:5176/src/components/FreestyleBoard.jsx?t=1789621026170:637:5
    at http://localhost:5176/src/components/FreestyleBoard.jsx?t=1789621026170:847:9
    at HTMLUnknownElement.callCallback2 (http://localhost:5176/node_modules/.vite/deps/chunk-KVMAXHTM.js?v=c435cca1:3680:22)
    at Object.invokeGuardedCallbackDev (http://localhost:5176/node_modules/.vite/deps/chunk-KVMAXHTM.js?v=c435cca1:3705:24)
    at invokeGuardedCallback (http://localhost:5176/node_modules/.vite/deps/chunk-KVMAXHTM.js?v=c435cca1:3739:39)
    at invokeGuardedCallbackAndCatchFirstError (http://localhost:5176/node_modules/.vite/deps/chunk-KVMAXHTM.js?v=c435cca1:3742:33)
    at executeDispatch (http://localhost:5176/node_modules/.vite/deps/chunk-KVMAXHTM.js?v=c435cca1:7046:11)
    at processDispatchQueueItemsInOrder (http://localhost:5176/node_modules/.vite/deps/chunk-KVMAXHTM.js?v=c435cca1:7066:15)
    at processDispatchQueue (http://localhost:5176/node_modules/.vite/deps/chunk-KVMAXHTM.js?v=c435cca1:7075:13)
    at dispatchEventsForPlugins (http://localhost:5176/node_modules/.vite/deps/chunk-KVMAXHTM.js?v=c435cca1:7083:11)
[  635754ms] ReferenceError: setEditingId is not defined
    at http://localhost:5176/src/components/FreestyleBoard.jsx?t=1789621026170:637:5
    at http://localhost:5176/src/components/FreestyleBoard.jsx?t=1789621026170:847:9
    at HTMLUnknownElement.callCallback2 (http://localhost:5176/node_modules/.vite/deps/chunk-KVMAXHTM.js?v=c435cca1:3680:22)
    at Object.invokeGuardedCallbackDev (http://localhost:5176/node_modules/.vite/deps/chunk-KVMAXHTM.js?v=c435cca1:3705:24)
    at invokeGuardedCallback (http://localhost:5176/node_modules/.vite/deps/chunk-KVMAXHTM.js?v=c435cca1:3739:39)
    at invokeGuardedCallbackAndCatchFirstError (http://localhost:5176/node_modules/.vite/deps/chunk-KVMAXHTM.js?v=c435cca1:3742:33)
    at executeDispatch (http://localhost:5176/node_modules/.vite/deps/chunk-KVMAXHTM.js?v=c435cca1:7046:11)
    at processDispatchQueueItemsInOrder (http://localhost:5176/node_modules/.vite/deps/chunk-KVMAXHTM.js?v=c435cca1:7066:15)
    at processDispatchQueue (http://localhost:5176/node_modules/.vite/deps/chunk-KVMAXHTM.js?v=c435cca1:7075:13)
    at dispatchEventsForPlugins (http://localhost:5176/node_modules/.vite/deps/chunk-KVMAXHTM.js?v=c435cca1:7083:11)
[  635766ms] ReferenceError: setEditingId is not defined
    at http://localhost:5176/src/components/FreestyleBoard.jsx?t=1789621026170:637:5
    at http://localhost:5176/src/components/FreestyleBoard.jsx?t=1789621026170:847:9
    at HTMLUnknownElement.callCallback2 (http://localhost:5176/node_modules/.vite/deps/chunk-KVMAXHTM.js?v=c435cca1:3680:22)
    at Object.invokeGuardedCallbackDev (http://localhost:5176/node_modules/.vite/deps/chunk-KVMAXHTM.js?v=c435cca1:3705:24)
    at invokeGuardedCallback (http://localhost:5176/node_modules/.vite/deps/chunk-KVMAXHTM.js?v=c435cca1:3739:39)
    at invokeGuardedCallbackAndCatchFirstError (http://localhost:5176/node_modules/.vite/deps/chunk-KVMAXHTM.js?v=c435cca1:3742:33)
    at executeDispatch (http://localhost:5176/node_modules/.vite/deps/chunk-KVMAXHTM.js?v=c435cca1:7046:11)
    at processDispatchQueueItemsInOrder (http://localhost:5176/node_modules/.vite/deps/chunk-KVMAXHTM.js?v=c435cca1:7066:15)
    at processDispatchQueue (http://localhost:5176/node_modules/.vite/deps/chunk-KVMAXHTM.js?v=c435cca1:7075:13)
    at dispatchEventsForPlugins (http://localhost:5176/node_modules/.vite/deps/chunk-KVMAXHTM.js?v=c435cca1:7083:11)
[  635766ms] ReferenceError: setEditingId is not defined
    at http://localhost:5176/src/components/FreestyleBoard.jsx?t=1789621026170:637:5
    at http://localhost:5176/src/components/FreestyleBoard.jsx?t=1789621026170:847:9
    at HTMLUnknownElement.callCallback2 (http://localhost:5176/node_modules/.vite/deps/chunk-KVMAXHTM.js?v=c435cca1:3680:22)
    at Object.invokeGuardedCallbackDev (http://localhost:5176/node_modules/.vite/deps/chunk-KVMAXHTM.js?v=c435cca1:3705:24)
    at invokeGuardedCallback (http://localhost:5176/node_modules/.vite/deps/chunk-KVMAXHTM.js?v=c435cca1:3739:39)
    at invokeGuardedCallbackAndCatchFirstError (http://localhost:5176/node_modules/.vite/deps/chunk-KVMAXHTM.js?v=c435cca1:3742:33)
    at executeDispatch (http://localhost:5176/node_modules/.vite/deps/chunk-KVMAXHTM.js?v=c435cca1:7046:11)
    at processDispatchQueueItemsInOrder (http://localhost:5176/node_modules/.vite/deps/chunk-KVMAXHTM.js?v=c435cca1:7066:15)
    at processDispatchQueue (http://localhost:5176/node_modules/.vite/deps/chunk-KVMAXHTM.js?v=c435cca1:7075:13)
    at dispatchEventsForPlugins (http://localhost:5176/node_modules/.vite/deps/chunk-KVMAXHTM.js?v=c435cca1:7083:11)
[  635773ms] ReferenceError: setEditingId is not defined
    at http://localhost:5176/src/components/FreestyleBoard.jsx?t=1789621026170:637:5
    at http://localhost:5176/src/components/FreestyleBoard.jsx?t=1789621026170:847:9
    at HTMLUnknownElement.callCallback2 (http://localhost:5176/node_modules/.vite/deps/chunk-KVMAXHTM.js?v=c435cca1:3680:22)
    at Object.invokeGuardedCallbackDev (http://localhost:5176/node_modules/.vite/deps/chunk-KVMAXHTM.js?v=c435cca1:3705:24)
    at invokeGuardedCallback (http://localhost:5176/node_modules/.vite/deps/chunk-KVMAXHTM.js?v=c435cca1:3739:39)
    at invokeGuardedCallbackAndCatchFirstError (http://localhost:5176/node_modules/.vite/deps/chunk-KVMAXHTM.js?v=c435cca1:3742:33)
    at executeDispatch (http://localhost:5176/node_modules/.vite/deps/chunk-KVMAXHTM.js?v=c435cca1:7046:11)
    at processDispatchQueueItemsInOrder (http://localhost:5176/node_modules/.vite/deps/chunk-KVMAXHTM.js?v=c435cca1:7066:15)
    at processDispatchQueue (http://localhost:5176/node_modules/.vite/deps/chunk-KVMAXHTM.js?v=c435cca1:7075:13)
    at dispatchEventsForPlugins (http://localhost:5176/node_modules/.vite/deps/chunk-KVMAXHTM.js?v=c435cca1:7083:11)
[  635773ms] ReferenceError: setEditingId is not defined
    at http://localhost:5176/src/components/FreestyleBoard.jsx?t=1789621026170:637:5
    at http://localhost:5176/src/components/FreestyleBoard.jsx?t=1789621026170:847:9
    at HTMLUnknownElement.callCallback2 (http://localhost:5176/node_modules/.vite/deps/chunk-KVMAXHTM.js?v=c435cca1:3680:22)
    at Object.invokeGuardedCallbackDev (http://localhost:5176/node_modules/.vite/deps/chunk-KVMAXHTM.js?v=c435cca1:3705:24)
    at invokeGuardedCallback (http://localhost:5176/node_modules/.vite/deps/chunk-KVMAXHTM.js?v=c435cca1:3739:39)
    at invokeGuardedCallbackAndCatchFirstError (http://localhost:5176/node_modules/.vite/deps/chunk-KVMAXHTM.js?v=c435cca1:3742:33)
    at executeDispatch (http://localhost:5176/node_modules/.vite/deps/chunk-KVMAXHTM.js?v=c435cca1:7046:11)
    at processDispatchQueueItemsInOrder (http://localhost:5176/node_modules/.vite/deps/chunk-KVMAXHTM.js?v=c435cca1:7066:15)
    at processDispatchQueue (http://localhost:5176/node_modules/.vite/deps/chunk-KVMAXHTM.js?v=c435cca1:7075:13)
    at dispatchEventsForPlugins (http://localhost:5176/node_modules/.vite/deps/chunk-KVMAXHTM.js?v=c435cca1:7083:11)
[  635778ms] ReferenceError: setEditingId is not defined
    at http://localhost:5176/src/components/FreestyleBoard.jsx?t=1789621026170:637:5
    at http://localhost:5176/src/components/FreestyleBoard.jsx?t=1789621026170:847:9
    at HTMLUnknownElement.callCallback2 (http://localhost:5176/node_modules/.vite/deps/chunk-KVMAXHTM.js?v=c435cca1:3680:22)
    at Object.invokeGuardedCallbackDev (http://localhost:5176/node_modules/.vite/deps/chunk-KVMAXHTM.js?v=c435cca1:3705:24)
    at invokeGuardedCallback (http://localhost:5176/node_modules/.vite/deps/chunk-KVMAXHTM.js?v=c435cca1:3739:39)
    at invokeGuardedCallbackAndCatchFirstError (http://localhost:5176/node_modules/.vite/deps/chunk-KVMAXHTM.js?v=c435cca1:3742:33)
    at executeDispatch (http://localhost:5176/node_modules/.vite/deps/chunk-KVMAXHTM.js?v=c435cca1:7046:11)
    at processDispatchQueueItemsInOrder (http://localhost:5176/node_modules/.vite/deps/chunk-KVMAXHTM.js?v=c435cca1:7066:15)
    at processDispatchQueue (http://localhost:5176/node_modules/.vite/deps/chunk-KVMAXHTM.js?v=c435cca1:7075:13)
    at dispatchEventsForPlugins (http://localhost:5176/node_modules/.vite/deps/chunk-KVMAXHTM.js?v=c435cca1:7083:11)
[  635779ms] ReferenceError: setEditingId is not defined
    at http://localhost:5176/src/components/FreestyleBoard.jsx?t=1789621026170:637:5
    at http://localhost:5176/src/components/FreestyleBoard.jsx?t=1789621026170:847:9
    at HTMLUnknownElement.callCallback2 (http://localhost:5176/node_modules/.vite/deps/chunk-KVMAXHTM.js?v=c435cca1:3680:22)
    at Object.invokeGuardedCallbackDev (http://localhost:5176/node_modules/.vite/deps/chunk-KVMAXHTM.js?v=c435cca1:3705:24)
    at invokeGuardedCallback (http://localhost:5176/node_modules/.vite/deps/chunk-KVMAXHTM.js?v=c435cca1:3739:39)
    at invokeGuardedCallbackAndCatchFirstError (http://localhost:5176/node_modules/.vite/deps/chunk-KVMAXHTM.js?v=c435cca1:3742:33)
    at executeDispatch (http://localhost:5176/node_modules/.vite/deps/chunk-KVMAXHTM.js?v=c435cca1:7046:11)
    at processDispatchQueueItemsInOrder (http://localhost:5176/node_modules/.vite/deps/chunk-KVMAXHTM.js?v=c435cca1:7066:15)
    at processDispatchQueue (http://localhost:5176/node_modules/.vite/deps/chunk-KVMAXHTM.js?v=c435cca1:7075:13)
    at dispatchEventsForPlugins (http://localhost:5176/node_modules/.vite/deps/chunk-KVMAXHTM.js?v=c435cca1:7083:11)
[  635787ms] ReferenceError: setEditingId is not defined
    at http://localhost:5176/src/components/FreestyleBoard.jsx?t=1789621026170:637:5
    at http://localhost:5176/src/components/FreestyleBoard.jsx?t=1789621026170:847:9
    at HTMLUnknownElement.callCallback2 (http://localhost:5176/node_modules/.vite/deps/chunk-KVMAXHTM.js?v=c435cca1:3680:22)
    at Object.invokeGuardedCallbackDev (http://localhost:5176/node_modules/.vite/deps/chunk-KVMAXHTM.js?v=c435cca1:3705:24)
    at invokeGuardedCallback (http://localhost:5176/node_modules/.vite/deps/chunk-KVMAXHTM.js?v=c435cca1:3739:39)
    at invokeGuardedCallbackAndCatchFirstError (http://localhost:5176/node_modules/.vite/deps/chunk-KVMAXHTM.js?v=c435cca1:3742:33)
    at executeDispatch (http://localhost:5176/node_modules/.vite/deps/chunk-KVMAXHTM.js?v=c435cca1:7046:11)
    at processDispatchQueueItemsInOrder (http://localhost:5176/node_modules/.vite/deps/chunk-KVMAXHTM.js?v=c435cca1:7066:15)
    at processDispatchQueue (http://localhost:5176/node_modules/.vite/deps/chunk-KVMAXHTM.js?v=c435cca1:7075:13)
    at dispatchEventsForPlugins (http://localhost:5176/node_modules/.vite/deps/chunk-KVMAXHTM.js?v=c435cca1:7083:11)
[  635789ms] ReferenceError: setEditingId is not defined
    at http://localhost:5176/src/components/FreestyleBoard.jsx?t=1789621026170:637:5
    at http://localhost:5176/src/components/FreestyleBoard.jsx?t=1789621026170:847:9
    at HTMLUnknownElement.callCallback2 (http://localhost:5176/node_modules/.vite/deps/chunk-KVMAXHTM.js?v=c435cca1:3680:22)
    at Object.invokeGuardedCallbackDev (http://localhost:5176/node_modules/.vite/deps/chunk-KVMAXHTM.js?v=c435cca1:3705:24)
    at invokeGuardedCallback (http://localhost:5176/node_modules/.vite/deps/chunk-KVMAXHTM.js?v=c435cca1:3739:39)
    at invokeGuardedCallbackAndCatchFirstError (http://localhost:5176/node_modules/.vite/deps/chunk-KVMAXHTM.js?v=c435cca1:3742:33)
    at executeDispatch (http://localhost:5176/node_modules/.vite/deps/chunk-KVMAXHTM.js?v=c435cca1:7046:11)
    at processDispatchQueueItemsInOrder (http://localhost:5176/node_modules/.vite/deps/chunk-KVMAXHTM.js?v=c435cca1:7066:15)
    at processDispatchQueue (http://localhost:5176/node_modules/.vite/deps/chunk-KVMAXHTM.js?v=c435cca1:7075:13)
    at dispatchEventsForPlugins (http://localhost:5176/node_modules/.vite/deps/chunk-KVMAXHTM.js?v=c435cca1:7083:11)
[  635801ms] ReferenceError: setEditingId is not defined
    at http://localhost:5176/src/components/FreestyleBoard.jsx?t=1789621026170:637:5
    at http://localhost:5176/src/components/FreestyleBoard.jsx?t=1789621026170:847:9
    at HTMLUnknownElement.callCallback2 (http://localhost:5176/node_modules/.vite/deps/chunk-KVMAXHTM.js?v=c435cca1:3680:22)
    at Object.invokeGuardedCallbackDev (http://localhost:5176/node_modules/.vite/deps/chunk-KVMAXHTM.js?v=c435cca1:3705:24)
    at invokeGuardedCallback (http://localhost:5176/node_modules/.vite/deps/chunk-KVMAXHTM.js?v=c435cca1:3739:39)
    at invokeGuardedCallbackAndCatchFirstError (http://localhost:5176/node_modules/.vite/deps/chunk-KVMAXHTM.js?v=c435cca1:3742:33)
    at executeDispatch (http://localhost:5176/node_modules/.vite/deps/chunk-KVMAXHTM.js?v=c435cca1:7046:11)
    at processDispatchQueueItemsInOrder (http://localhost:5176/node_modules/.vite/deps/chunk-KVMAXHTM.js?v=c435cca1:7066:15)
    at processDispatchQueue (http://localhost:5176/node_modules/.vite/deps/chunk-KVMAXHTM.js?v=c435cca1:7075:13)
    at dispatchEventsForPlugins (http://localhost:5176/node_modules/.vite/deps/chunk-KVMAXHTM.js?v=c435cca1:7083:11)
[  635802ms] ReferenceError: setEditingId is not defined
    at http://localhost:5176/src/components/FreestyleBoard.jsx?t=1789621026170:637:5
    at http://localhost:5176/src/components/FreestyleBoard.jsx?t=1789621026170:847:9
    at HTMLUnknownElement.callCallback2 (http://localhost:5176/node_modules/.vite/deps/chunk-KVMAXHTM.js?v=c435cca1:3680:22)
    at Object.invokeGuardedCallbackDev (http://localhost:5176/node_modules/.vite/deps/chunk-KVMAXHTM.js?v=c435cca1:3705:24)
    at invokeGuardedCallback (http://localhost:5176/node_modules/.vite/deps/chunk-KVMAXHTM.js?v=c435cca1:3739:39)
    at invokeGuardedCallbackAndCatchFirstError (http://localhost:5176/node_modules/.vite/deps/chunk-KVMAXHTM.js?v=c435cca1:3742:33)
    at executeDispatch (http://localhost:5176/node_modules/.vite/deps/chunk-KVMAXHTM.js?v=c435cca1:7046:11)
    at processDispatchQueueItemsInOrder (http://localhost:5176/node_modules/.vite/deps/chunk-KVMAXHTM.js?v=c435cca1:7066:15)
    at processDispatchQueue (http://localhost:5176/node_modules/.vite/deps/chunk-KVMAXHTM.js?v=c435cca1:7075:13)
    at dispatchEventsForPlugins (http://localhost:5176/node_modules/.vite/deps/chunk-KVMAXHTM.js?v=c435cca1:7083:11)
[  635837ms] ReferenceError: setEditingId is not defined
    at http://localhost:5176/src/components/FreestyleBoard.jsx?t=1789621026170:637:5
    at http://localhost:5176/src/components/FreestyleBoard.jsx?t=1789621026170:847:9
    at HTMLUnknownElement.callCallback2 (http://localhost:5176/node_modules/.vite/deps/chunk-KVMAXHTM.js?v=c435cca1:3680:22)
    at Object.invokeGuardedCallbackDev (http://localhost:5176/node_modules/.vite/deps/chunk-KVMAXHTM.js?v=c435cca1:3705:24)
    at invokeGuardedCallback (http://localhost:5176/node_modules/.vite/deps/chunk-KVMAXHTM.js?v=c435cca1:3739:39)
    at invokeGuardedCallbackAndCatchFirstError (http://localhost:5176/node_modules/.vite/deps/chunk-KVMAXHTM.js?v=c435cca1:3742:33)
    at executeDispatch (http://localhost:5176/node_modules/.vite/deps/chunk-KVMAXHTM.js?v=c435cca1:7046:11)
    at processDispatchQueueItemsInOrder (http://localhost:5176/node_modules/.vite/deps/chunk-KVMAXHTM.js?v=c435cca1:7066:15)
    at processDispatchQueue (http://localhost:5176/node_modules/.vite/deps/chunk-KVMAXHTM.js?v=c435cca1:7075:13)
    at dispatchEventsForPlugins (http://localhost:5176/node_modules/.vite/deps/chunk-KVMAXHTM.js?v=c435cca1:7083:11)
[  635837ms] ReferenceError: setEditingId is not defined
    at http://localhost:5176/src/components/FreestyleBoard.jsx?t=1789621026170:637:5
    at http://localhost:5176/src/components/FreestyleBoard.jsx?t=1789621026170:847:9
    at HTMLUnknownElement.callCallback2 (http://localhost:5176/node_modules/.vite/deps/chunk-KVMAXHTM.js?v=c435cca1:3680:22)
    at Object.invokeGuardedCallbackDev (http://localhost:5176/node_modules/.vite/deps/chunk-KVMAXHTM.js?v=c435cca1:3705:24)
    at invokeGuardedCallback (http://localhost:5176/node_modules/.vite/deps/chunk-KVMAXHTM.js?v=c435cca1:3739:39)
    at invokeGuardedCallbackAndCatchFirstError (http://localhost:5176/node_modules/.vite/deps/chunk-KVMAXHTM.js?v=c435cca1:3742:33)
    at executeDispatch (http://localhost:5176/node_modules/.vite/deps/chunk-KVMAXHTM.js?v=c435cca1:7046:11)
    at processDispatchQueueItemsInOrder (http://localhost:5176/node_modules/.vite/deps/chunk-KVMAXHTM.js?v=c435cca1:7066:15)
    at processDispatchQueue (http://localhost:5176/node_modules/.vite/deps/chunk-KVMAXHTM.js?v=c435cca1:7075:13)
    at dispatchEventsForPlugins (http://localhost:5176/node_modules/.vite/deps/chunk-KVMAXHTM.js?v=c435cca1:7083:11)
[  638819ms] ReferenceError: setEditingId is not defined
    at http://localhost:5176/src/components/FreestyleBoard.jsx?t=1789621026170:637:5
    at http://localhost:5176/src/components/FreestyleBoard.jsx?t=1789621026170:847:9
    at HTMLUnknownElement.callCallback2 (http://localhost:5176/node_modules/.vite/deps/chunk-KVMAXHTM.js?v=c435cca1:3680:22)
    at Object.invokeGuardedCallbackDev (http://localhost:5176/node_modules/.vite/deps/chunk-KVMAXHTM.js?v=c435cca1:3705:24)
    at invokeGuardedCallback (http://localhost:5176/node_modules/.vite/deps/chunk-KVMAXHTM.js?v=c435cca1:3739:39)
    at invokeGuardedCallbackAndCatchFirstError (http://localhost:5176/node_modules/.vite/deps/chunk-KVMAXHTM.js?v=c435cca1:3742:33)
    at executeDispatch (http://localhost:5176/node_modules/.vite/deps/chunk-KVMAXHTM.js?v=c435cca1:7046:11)
    at processDispatchQueueItemsInOrder (http://localhost:5176/node_modules/.vite/deps/chunk-KVMAXHTM.js?v=c435cca1:7066:15)
    at processDispatchQueue (http://localhost:5176/node_modules/.vite/deps/chunk-KVMAXHTM.js?v=c435cca1:7075:13)
    at dispatchEventsForPlugins (http://localhost:5176/node_modules/.vite/deps/chunk-KVMAXHTM.js?v=c435cca1:7083:11)
[  638820ms] ReferenceError: setEditingId is not defined
    at http://localhost:5176/src/components/FreestyleBoard.jsx?t=1789621026170:637:5
    at http://localhost:5176/src/components/FreestyleBoard.jsx?t=1789621026170:847:9
    at HTMLUnknownElement.callCallback2 (http://localhost:5176/node_modules/.vite/deps/chunk-KVMAXHTM.js?v=c435cca1:3680:22)
    at Object.invokeGuardedCallbackDev (http://localhost:5176/node_modules/.vite/deps/chunk-KVMAXHTM.js?v=c435cca1:3705:24)
    at invokeGuardedCallback (http://localhost:5176/node_modules/.vite/deps/chunk-KVMAXHTM.js?v=c435cca1:3739:39)
    at invokeGuardedCallbackAndCatchFirstError (http://localhost:5176/node_modules/.vite/deps/chunk-KVMAXHTM.js?v=c435cca1:3742:33)
    at executeDispatch (http://localhost:5176/node_modules/.vite/deps/chunk-KVMAXHTM.js?v=c435cca1:7046:11)
    at processDispatchQueueItemsInOrder (http://localhost:5176/node_modules/.vite/deps/chunk-KVMAXHTM.js?v=c435cca1:7066:15)
    at processDispatchQueue (http://localhost:5176/node_modules/.vite/deps/chunk-KVMAXHTM.js?v=c435cca1:7075:13)
    at dispatchEventsForPlugins (http://localhost:5176/node_modules/.vite/deps/chunk-KVMAXHTM.js?v=c435cca1:7083:11)
[  638829ms] ReferenceError: setEditingId is not defined
    at http://localhost:5176/src/components/FreestyleBoard.jsx?t=1789621026170:637:5
    at http://localhost:5176/src/components/FreestyleBoard.jsx?t=1789621026170:847:9
    at HTMLUnknownElement.callCallback2 (http://localhost:5176/node_modules/.vite/deps/chunk-KVMAXHTM.js?v=c435cca1:3680:22)
    at Object.invokeGuardedCallbackDev (http://localhost:5176/node_modules/.vite/deps/chunk-KVMAXHTM.js?v=c435cca1:3705:24)
    at invokeGuardedCallback (http://localhost:5176/node_modules/.vite/deps/chunk-KVMAXHTM.js?v=c435cca1:3739:39)
    at invokeGuardedCallbackAndCatchFirstError (http://localhost:5176/node_modules/.vite/deps/chunk-KVMAXHTM.js?v=c435cca1:3742:33)
    at executeDispatch (http://localhost:5176/node_modules/.vite/deps/chunk-KVMAXHTM.js?v=c435cca1:7046:11)
    at processDispatchQueueItemsInOrder (http://localhost:5176/node_modules/.vite/deps/chunk-KVMAXHTM.js?v=c435cca1:7066:15)
    at processDispatchQueue (http://localhost:5176/node_modules/.vite/deps/chunk-KVMAXHTM.js?v=c435cca1:7075:13)
    at dispatchEventsForPlugins (http://localhost:5176/node_modules/.vite/deps/chunk-KVMAXHTM.js?v=c435cca1:7083:11)
[  638830ms] ReferenceError: setEditingId is not defined
    at http://localhost:5176/src/components/FreestyleBoard.jsx?t=1789621026170:637:5
    at http://localhost:5176/src/components/FreestyleBoard.jsx?t=1789621026170:847:9
    at HTMLUnknownElement.callCallback2 (http://localhost:5176/node_modules/.vite/deps/chunk-KVMAXHTM.js?v=c435cca1:3680:22)
    at Object.invokeGuardedCallbackDev (http://localhost:5176/node_modules/.vite/deps/chunk-KVMAXHTM.js?v=c435cca1:3705:24)
    at invokeGuardedCallback (http://localhost:5176/node_modules/.vite/deps/chunk-KVMAXHTM.js?v=c435cca1:3739:39)
    at invokeGuardedCallbackAndCatchFirstError (http://localhost:5176/node_modules/.vite/deps/chunk-KVMAXHTM.js?v=c435cca1:3742:33)
    at executeDispatch (http://localhost:5176/node_modules/.vite/deps/chunk-KVMAXHTM.js?v=c435cca1:7046:11)
    at processDispatchQueueItemsInOrder (http://localhost:5176/node_modules/.vite/deps/chunk-KVMAXHTM.js?v=c435cca1:7066:15)
    at processDispatchQueue (http://localhost:5176/node_modules/.vite/deps/chunk-KVMAXHTM.js?v=c435cca1:7075:13)
    at dispatchEventsForPlugins (http://localhost:5176/node_modules/.vite/deps/chunk-KVMAXHTM.js?v=c435cca1:7083:11)
[  638838ms] ReferenceError: setEditingId is not defined
    at http://localhost:5176/src/components/FreestyleBoard.jsx?t=1789621026170:637:5
    at http://localhost:5176/src/components/FreestyleBoard.jsx?t=1789621026170:847:9
    at HTMLUnknownElement.callCallback2 (http://localhost:5176/node_modules/.vite/deps/chunk-KVMAXHTM.js?v=c435cca1:3680:22)
    at Object.invokeGuardedCallbackDev (http://localhost:5176/node_modules/.vite/deps/chunk-KVMAXHTM.js?v=c435cca1:3705:24)
    at invokeGuardedCallback (http://localhost:5176/node_modules/.vite/deps/chunk-KVMAXHTM.js?v=c435cca1:3739:39)
    at invokeGuardedCallbackAndCatchFirstError (http://localhost:5176/node_modules/.vite/deps/chunk-KVMAXHTM.js?v=c435cca1:3742:33)
    at executeDispatch (http://localhost:5176/node_modules/.vite/deps/chunk-KVMAXHTM.js?v=c435cca1:7046:11)
    at processDispatchQueueItemsInOrder (http://localhost:5176/node_modules/.vite/deps/chunk-KVMAXHTM.js?v=c435cca1:7066:15)
    at processDispatchQueue (http://localhost:5176/node_modules/.vite/deps/chunk-KVMAXHTM.js?v=c435cca1:7075:13)
    at dispatchEventsForPlugins (http://localhost:5176/node_modules/.vite/deps/chunk-KVMAXHTM.js?v=c435cca1:7083:11)
[  638839ms] ReferenceError: setEditingId is not defined
    at http://localhost:5176/src/components/FreestyleBoard.jsx?t=1789621026170:637:5
    at http://localhost:5176/src/components/FreestyleBoard.jsx?t=1789621026170:847:9
    at HTMLUnknownElement.callCallback2 (http://localhost:5176/node_modules/.vite/deps/chunk-KVMAXHTM.js?v=c435cca1:3680:22)
    at Object.invokeGuardedCallbackDev (http://localhost:5176/node_modules/.vite/deps/chunk-KVMAXHTM.js?v=c435cca1:3705:24)
    at invokeGuardedCallback (http://localhost:5176/node_modules/.vite/deps/chunk-KVMAXHTM.js?v=c435cca1:3739:39)
    at invokeGuardedCallbackAndCatchFirstError (http://localhost:5176/node_modules/.vite/deps/chunk-KVMAXHTM.js?v=c435cca1:3742:33)
    at executeDispatch (http://localhost:5176/node_modules/.vite/deps/chunk-KVMAXHTM.js?v=c435cca1:7046:11)
    at processDispatchQueueItemsInOrder (http://localhost:5176/node_modules/.vite/deps/chunk-KVMAXHTM.js?v=c435cca1:7066:15)
    at processDispatchQueue (http://localhost:5176/node_modules/.vite/deps/chunk-KVMAXHTM.js?v=c435cca1:7075:13)
    at dispatchEventsForPlugins (http://localhost:5176/node_modules/.vite/deps/chunk-KVMAXHTM.js?v=c435cca1:7083:11)
[  638846ms] ReferenceError: setEditingId is not defined
    at http://localhost:5176/src/components/FreestyleBoard.jsx?t=1789621026170:637:5
    at http://localhost:5176/src/components/FreestyleBoard.jsx?t=1789621026170:847:9
    at HTMLUnknownElement.callCallback2 (http://localhost:5176/node_modules/.vite/deps/chunk-KVMAXHTM.js?v=c435cca1:3680:22)
    at Object.invokeGuardedCallbackDev (http://localhost:5176/node_modules/.vite/deps/chunk-KVMAXHTM.js?v=c435cca1:3705:24)
    at invokeGuardedCallback (http://localhost:5176/node_modules/.vite/deps/chunk-KVMAXHTM.js?v=c435cca1:3739:39)
    at invokeGuardedCallbackAndCatchFirstError (http://localhost:5176/node_modules/.vite/deps/chunk-KVMAXHTM.js?v=c435cca1:3742:33)
    at executeDispatch (http://localhost:5176/node_modules/.vite/deps/chunk-KVMAXHTM.js?v=c435cca1:7046:11)
    at processDispatchQueueItemsInOrder (http://localhost:5176/node_modules/.vite/deps/chunk-KVMAXHTM.js?v=c435cca1:7066:15)
    at processDispatchQueue (http://localhost:5176/node_modules/.vite/deps/chunk-KVMAXHTM.js?v=c435cca1:7075:13)
    at dispatchEventsForPlugins (http://localhost:5176/node_modules/.vite/deps/chunk-KVMAXHTM.js?v=c435cca1:7083:11)
[  638849ms] ReferenceError: setEditingId is not defined
    at http://localhost:5176/src/components/FreestyleBoard.jsx?t=1789621026170:637:5
    at http://localhost:5176/src/components/FreestyleBoard.jsx?t=1789621026170:847:9
    at HTMLUnknownElement.callCallback2 (http://localhost:5176/node_modules/.vite/deps/chunk-KVMAXHTM.js?v=c435cca1:3680:22)
    at Object.invokeGuardedCallbackDev (http://localhost:5176/node_modules/.vite/deps/chunk-KVMAXHTM.js?v=c435cca1:3705:24)
    at invokeGuardedCallback (http://localhost:5176/node_modules/.vite/deps/chunk-KVMAXHTM.js?v=c435cca1:3739:39)
    at invokeGuardedCallbackAndCatchFirstError (http://localhost:5176/node_modules/.vite/deps/chunk-KVMAXHTM.js?v=c435cca1:3742:33)
    at executeDispatch (http://localhost:5176/node_modules/.vite/deps/chunk-KVMAXHTM.js?v=c435cca1:7046:11)
    at processDispatchQueueItemsInOrder (http://localhost:5176/node_modules/.vite/deps/chunk-KVMAXHTM.js?v=c435cca1:7066:15)
    at processDispatchQueue (http://localhost:5176/node_modules/.vite/deps/chunk-KVMAXHTM.js?v=c435cca1:7075:13)
    at dispatchEventsForPlugins (http://localhost:5176/node_modules/.vite/deps/chunk-KVMAXHTM.js?v=c435cca1:7083:11)
[  638855ms] ReferenceError: setEditingId is not defined
    at http://localhost:5176/src/components/FreestyleBoard.jsx?t=1789621026170:637:5
    at http://localhost:5176/src/components/FreestyleBoard.jsx?t=1789621026170:847:9
    at HTMLUnknownElement.callCallback2 (http://localhost:5176/node_modules/.vite/deps/chunk-KVMAXHTM.js?v=c435cca1:3680:22)
    at Object.invokeGuardedCallbackDev (http://localhost:5176/node_modules/.vite/deps/chunk-KVMAXHTM.js?v=c435cca1:3705:24)
    at invokeGuardedCallback (http://localhost:5176/node_modules/.vite/deps/chunk-KVMAXHTM.js?v=c435cca1:3739:39)
    at invokeGuardedCallbackAndCatchFirstError (http://localhost:5176/node_modules/.vite/deps/chunk-KVMAXHTM.js?v=c435cca1:3742:33)
    at executeDispatch (http://localhost:5176/node_modules/.vite/deps/chunk-KVMAXHTM.js?v=c435cca1:7046:11)
    at processDispatchQueueItemsInOrder (http://localhost:5176/node_modules/.vite/deps/chunk-KVMAXHTM.js?v=c435cca1:7066:15)
    at processDispatchQueue (http://localhost:5176/node_modules/.vite/deps/chunk-KVMAXHTM.js?v=c435cca1:7075:13)
    at dispatchEventsForPlugins (http://localhost:5176/node_modules/.vite/deps/chunk-KVMAXHTM.js?v=c435cca1:7083:11)
[  638857ms] ReferenceError: setEditingId is not defined
    at http://localhost:5176/src/components/FreestyleBoard.jsx?t=1789621026170:637:5
    at http://localhost:5176/src/components/FreestyleBoard.jsx?t=1789621026170:847:9
    at HTMLUnknownElement.callCallback2 (http://localhost:5176/node_modules/.vite/deps/chunk-KVMAXHTM.js?v=c435cca1:3680:22)
    at Object.invokeGuardedCallbackDev (http://localhost:5176/node_modules/.vite/deps/chunk-KVMAXHTM.js?v=c435cca1:3705:24)
    at invokeGuardedCallback (http://localhost:5176/node_modules/.vite/deps/chunk-KVMAXHTM.js?v=c435cca1:3739:39)
    at invokeGuardedCallbackAndCatchFirstError (http://localhost:5176/node_modules/.vite/deps/chunk-KVMAXHTM.js?v=c435cca1:3742:33)
    at executeDispatch (http://localhost:5176/node_modules/.vite/deps/chunk-KVMAXHTM.js?v=c435cca1:7046:11)
    at processDispatchQueueItemsInOrder (http://localhost:5176/node_modules/.vite/deps/chunk-KVMAXHTM.js?v=c435cca1:7066:15)
    at processDispatchQueue (http://localhost:5176/node_modules/.vite/deps/chunk-KVMAXHTM.js?v=c435cca1:7075:13)
    at dispatchEventsForPlugins (http://localhost:5176/node_modules/.vite/deps/chunk-KVMAXHTM.js?v=c435cca1:7083:11)
[  638863ms] ReferenceError: setEditingId is not defined
    at http://localhost:5176/src/components/FreestyleBoard.jsx?t=1789621026170:637:5
    at http://localhost:5176/src/components/FreestyleBoard.jsx?t=1789621026170:847:9
    at HTMLUnknownElement.callCallback2 (http://localhost:5176/node_modules/.vite/deps/chunk-KVMAXHTM.js?v=c435cca1:3680:22)
    at Object.invokeGuardedCallbackDev (http://localhost:5176/node_modules/.vite/deps/chunk-KVMAXHTM.js?v=c435cca1:3705:24)
    at invokeGuardedCallback (http://localhost:5176/node_modules/.vite/deps/chunk-KVMAXHTM.js?v=c435cca1:3739:39)
    at invokeGuardedCallbackAndCatchFirstError (http://localhost:5176/node_modules/.vite/deps/chunk-KVMAXHTM.js?v=c435cca1:3742:33)
    at executeDispatch (http://localhost:5176/node_modules/.vite/deps/chunk-KVMAXHTM.js?v=c435cca1:7046:11)
    at processDispatchQueueItemsInOrder (http://localhost:5176/node_modules/.vite/deps/chunk-KVMAXHTM.js?v=c435cca1:7066:15)
    at processDispatchQueue (http://localhost:5176/node_modules/.vite/deps/chunk-KVMAXHTM.js?v=c435cca1:7075:13)
    at dispatchEventsForPlugins (http://localhost:5176/node_modules/.vite/deps/chunk-KVMAXHTM.js?v=c435cca1:7083:11)
[  638864ms] ReferenceError: setEditingId is not defined
    at http://localhost:5176/src/components/FreestyleBoard.jsx?t=1789621026170:637:5
    at http://localhost:5176/src/components/FreestyleBoard.jsx?t=1789621026170:847:9
    at HTMLUnknownElement.callCallback2 (http://localhost:5176/node_modules/.vite/deps/chunk-KVMAXHTM.js?v=c435cca1:3680:22)
    at Object.invokeGuardedCallbackDev (http://localhost:5176/node_modules/.vite/deps/chunk-KVMAXHTM.js?v=c435cca1:3705:24)
    at invokeGuardedCallback (http://localhost:5176/node_modules/.vite/deps/chunk-KVMAXHTM.js?v=c435cca1:3739:39)
    at invokeGuardedCallbackAndCatchFirstError (http://localhost:5176/node_modules/.vite/deps/chunk-KVMAXHTM.js?v=c435cca1:3742:33)
    at executeDispatch (http://localhost:5176/node_modules/.vite/deps/chunk-KVMAXHTM.js?v=c435cca1:7046:11)
    at processDispatchQueueItemsInOrder (http://localhost:5176/node_modules/.vite/deps/chunk-KVMAXHTM.js?v=c435cca1:7066:15)
    at processDispatchQueue (http://localhost:5176/node_modules/.vite/deps/chunk-KVMAXHTM.js?v=c435cca1:7075:13)
    at dispatchEventsForPlugins (http://localhost:5176/node_modules/.vite/deps/chunk-KVMAXHTM.js?v=c435cca1:7083:11)
[  638871ms] ReferenceError: setEditingId is not defined
    at http://localhost:5176/src/components/FreestyleBoard.jsx?t=1789621026170:637:5
    at http://localhost:5176/src/components/FreestyleBoard.jsx?t=1789621026170:847:9
    at HTMLUnknownElement.callCallback2 (http://localhost:5176/node_modules/.vite/deps/chunk-KVMAXHTM.js?v=c435cca1:3680:22)
    at Object.invokeGuardedCallbackDev (http://localhost:5176/node_modules/.vite/deps/chunk-KVMAXHTM.js?v=c435cca1:3705:24)
    at invokeGuardedCallback (http://localhost:5176/node_modules/.vite/deps/chunk-KVMAXHTM.js?v=c435cca1:3739:39)
    at invokeGuardedCallbackAndCatchFirstError (http://localhost:5176/node_modules/.vite/deps/chunk-KVMAXHTM.js?v=c435cca1:3742:33)
    at executeDispatch (http://localhost:5176/node_modules/.vite/deps/chunk-KVMAXHTM.js?v=c435cca1:7046:11)
    at processDispatchQueueItemsInOrder (http://localhost:5176/node_modules/.vite/deps/chunk-KVMAXHTM.js?v=c435cca1:7066:15)
    at processDispatchQueue (http://localhost:5176/node_modules/.vite/deps/chunk-KVMAXHTM.js?v=c435cca1:7075:13)
    at dispatchEventsForPlugins (http://localhost:5176/node_modules/.vite/deps/chunk-KVMAXHTM.js?v=c435cca1:7083:11)
[  638873ms] ReferenceError: setEditingId is not defined
    at http://localhost:5176/src/components/FreestyleBoard.jsx?t=1789621026170:637:5
    at http://localhost:5176/src/components/FreestyleBoard.jsx?t=1789621026170:847:9
    at HTMLUnknownElement.callCallback2 (http://localhost:5176/node_modules/.vite/deps/chunk-KVMAXHTM.js?v=c435cca1:3680:22)
    at Object.invokeGuardedCallbackDev (http://localhost:5176/node_modules/.vite/deps/chunk-KVMAXHTM.js?v=c435cca1:3705:24)
    at invokeGuardedCallback (http://localhost:5176/node_modules/.vite/deps/chunk-KVMAXHTM.js?v=c435cca1:3739:39)
    at invokeGuardedCallbackAndCatchFirstError (http://localhost:5176/node_modules/.vite/deps/chunk-KVMAXHTM.js?v=c435cca1:3742:33)
    at executeDispatch (http://localhost:5176/node_modules/.vite/deps/chunk-KVMAXHTM.js?v=c435cca1:7046:11)
    at processDispatchQueueItemsInOrder (http://localhost:5176/node_modules/.vite/deps/chunk-KVMAXHTM.js?v=c435cca1:7066:15)
    at processDispatchQueue (http://localhost:5176/node_modules/.vite/deps/chunk-KVMAXHTM.js?v=c435cca1:7075:13)
    at dispatchEventsForPlugins (http://localhost:5176/node_modules/.vite/deps/chunk-KVMAXHTM.js?v=c435cca1:7083:11)
[  638879ms] ReferenceError: setEditingId is not defined
    at http://localhost:5176/src/components/FreestyleBoard.jsx?t=1789621026170:637:5
    at http://localhost:5176/src/components/FreestyleBoard.jsx?t=1789621026170:847:9
    at HTMLUnknownElement.callCallback2 (http://localhost:5176/node_modules/.vite/deps/chunk-KVMAXHTM.js?v=c435cca1:3680:22)
    at Object.invokeGuardedCallbackDev (http://localhost:5176/node_modules/.vite/deps/chunk-KVMAXHTM.js?v=c435cca1:3705:24)
    at invokeGuardedCallback (http://localhost:5176/node_modules/.vite/deps/chunk-KVMAXHTM.js?v=c435cca1:3739:39)
    at invokeGuardedCallbackAndCatchFirstError (http://localhost:5176/node_modules/.vite/deps/chunk-KVMAXHTM.js?v=c435cca1:3742:33)
    at executeDispatch (http://localhost:5176/node_modules/.vite/deps/chunk-KVMAXHTM.js?v=c435cca1:7046:11)
    at processDispatchQueueItemsInOrder (http://localhost:5176/node_modules/.vite/deps/chunk-KVMAXHTM.js?v=c435cca1:7066:15)
    at processDispatchQueue (http://localhost:5176/node_modules/.vite/deps/chunk-KVMAXHTM.js?v=c435cca1:7075:13)
    at dispatchEventsForPlugins (http://localhost:5176/node_modules/.vite/deps/chunk-KVMAXHTM.js?v=c435cca1:7083:11)
[  638882ms] ReferenceError: setEditingId is not defined
    at http://localhost:5176/src/components/FreestyleBoard.jsx?t=1789621026170:637:5
    at http://localhost:5176/src/components/FreestyleBoard.jsx?t=1789621026170:847:9
    at HTMLUnknownElement.callCallback2 (http://localhost:5176/node_modules/.vite/deps/chunk-KVMAXHTM.js?v=c435cca1:3680:22)
    at Object.invokeGuardedCallbackDev (http://localhost:5176/node_modules/.vite/deps/chunk-KVMAXHTM.js?v=c435cca1:3705:24)
    at invokeGuardedCallback (http://localhost:5176/node_modules/.vite/deps/chunk-KVMAXHTM.js?v=c435cca1:3739:39)
    at invokeGuardedCallbackAndCatchFirstError (http://localhost:5176/node_modules/.vite/deps/chunk-KVMAXHTM.js?v=c435cca1:3742:33)
    at executeDispatch (http://localhost:5176/node_modules/.vite/deps/chunk-KVMAXHTM.js?v=c435cca1:7046:11)
    at processDispatchQueueItemsInOrder (http://localhost:5176/node_modules/.vite/deps/chunk-KVMAXHTM.js?v=c435cca1:7066:15)
    at processDispatchQueue (http://localhost:5176/node_modules/.vite/deps/chunk-KVMAXHTM.js?v=c435cca1:7075:13)
    at dispatchEventsForPlugins (http://localhost:5176/node_modules/.vite/deps/chunk-KVMAXHTM.js?v=c435cca1:7083:11)
[  638889ms] ReferenceError: setEditingId is not defined
    at http://localhost:5176/src/components/FreestyleBoard.jsx?t=1789621026170:637:5
    at http://localhost:5176/src/components/FreestyleBoard.jsx?t=1789621026170:847:9
    at HTMLUnknownElement.callCallback2 (http://localhost:5176/node_modules/.vite/deps/chunk-KVMAXHTM.js?v=c435cca1:3680:22)
    at Object.invokeGuardedCallbackDev (http://localhost:5176/node_modules/.vite/deps/chunk-KVMAXHTM.js?v=c435cca1:3705:24)
    at invokeGuardedCallback (http://localhost:5176/node_modules/.vite/deps/chunk-KVMAXHTM.js?v=c435cca1:3739:39)
    at invokeGuardedCallbackAndCatchFirstError (http://localhost:5176/node_modules/.vite/deps/chunk-KVMAXHTM.js?v=c435cca1:3742:33)
    at executeDispatch (http://localhost:5176/node_modules/.vite/deps/chunk-KVMAXHTM.js?v=c435cca1:7046:11)
    at processDispatchQueueItemsInOrder (http://localhost:5176/node_modules/.vite/deps/chunk-KVMAXHTM.js?v=c435cca1:7066:15)
    at processDispatchQueue (http://localhost:5176/node_modules/.vite/deps/chunk-KVMAXHTM.js?v=c435cca1:7075:13)
    at dispatchEventsForPlugins (http://localhost:5176/node_modules/.vite/deps/chunk-KVMAXHTM.js?v=c435cca1:7083:11)
[  638889ms] ReferenceError: setEditingId is not defined
    at http://localhost:5176/src/components/FreestyleBoard.jsx?t=1789621026170:637:5
    at http://localhost:5176/src/components/FreestyleBoard.jsx?t=1789621026170:847:9
    at HTMLUnknownElement.callCallback2 (http://localhost:5176/node_modules/.vite/deps/chunk-KVMAXHTM.js?v=c435cca1:3680:22)
    at Object.invokeGuardedCallbackDev (http://localhost:5176/node_modules/.vite/deps/chunk-KVMAXHTM.js?v=c435cca1:3705:24)
    at invokeGuardedCallback (http://localhost:5176/node_modules/.vite/deps/chunk-KVMAXHTM.js?v=c435cca1:3739:39)
    at invokeGuardedCallbackAndCatchFirstError (http://localhost:5176/node_modules/.vite/deps/chunk-KVMAXHTM.js?v=c435cca1:3742:33)
    at executeDispatch (http://localhost:5176/node_modules/.vite/deps/chunk-KVMAXHTM.js?v=c435cca1:7046:11)
    at processDispatchQueueItemsInOrder (http://localhost:5176/node_modules/.vite/deps/chunk-KVMAXHTM.js?v=c435cca1:7066:15)
    at processDispatchQueue (http://localhost:5176/node_modules/.vite/deps/chunk-KVMAXHTM.js?v=c435cca1:7075:13)
    at dispatchEventsForPlugins (http://localhost:5176/node_modules/.vite/deps/chunk-KVMAXHTM.js?v=c435cca1:7083:11)
[  638899ms] ReferenceError: setEditingId is not defined
    at http://localhost:5176/src/components/FreestyleBoard.jsx?t=1789621026170:637:5
    at http://localhost:5176/src/components/FreestyleBoard.jsx?t=1789621026170:847:9
    at HTMLUnknownElement.callCallback2 (http://localhost:5176/node_modules/.vite/deps/chunk-KVMAXHTM.js?v=c435cca1:3680:22)
    at Object.invokeGuardedCallbackDev (http://localhost:5176/node_modules/.vite/deps/chunk-KVMAXHTM.js?v=c435cca1:3705:24)
    at invokeGuardedCallback (http://localhost:5176/node_modules/.vite/deps/chunk-KVMAXHTM.js?v=c435cca1:3739:39)
    at invokeGuardedCallbackAndCatchFirstError (http://localhost:5176/node_modules/.vite/deps/chunk-KVMAXHTM.js?v=c435cca1:3742:33)
    at executeDispatch (http://localhost:5176/node_modules/.vite/deps/chunk-KVMAXHTM.js?v=c435cca1:7046:11)
    at processDispatchQueueItemsInOrder (http://localhost:5176/node_modules/.vite/deps/chunk-KVMAXHTM.js?v=c435cca1:7066:15)
    at processDispatchQueue (http://localhost:5176/node_modules/.vite/deps/chunk-KVMAXHTM.js?v=c435cca1:7075:13)
    at dispatchEventsForPlugins (http://localhost:5176/node_modules/.vite/deps/chunk-KVMAXHTM.js?v=c435cca1:7083:11)
[  638900ms] ReferenceError: setEditingId is not defined
    at http://localhost:5176/src/components/FreestyleBoard.jsx?t=1789621026170:637:5
    at http://localhost:5176/src/components/FreestyleBoard.jsx?t=1789621026170:847:9
    at HTMLUnknownElement.callCallback2 (http://localhost:5176/node_modules/.vite/deps/chunk-KVMAXHTM.js?v=c435cca1:3680:22)
    at Object.invokeGuardedCallbackDev (http://localhost:5176/node_modules/.vite/deps/chunk-KVMAXHTM.js?v=c435cca1:3705:24)
    at invokeGuardedCallback (http://localhost:5176/node_modules/.vite/deps/chunk-KVMAXHTM.js?v=c435cca1:3739:39)
    at invokeGuardedCallbackAndCatchFirstError (http://localhost:5176/node_modules/.vite/deps/chunk-KVMAXHTM.js?v=c435cca1:3742:33)
    at executeDispatch (http://localhost:5176/node_modules/.vite/deps/chunk-KVMAXHTM.js?v=c435cca1:7046:11)
    at processDispatchQueueItemsInOrder (http://localhost:5176/node_modules/.vite/deps/chunk-KVMAXHTM.js?v=c435cca1:7066:15)
    at processDispatchQueue (http://localhost:5176/node_modules/.vite/deps/chunk-KVMAXHTM.js?v=c435cca1:7075:13)
    at dispatchEventsForPlugins (http://localhost:5176/node_modules/.vite/deps/chunk-KVMAXHTM.js?v=c435cca1:7083:11)
[  638908ms] ReferenceError: setEditingId is not defined
    at http://localhost:5176/src/components/FreestyleBoard.jsx?t=1789621026170:637:5
    at http://localhost:5176/src/components/FreestyleBoard.jsx?t=1789621026170:847:9
    at HTMLUnknownElement.callCallback2 (http://localhost:5176/node_modules/.vite/deps/chunk-KVMAXHTM.js?v=c435cca1:3680:22)
    at Object.invokeGuardedCallbackDev (http://localhost:5176/node_modules/.vite/deps/chunk-KVMAXHTM.js?v=c435cca1:3705:24)
    at invokeGuardedCallback (http://localhost:5176/node_modules/.vite/deps/chunk-KVMAXHTM.js?v=c435cca1:3739:39)
    at invokeGuardedCallbackAndCatchFirstError (http://localhost:5176/node_modules/.vite/deps/chunk-KVMAXHTM.js?v=c435cca1:3742:33)
    at executeDispatch (http://localhost:5176/node_modules/.vite/deps/chunk-KVMAXHTM.js?v=c435cca1:7046:11)
    at processDispatchQueueItemsInOrder (http://localhost:5176/node_modules/.vite/deps/chunk-KVMAXHTM.js?v=c435cca1:7066:15)
    at processDispatchQueue (http://localhost:5176/node_modules/.vite/deps/chunk-KVMAXHTM.js?v=c435cca1:7075:13)
    at dispatchEventsForPlugins (http://localhost:5176/node_modules/.vite/deps/chunk-KVMAXHTM.js?v=c435cca1:7083:11)
[  638908ms] ReferenceError: setEditingId is not defined
    at http://localhost:5176/src/components/FreestyleBoard.jsx?t=1789621026170:637:5
    at http://localhost:5176/src/components/FreestyleBoard.jsx?t=1789621026170:847:9
    at HTMLUnknownElement.callCallback2 (http://localhost:5176/node_modules/.vite/deps/chunk-KVMAXHTM.js?v=c435cca1:3680:22)
    at Object.invokeGuardedCallbackDev (http://localhost:5176/node_modules/.vite/deps/chunk-KVMAXHTM.js?v=c435cca1:3705:24)
    at invokeGuardedCallback (http://localhost:5176/node_modules/.vite/deps/chunk-KVMAXHTM.js?v=c435cca1:3739:39)
    at invokeGuardedCallbackAndCatchFirstError (http://localhost:5176/node_modules/.vite/deps/chunk-KVMAXHTM.js?v=c435cca1:3742:33)
    at executeDispatch (http://localhost:5176/node_modules/.vite/deps/chunk-KVMAXHTM.js?v=c435cca1:7046:11)
    at processDispatchQueueItemsInOrder (http://localhost:5176/node_modules/.vite/deps/chunk-KVMAXHTM.js?v=c435cca1:7066:15)
    at processDispatchQueue (http://localhost:5176/node_modules/.vite/deps/chunk-KVMAXHTM.js?v=c435cca1:7075:13)
    at dispatchEventsForPlugins (http://localhost:5176/node_modules/.vite/deps/chunk-KVMAXHTM.js?v=c435cca1:7083:11)
[  638916ms] ReferenceError: setEditingId is not defined
    at http://localhost:5176/src/components/FreestyleBoard.jsx?t=1789621026170:637:5
    at http://localhost:5176/src/components/FreestyleBoard.jsx?t=1789621026170:847:9
    at HTMLUnknownElement.callCallback2 (http://localhost:5176/node_modules/.vite/deps/chunk-KVMAXHTM.js?v=c435cca1:3680:22)
    at Object.invokeGuardedCallbackDev (http://localhost:5176/node_modules/.vite/deps/chunk-KVMAXHTM.js?v=c435cca1:3705:24)
    at invokeGuardedCallback (http://localhost:5176/node_modules/.vite/deps/chunk-KVMAXHTM.js?v=c435cca1:3739:39)
    at invokeGuardedCallbackAndCatchFirstError (http://localhost:5176/node_modules/.vite/deps/chunk-KVMAXHTM.js?v=c435cca1:3742:33)
    at executeDispatch (http://localhost:5176/node_modules/.vite/deps/chunk-KVMAXHTM.js?v=c435cca1:7046:11)
    at processDispatchQueueItemsInOrder (http://localhost:5176/node_modules/.vite/deps/chunk-KVMAXHTM.js?v=c435cca1:7066:15)
    at processDispatchQueue (http://localhost:5176/node_modules/.vite/deps/chunk-KVMAXHTM.js?v=c435cca1:7075:13)
    at dispatchEventsForPlugins (http://localhost:5176/node_modules/.vite/deps/chunk-KVMAXHTM.js?v=c435cca1:7083:11)
[  638917ms] ReferenceError: setEditingId is not defined
    at http://localhost:5176/src/components/FreestyleBoard.jsx?t=1789621026170:637:5
    at http://localhost:5176/src/components/FreestyleBoard.jsx?t=1789621026170:847:9
    at HTMLUnknownElement.callCallback2 (http://localhost:5176/node_modules/.vite/deps/chunk-KVMAXHTM.js?v=c435cca1:3680:22)
    at Object.invokeGuardedCallbackDev (http://localhost:5176/node_modules/.vite/deps/chunk-KVMAXHTM.js?v=c435cca1:3705:24)
    at invokeGuardedCallback (http://localhost:5176/node_modules/.vite/deps/chunk-KVMAXHTM.js?v=c435cca1:3739:39)
    at invokeGuardedCallbackAndCatchFirstError (http://localhost:5176/node_modules/.vite/deps/chunk-KVMAXHTM.js?v=c435cca1:3742:33)
    at executeDispatch (http://localhost:5176/node_modules/.vite/deps/chunk-KVMAXHTM.js?v=c435cca1:7046:11)
    at processDispatchQueueItemsInOrder (http://localhost:5176/node_modules/.vite/deps/chunk-KVMAXHTM.js?v=c435cca1:7066:15)
    at processDispatchQueue (http://localhost:5176/node_modules/.vite/deps/chunk-KVMAXHTM.js?v=c435cca1:7075:13)
    at dispatchEventsForPlugins (http://localhost:5176/node_modules/.vite/deps/chunk-KVMAXHTM.js?v=c435cca1:7083:11)
[  638924ms] ReferenceError: setEditingId is not defined
    at http://localhost:5176/src/components/FreestyleBoard.jsx?t=1789621026170:637:5
    at http://localhost:5176/src/components/FreestyleBoard.jsx?t=1789621026170:847:9
    at HTMLUnknownElement.callCallback2 (http://localhost:5176/node_modules/.vite/deps/chunk-KVMAXHTM.js?v=c435cca1:3680:22)
    at Object.invokeGuardedCallbackDev (http://localhost:5176/node_modules/.vite/deps/chunk-KVMAXHTM.js?v=c435cca1:3705:24)
    at invokeGuardedCallback (http://localhost:5176/node_modules/.vite/deps/chunk-KVMAXHTM.js?v=c435cca1:3739:39)
    at invokeGuardedCallbackAndCatchFirstError (http://localhost:5176/node_modules/.vite/deps/chunk-KVMAXHTM.js?v=c435cca1:3742:33)
    at executeDispatch (http://localhost:5176/node_modules/.vite/deps/chunk-KVMAXHTM.js?v=c435cca1:7046:11)
    at processDispatchQueueItemsInOrder (http://localhost:5176/node_modules/.vite/deps/chunk-KVMAXHTM.js?v=c435cca1:7066:15)
    at processDispatchQueue (http://localhost:5176/node_modules/.vite/deps/chunk-KVMAXHTM.js?v=c435cca1:7075:13)
    at dispatchEventsForPlugins (http://localhost:5176/node_modules/.vite/deps/chunk-KVMAXHTM.js?v=c435cca1:7083:11)
[  638926ms] ReferenceError: setEditingId is not defined
    at http://localhost:5176/src/components/FreestyleBoard.jsx?t=1789621026170:637:5
    at http://localhost:5176/src/components/FreestyleBoard.jsx?t=1789621026170:847:9
    at HTMLUnknownElement.callCallback2 (http://localhost:5176/node_modules/.vite/deps/chunk-KVMAXHTM.js?v=c435cca1:3680:22)
    at Object.invokeGuardedCallbackDev (http://localhost:5176/node_modules/.vite/deps/chunk-KVMAXHTM.js?v=c435cca1:3705:24)
    at invokeGuardedCallback (http://localhost:5176/node_modules/.vite/deps/chunk-KVMAXHTM.js?v=c435cca1:3739:39)
    at invokeGuardedCallbackAndCatchFirstError (http://localhost:5176/node_modules/.vite/deps/chunk-KVMAXHTM.js?v=c435cca1:3742:33)
    at executeDispatch (http://localhost:5176/node_modules/.vite/deps/chunk-KVMAXHTM.js?v=c435cca1:7046:11)
    at processDispatchQueueItemsInOrder (http://localhost:5176/node_modules/.vite/deps/chunk-KVMAXHTM.js?v=c435cca1:7066:15)
    at processDispatchQueue (http://localhost:5176/node_modules/.vite/deps/chunk-KVMAXHTM.js?v=c435cca1:7075:13)
    at dispatchEventsForPlugins (http://localhost:5176/node_modules/.vite/deps/chunk-KVMAXHTM.js?v=c435cca1:7083:11)
[  638932ms] ReferenceError: setEditingId is not defined
    at http://localhost:5176/src/components/FreestyleBoard.jsx?t=1789621026170:637:5
    at http://localhost:5176/src/components/FreestyleBoard.jsx?t=1789621026170:847:9
    at HTMLUnknownElement.callCallback2 (http://localhost:5176/node_modules/.vite/deps/chunk-KVMAXHTM.js?v=c435cca1:3680:22)
    at Object.invokeGuardedCallbackDev (http://localhost:5176/node_modules/.vite/deps/chunk-KVMAXHTM.js?v=c435cca1:3705:24)
    at invokeGuardedCallback (http://localhost:5176/node_modules/.vite/deps/chunk-KVMAXHTM.js?v=c435cca1:3739:39)
    at invokeGuardedCallbackAndCatchFirstError (http://localhost:5176/node_modules/.vite/deps/chunk-KVMAXHTM.js?v=c435cca1:3742:33)
    at executeDispatch (http://localhost:5176/node_modules/.vite/deps/chunk-KVMAXHTM.js?v=c435cca1:7046:11)
    at processDispatchQueueItemsInOrder (http://localhost:5176/node_modules/.vite/deps/chunk-KVMAXHTM.js?v=c435cca1:7066:15)
    at processDispatchQueue (http://localhost:5176/node_modules/.vite/deps/chunk-KVMAXHTM.js?v=c435cca1:7075:13)
    at dispatchEventsForPlugins (http://localhost:5176/node_modules/.vite/deps/chunk-KVMAXHTM.js?v=c435cca1:7083:11)
[  638934ms] ReferenceError: setEditingId is not defined
    at http://localhost:5176/src/components/FreestyleBoard.jsx?t=1789621026170:637:5
    at http://localhost:5176/src/components/FreestyleBoard.jsx?t=1789621026170:847:9
    at HTMLUnknownElement.callCallback2 (http://localhost:5176/node_modules/.vite/deps/chunk-KVMAXHTM.js?v=c435cca1:3680:22)
    at Object.invokeGuardedCallbackDev (http://localhost:5176/node_modules/.vite/deps/chunk-KVMAXHTM.js?v=c435cca1:3705:24)
    at invokeGuardedCallback (http://localhost:5176/node_modules/.vite/deps/chunk-KVMAXHTM.js?v=c435cca1:3739:39)
    at invokeGuardedCallbackAndCatchFirstError (http://localhost:5176/node_modules/.vite/deps/chunk-KVMAXHTM.js?v=c435cca1:3742:33)
    at executeDispatch (http://localhost:5176/node_modules/.vite/deps/chunk-KVMAXHTM.js?v=c435cca1:7046:11)
    at processDispatchQueueItemsInOrder (http://localhost:5176/node_modules/.vite/deps/chunk-KVMAXHTM.js?v=c435cca1:7066:15)
    at processDispatchQueue (http://localhost:5176/node_modules/.vite/deps/chunk-KVMAXHTM.js?v=c435cca1:7075:13)
    at dispatchEventsForPlugins (http://localhost:5176/node_modules/.vite/deps/chunk-KVMAXHTM.js?v=c435cca1:7083:11)
[  638940ms] ReferenceError: setEditingId is not defined
    at http://localhost:5176/src/components/FreestyleBoard.jsx?t=1789621026170:637:5
    at http://localhost:5176/src/components/FreestyleBoard.jsx?t=1789621026170:847:9
    at HTMLUnknownElement.callCallback2 (http://localhost:5176/node_modules/.vite/deps/chunk-KVMAXHTM.js?v=c435cca1:3680:22)
    at Object.invokeGuardedCallbackDev (http://localhost:5176/node_modules/.vite/deps/chunk-KVMAXHTM.js?v=c435cca1:3705:24)
    at invokeGuardedCallback (http://localhost:5176/node_modules/.vite/deps/chunk-KVMAXHTM.js?v=c435cca1:3739:39)
    at invokeGuardedCallbackAndCatchFirstError (http://localhost:5176/node_modules/.vite/deps/chunk-KVMAXHTM.js?v=c435cca1:3742:33)
    at executeDispatch (http://localhost:5176/node_modules/.vite/deps/chunk-KVMAXHTM.js?v=c435cca1:7046:11)
    at processDispatchQueueItemsInOrder (http://localhost:5176/node_modules/.vite/deps/chunk-KVMAXHTM.js?v=c435cca1:7066:15)
    at processDispatchQueue (http://localhost:5176/node_modules/.vite/deps/chunk-KVMAXHTM.js?v=c435cca1:7075:13)
    at dispatchEventsForPlugins (http://localhost:5176/node_modules/.vite/deps/chunk-KVMAXHTM.js?v=c435cca1:7083:11)
[  638944ms] ReferenceError: setEditingId is not defined
    at http://localhost:5176/src/components/FreestyleBoard.jsx?t=1789621026170:637:5
    at http://localhost:5176/src/components/FreestyleBoard.jsx?t=1789621026170:847:9
    at HTMLUnknownElement.callCallback2 (http://localhost:5176/node_modules/.vite/deps/chunk-KVMAXHTM.js?v=c435cca1:3680:22)
    at Object.invokeGuardedCallbackDev (http://localhost:5176/node_modules/.vite/deps/chunk-KVMAXHTM.js?v=c435cca1:3705:24)
    at invokeGuardedCallback (http://localhost:5176/node_modules/.vite/deps/chunk-KVMAXHTM.js?v=c435cca1:3739:39)
    at invokeGuardedCallbackAndCatchFirstError (http://localhost:5176/node_modules/.vite/deps/chunk-KVMAXHTM.js?v=c435cca1:3742:33)
    at executeDispatch (http://localhost:5176/node_modules/.vite/deps/chunk-KVMAXHTM.js?v=c435cca1:7046:11)
    at processDispatchQueueItemsInOrder (http://localhost:5176/node_modules/.vite/deps/chunk-KVMAXHTM.js?v=c435cca1:7066:15)
    at processDispatchQueue (http://localhost:5176/node_modules/.vite/deps/chunk-KVMAXHTM.js?v=c435cca1:7075:13)
    at dispatchEventsForPlugins (http://localhost:5176/node_modules/.vite/deps/chunk-KVMAXHTM.js?v=c435cca1:7083:11)
[  638949ms] ReferenceError: setEditingId is not defined
    at http://localhost:5176/src/components/FreestyleBoard.jsx?t=1789621026170:637:5
    at http://localhost:5176/src/components/FreestyleBoard.jsx?t=1789621026170:847:9
    at HTMLUnknownElement.callCallback2 (http://localhost:5176/node_modules/.vite/deps/chunk-KVMAXHTM.js?v=c435cca1:3680:22)
    at Object.invokeGuardedCallbackDev (http://localhost:5176/node_modules/.vite/deps/chunk-KVMAXHTM.js?v=c435cca1:3705:24)
    at invokeGuardedCallback (http://localhost:5176/node_modules/.vite/deps/chunk-KVMAXHTM.js?v=c435cca1:3739:39)
    at invokeGuardedCallbackAndCatchFirstError (http://localhost:5176/node_modules/.vite/deps/chunk-KVMAXHTM.js?v=c435cca1:3742:33)
    at executeDispatch (http://localhost:5176/node_modules/.vite/deps/chunk-KVMAXHTM.js?v=c435cca1:7046:11)
    at processDispatchQueueItemsInOrder (http://localhost:5176/node_modules/.vite/deps/chunk-KVMAXHTM.js?v=c435cca1:7066:15)
    at processDispatchQueue (http://localhost:5176/node_modules/.vite/deps/chunk-KVMAXHTM.js?v=c435cca1:7075:13)
    at dispatchEventsForPlugins (http://localhost:5176/node_modules/.vite/deps/chunk-KVMAXHTM.js?v=c435cca1:7083:11)
[  638953ms] ReferenceError: setEditingId is not defined
    at http://localhost:5176/src/components/FreestyleBoard.jsx?t=1789621026170:637:5
    at http://localhost:5176/src/components/FreestyleBoard.jsx?t=1789621026170:847:9
    at HTMLUnknownElement.callCallback2 (http://localhost:5176/node_modules/.vite/deps/chunk-KVMAXHTM.js?v=c435cca1:3680:22)
    at Object.invokeGuardedCallbackDev (http://localhost:5176/node_modules/.vite/deps/chunk-KVMAXHTM.js?v=c435cca1:3705:24)
    at invokeGuardedCallback (http://localhost:5176/node_modules/.vite/deps/chunk-KVMAXHTM.js?v=c435cca1:3739:39)
    at invokeGuardedCallbackAndCatchFirstError (http://localhost:5176/node_modules/.vite/deps/chunk-KVMAXHTM.js?v=c435cca1:3742:33)
    at executeDispatch (http://localhost:5176/node_modules/.vite/deps/chunk-KVMAXHTM.js?v=c435cca1:7046:11)
    at processDispatchQueueItemsInOrder (http://localhost:5176/node_modules/.vite/deps/chunk-KVMAXHTM.js?v=c435cca1:7066:15)
    at processDispatchQueue (http://localhost:5176/node_modules/.vite/deps/chunk-KVMAXHTM.js?v=c435cca1:7075:13)
    at dispatchEventsForPlugins (http://localhost:5176/node_modules/.vite/deps/chunk-KVMAXHTM.js?v=c435cca1:7083:11)
[  638961ms] ReferenceError: setEditingId is not defined
    at http://localhost:5176/src/components/FreestyleBoard.jsx?t=1789621026170:637:5
    at http://localhost:5176/src/components/FreestyleBoard.jsx?t=1789621026170:847:9
    at HTMLUnknownElement.callCallback2 (http://localhost:5176/node_modules/.vite/deps/chunk-KVMAXHTM.js?v=c435cca1:3680:22)
    at Object.invokeGuardedCallbackDev (http://localhost:5176/node_modules/.vite/deps/chunk-KVMAXHTM.js?v=c435cca1:3705:24)
    at invokeGuardedCallback (http://localhost:5176/node_modules/.vite/deps/chunk-KVMAXHTM.js?v=c435cca1:3739:39)
    at invokeGuardedCallbackAndCatchFirstError (http://localhost:5176/node_modules/.vite/deps/chunk-KVMAXHTM.js?v=c435cca1:3742:33)
    at executeDispatch (http://localhost:5176/node_modules/.vite/deps/chunk-KVMAXHTM.js?v=c435cca1:7046:11)
    at processDispatchQueueItemsInOrder (http://localhost:5176/node_modules/.vite/deps/chunk-KVMAXHTM.js?v=c435cca1:7066:15)
    at processDispatchQueue (http://localhost:5176/node_modules/.vite/deps/chunk-KVMAXHTM.js?v=c435cca1:7075:13)
    at dispatchEventsForPlugins (http://localhost:5176/node_modules/.vite/deps/chunk-KVMAXHTM.js?v=c435cca1:7083:11)
[  638961ms] ReferenceError: setEditingId is not defined
    at http://localhost:5176/src/components/FreestyleBoard.jsx?t=1789621026170:637:5
    at http://localhost:5176/src/components/FreestyleBoard.jsx?t=1789621026170:847:9
    at HTMLUnknownElement.callCallback2 (http://localhost:5176/node_modules/.vite/deps/chunk-KVMAXHTM.js?v=c435cca1:3680:22)
    at Object.invokeGuardedCallbackDev (http://localhost:5176/node_modules/.vite/deps/chunk-KVMAXHTM.js?v=c435cca1:3705:24)
    at invokeGuardedCallback (http://localhost:5176/node_modules/.vite/deps/chunk-KVMAXHTM.js?v=c435cca1:3739:39)
    at invokeGuardedCallbackAndCatchFirstError (http://localhost:5176/node_modules/.vite/deps/chunk-KVMAXHTM.js?v=c435cca1:3742:33)
    at executeDispatch (http://localhost:5176/node_modules/.vite/deps/chunk-KVMAXHTM.js?v=c435cca1:7046:11)
    at processDispatchQueueItemsInOrder (http://localhost:5176/node_modules/.vite/deps/chunk-KVMAXHTM.js?v=c435cca1:7066:15)
    at processDispatchQueue (http://localhost:5176/node_modules/.vite/deps/chunk-KVMAXHTM.js?v=c435cca1:7075:13)
    at dispatchEventsForPlugins (http://localhost:5176/node_modules/.vite/deps/chunk-KVMAXHTM.js?v=c435cca1:7083:11)
[  638967ms] ReferenceError: setEditingId is not defined
    at http://localhost:5176/src/components/FreestyleBoard.jsx?t=1789621026170:637:5
    at http://localhost:5176/src/components/FreestyleBoard.jsx?t=1789621026170:847:9
    at HTMLUnknownElement.callCallback2 (http://localhost:5176/node_modules/.vite/deps/chunk-KVMAXHTM.js?v=c435cca1:3680:22)
    at Object.invokeGuardedCallbackDev (http://localhost:5176/node_modules/.vite/deps/chunk-KVMAXHTM.js?v=c435cca1:3705:24)
    at invokeGuardedCallback (http://localhost:5176/node_modules/.vite/deps/chunk-KVMAXHTM.js?v=c435cca1:3739:39)
    at invokeGuardedCallbackAndCatchFirstError (http://localhost:5176/node_modules/.vite/deps/chunk-KVMAXHTM.js?v=c435cca1:3742:33)
    at executeDispatch (http://localhost:5176/node_modules/.vite/deps/chunk-KVMAXHTM.js?v=c435cca1:7046:11)
    at processDispatchQueueItemsInOrder (http://localhost:5176/node_modules/.vite/deps/chunk-KVMAXHTM.js?v=c435cca1:7066:15)
    at processDispatchQueue (http://localhost:5176/node_modules/.vite/deps/chunk-KVMAXHTM.js?v=c435cca1:7075:13)
    at dispatchEventsForPlugins (http://localhost:5176/node_modules/.vite/deps/chunk-KVMAXHTM.js?v=c435cca1:7083:11)
[  638967ms] ReferenceError: setEditingId is not defined
    at http://localhost:5176/src/components/FreestyleBoard.jsx?t=1789621026170:637:5
    at http://localhost:5176/src/components/FreestyleBoard.jsx?t=1789621026170:847:9
    at HTMLUnknownElement.callCallback2 (http://localhost:5176/node_modules/.vite/deps/chunk-KVMAXHTM.js?v=c435cca1:3680:22)
    at Object.invokeGuardedCallbackDev (http://localhost:5176/node_modules/.vite/deps/chunk-KVMAXHTM.js?v=c435cca1:3705:24)
    at invokeGuardedCallback (http://localhost:5176/node_modules/.vite/deps/chunk-KVMAXHTM.js?v=c435cca1:3739:39)
    at invokeGuardedCallbackAndCatchFirstError (http://localhost:5176/node_modules/.vite/deps/chunk-KVMAXHTM.js?v=c435cca1:3742:33)
    at executeDispatch (http://localhost:5176/node_modules/.vite/deps/chunk-KVMAXHTM.js?v=c435cca1:7046:11)
    at processDispatchQueueItemsInOrder (http://localhost:5176/node_modules/.vite/deps/chunk-KVMAXHTM.js?v=c435cca1:7066:15)
    at processDispatchQueue (http://localhost:5176/node_modules/.vite/deps/chunk-KVMAXHTM.js?v=c435cca1:7075:13)
    at dispatchEventsForPlugins (http://localhost:5176/node_modules/.vite/deps/chunk-KVMAXHTM.js?v=c435cca1:7083:11)
[  638975ms] ReferenceError: setEditingId is not defined
    at http://localhost:5176/src/components/FreestyleBoard.jsx?t=1789621026170:637:5
    at http://localhost:5176/src/components/FreestyleBoard.jsx?t=1789621026170:847:9
    at HTMLUnknownElement.callCallback2 (http://localhost:5176/node_modules/.vite/deps/chunk-KVMAXHTM.js?v=c435cca1:3680:22)
    at Object.invokeGuardedCallbackDev (http://localhost:5176/node_modules/.vite/deps/chunk-KVMAXHTM.js?v=c435cca1:3705:24)
    at invokeGuardedCallback (http://localhost:5176/node_modules/.vite/deps/chunk-KVMAXHTM.js?v=c435cca1:3739:39)
    at invokeGuardedCallbackAndCatchFirstError (http://localhost:5176/node_modules/.vite/deps/chunk-KVMAXHTM.js?v=c435cca1:3742:33)
    at executeDispatch (http://localhost:5176/node_modules/.vite/deps/chunk-KVMAXHTM.js?v=c435cca1:7046:11)
    at processDispatchQueueItemsInOrder (http://localhost:5176/node_modules/.vite/deps/chunk-KVMAXHTM.js?v=c435cca1:7066:15)
    at processDispatchQueue (http://localhost:5176/node_modules/.vite/deps/chunk-KVMAXHTM.js?v=c435cca1:7075:13)
    at dispatchEventsForPlugins (http://localhost:5176/node_modules/.vite/deps/chunk-KVMAXHTM.js?v=c435cca1:7083:11)
[  638976ms] ReferenceError: setEditingId is not defined
    at http://localhost:5176/src/components/FreestyleBoard.jsx?t=1789621026170:637:5
    at http://localhost:5176/src/components/FreestyleBoard.jsx?t=1789621026170:847:9
    at HTMLUnknownElement.callCallback2 (http://localhost:5176/node_modules/.vite/deps/chunk-KVMAXHTM.js?v=c435cca1:3680:22)
    at Object.invokeGuardedCallbackDev (http://localhost:5176/node_modules/.vite/deps/chunk-KVMAXHTM.js?v=c435cca1:3705:24)
    at invokeGuardedCallback (http://localhost:5176/node_modules/.vite/deps/chunk-KVMAXHTM.js?v=c435cca1:3739:39)
    at invokeGuardedCallbackAndCatchFirstError (http://localhost:5176/node_modules/.vite/deps/chunk-KVMAXHTM.js?v=c435cca1:3742:33)
    at executeDispatch (http://localhost:5176/node_modules/.vite/deps/chunk-KVMAXHTM.js?v=c435cca1:7046:11)
    at processDispatchQueueItemsInOrder (http://localhost:5176/node_modules/.vite/deps/chunk-KVMAXHTM.js?v=c435cca1:7066:15)
    at processDispatchQueue (http://localhost:5176/node_modules/.vite/deps/chunk-KVMAXHTM.js?v=c435cca1:7075:13)
    at dispatchEventsForPlugins (http://localhost:5176/node_modules/.vite/deps/chunk-KVMAXHTM.js?v=c435cca1:7083:11)
[  638985ms] ReferenceError: setEditingId is not defined
    at http://localhost:5176/src/components/FreestyleBoard.jsx?t=1789621026170:637:5
    at http://localhost:5176/src/components/FreestyleBoard.jsx?t=1789621026170:847:9
    at HTMLUnknownElement.callCallback2 (http://localhost:5176/node_modules/.vite/deps/chunk-KVMAXHTM.js?v=c435cca1:3680:22)
    at Object.invokeGuardedCallbackDev (http://localhost:5176/node_modules/.vite/deps/chunk-KVMAXHTM.js?v=c435cca1:3705:24)
    at invokeGuardedCallback (http://localhost:5176/node_modules/.vite/deps/chunk-KVMAXHTM.js?v=c435cca1:3739:39)
    at invokeGuardedCallbackAndCatchFirstError (http://localhost:5176/node_modules/.vite/deps/chunk-KVMAXHTM.js?v=c435cca1:3742:33)
    at executeDispatch (http://localhost:5176/node_modules/.vite/deps/chunk-KVMAXHTM.js?v=c435cca1:7046:11)
    at processDispatchQueueItemsInOrder (http://localhost:5176/node_modules/.vite/deps/chunk-KVMAXHTM.js?v=c435cca1:7066:15)
    at processDispatchQueue (http://localhost:5176/node_modules/.vite/deps/chunk-KVMAXHTM.js?v=c435cca1:7075:13)
    at dispatchEventsForPlugins (http://localhost:5176/node_modules/.vite/deps/chunk-KVMAXHTM.js?v=c435cca1:7083:11)
[  638986ms] ReferenceError: setEditingId is not defined
    at http://localhost:5176/src/components/FreestyleBoard.jsx?t=1789621026170:637:5
    at http://localhost:5176/src/components/FreestyleBoard.jsx?t=1789621026170:847:9
    at HTMLUnknownElement.callCallback2 (http://localhost:5176/node_modules/.vite/deps/chunk-KVMAXHTM.js?v=c435cca1:3680:22)
    at Object.invokeGuardedCallbackDev (http://localhost:5176/node_modules/.vite/deps/chunk-KVMAXHTM.js?v=c435cca1:3705:24)
    at invokeGuardedCallback (http://localhost:5176/node_modules/.vite/deps/chunk-KVMAXHTM.js?v=c435cca1:3739:39)
    at invokeGuardedCallbackAndCatchFirstError (http://localhost:5176/node_modules/.vite/deps/chunk-KVMAXHTM.js?v=c435cca1:3742:33)
    at executeDispatch (http://localhost:5176/node_modules/.vite/deps/chunk-KVMAXHTM.js?v=c435cca1:7046:11)
    at processDispatchQueueItemsInOrder (http://localhost:5176/node_modules/.vite/deps/chunk-KVMAXHTM.js?v=c435cca1:7066:15)
    at processDispatchQueue (http://localhost:5176/node_modules/.vite/deps/chunk-KVMAXHTM.js?v=c435cca1:7075:13)
    at dispatchEventsForPlugins (http://localhost:5176/node_modules/.vite/deps/chunk-KVMAXHTM.js?v=c435cca1:7083:11)
[  638997ms] ReferenceError: setEditingId is not defined
    at http://localhost:5176/src/components/FreestyleBoard.jsx?t=1789621026170:637:5
    at http://localhost:5176/src/components/FreestyleBoard.jsx?t=1789621026170:847:9
    at HTMLUnknownElement.callCallback2 (http://localhost:5176/node_modules/.vite/deps/chunk-KVMAXHTM.js?v=c435cca1:3680:22)
    at Object.invokeGuardedCallbackDev (http://localhost:5176/node_modules/.vite/deps/chunk-KVMAXHTM.js?v=c435cca1:3705:24)
    at invokeGuardedCallback (http://localhost:5176/node_modules/.vite/deps/chunk-KVMAXHTM.js?v=c435cca1:3739:39)
    at invokeGuardedCallbackAndCatchFirstError (http://localhost:5176/node_modules/.vite/deps/chunk-KVMAXHTM.js?v=c435cca1:3742:33)
    at executeDispatch (http://localhost:5176/node_modules/.vite/deps/chunk-KVMAXHTM.js?v=c435cca1:7046:11)
    at processDispatchQueueItemsInOrder (http://localhost:5176/node_modules/.vite/deps/chunk-KVMAXHTM.js?v=c435cca1:7066:15)
    at processDispatchQueue (http://localhost:5176/node_modules/.vite/deps/chunk-KVMAXHTM.js?v=c435cca1:7075:13)
    at dispatchEventsForPlugins (http://localhost:5176/node_modules/.vite/deps/chunk-KVMAXHTM.js?v=c435cca1:7083:11)
[  638998ms] ReferenceError: setEditingId is not defined
    at http://localhost:5176/src/components/FreestyleBoard.jsx?t=1789621026170:637:5
    at http://localhost:5176/src/components/FreestyleBoard.jsx?t=1789621026170:847:9
    at HTMLUnknownElement.callCallback2 (http://localhost:5176/node_modules/.vite/deps/chunk-KVMAXHTM.js?v=c435cca1:3680:22)
    at Object.invokeGuardedCallbackDev (http://localhost:5176/node_modules/.vite/deps/chunk-KVMAXHTM.js?v=c435cca1:3705:24)
    at invokeGuardedCallback (http://localhost:5176/node_modules/.vite/deps/chunk-KVMAXHTM.js?v=c435cca1:3739:39)
    at invokeGuardedCallbackAndCatchFirstError (http://localhost:5176/node_modules/.vite/deps/chunk-KVMAXHTM.js?v=c435cca1:3742:33)
    at executeDispatch (http://localhost:5176/node_modules/.vite/deps/chunk-KVMAXHTM.js?v=c435cca1:7046:11)
    at processDispatchQueueItemsInOrder (http://localhost:5176/node_modules/.vite/deps/chunk-KVMAXHTM.js?v=c435cca1:7066:15)
    at processDispatchQueue (http://localhost:5176/node_modules/.vite/deps/chunk-KVMAXHTM.js?v=c435cca1:7075:13)
    at dispatchEventsForPlugins (http://localhost:5176/node_modules/.vite/deps/chunk-KVMAXHTM.js?v=c435cca1:7083:11)
[  639011ms] ReferenceError: setEditingId is not defined
    at http://localhost:5176/src/components/FreestyleBoard.jsx?t=1789621026170:637:5
    at http://localhost:5176/src/components/FreestyleBoard.jsx?t=1789621026170:847:9
    at HTMLUnknownElement.callCallback2 (http://localhost:5176/node_modules/.vite/deps/chunk-KVMAXHTM.js?v=c435cca1:3680:22)
    at Object.invokeGuardedCallbackDev (http://localhost:5176/node_modules/.vite/deps/chunk-KVMAXHTM.js?v=c435cca1:3705:24)
    at invokeGuardedCallback (http://localhost:5176/node_modules/.vite/deps/chunk-KVMAXHTM.js?v=c435cca1:3739:39)
    at invokeGuardedCallbackAndCatchFirstError (http://localhost:5176/node_modules/.vite/deps/chunk-KVMAXHTM.js?v=c435cca1:3742:33)
    at executeDispatch (http://localhost:5176/node_modules/.vite/deps/chunk-KVMAXHTM.js?v=c435cca1:7046:11)
    at processDispatchQueueItemsInOrder (http://localhost:5176/node_modules/.vite/deps/chunk-KVMAXHTM.js?v=c435cca1:7066:15)
    at processDispatchQueue (http://localhost:5176/node_modules/.vite/deps/chunk-KVMAXHTM.js?v=c435cca1:7075:13)
    at dispatchEventsForPlugins (http://localhost:5176/node_modules/.vite/deps/chunk-KVMAXHTM.js?v=c435cca1:7083:11)
[  639012ms] ReferenceError: setEditingId is not defined
    at http://localhost:5176/src/components/FreestyleBoard.jsx?t=1789621026170:637:5
    at http://localhost:5176/src/components/FreestyleBoard.jsx?t=1789621026170:847:9
    at HTMLUnknownElement.callCallback2 (http://localhost:5176/node_modules/.vite/deps/chunk-KVMAXHTM.js?v=c435cca1:3680:22)
    at Object.invokeGuardedCallbackDev (http://localhost:5176/node_modules/.vite/deps/chunk-KVMAXHTM.js?v=c435cca1:3705:24)
    at invokeGuardedCallback (http://localhost:5176/node_modules/.vite/deps/chunk-KVMAXHTM.js?v=c435cca1:3739:39)
    at invokeGuardedCallbackAndCatchFirstError (http://localhost:5176/node_modules/.vite/deps/chunk-KVMAXHTM.js?v=c435cca1:3742:33)
    at executeDispatch (http://localhost:5176/node_modules/.vite/deps/chunk-KVMAXHTM.js?v=c435cca1:7046:11)
    at processDispatchQueueItemsInOrder (http://localhost:5176/node_modules/.vite/deps/chunk-KVMAXHTM.js?v=c435cca1:7066:15)
    at processDispatchQueue (http://localhost:5176/node_modules/.vite/deps/chunk-KVMAXHTM.js?v=c435cca1:7075:13)
    at dispatchEventsForPlugins (http://localhost:5176/node_modules/.vite/deps/chunk-KVMAXHTM.js?v=c435cca1:7083:11)
[  639015ms] ReferenceError: setEditingId is not defined
    at http://localhost:5176/src/components/FreestyleBoard.jsx?t=1789621026170:637:5
    at http://localhost:5176/src/components/FreestyleBoard.jsx?t=1789621026170:847:9
    at HTMLUnknownElement.callCallback2 (http://localhost:5176/node_modules/.vite/deps/chunk-KVMAXHTM.js?v=c435cca1:3680:22)
    at Object.invokeGuardedCallbackDev (http://localhost:5176/node_modules/.vite/deps/chunk-KVMAXHTM.js?v=c435cca1:3705:24)
    at invokeGuardedCallback (http://localhost:5176/node_modules/.vite/deps/chunk-KVMAXHTM.js?v=c435cca1:3739:39)
    at invokeGuardedCallbackAndCatchFirstError (http://localhost:5176/node_modules/.vite/deps/chunk-KVMAXHTM.js?v=c435cca1:3742:33)
    at executeDispatch (http://localhost:5176/node_modules/.vite/deps/chunk-KVMAXHTM.js?v=c435cca1:7046:11)
    at processDispatchQueueItemsInOrder (http://localhost:5176/node_modules/.vite/deps/chunk-KVMAXHTM.js?v=c435cca1:7066:15)
    at processDispatchQueue (http://localhost:5176/node_modules/.vite/deps/chunk-KVMAXHTM.js?v=c435cca1:7075:13)
    at dispatchEventsForPlugins (http://localhost:5176/node_modules/.vite/deps/chunk-KVMAXHTM.js?v=c435cca1:7083:11)
[  639017ms] ReferenceError: setEditingId is not defined
    at http://localhost:5176/src/components/FreestyleBoard.jsx?t=1789621026170:637:5
    at http://localhost:5176/src/components/FreestyleBoard.jsx?t=1789621026170:847:9
    at HTMLUnknownElement.callCallback2 (http://localhost:5176/node_modules/.vite/deps/chunk-KVMAXHTM.js?v=c435cca1:3680:22)
    at Object.invokeGuardedCallbackDev (http://localhost:5176/node_modules/.vite/deps/chunk-KVMAXHTM.js?v=c435cca1:3705:24)
    at invokeGuardedCallback (http://localhost:5176/node_modules/.vite/deps/chunk-KVMAXHTM.js?v=c435cca1:3739:39)
    at invokeGuardedCallbackAndCatchFirstError (http://localhost:5176/node_modules/.vite/deps/chunk-KVMAXHTM.js?v=c435cca1:3742:33)
    at executeDispatch (http://localhost:5176/node_modules/.vite/deps/chunk-KVMAXHTM.js?v=c435cca1:7046:11)
    at processDispatchQueueItemsInOrder (http://localhost:5176/node_modules/.vite/deps/chunk-KVMAXHTM.js?v=c435cca1:7066:15)
    at processDispatchQueue (http://localhost:5176/node_modules/.vite/deps/chunk-KVMAXHTM.js?v=c435cca1:7075:13)
    at dispatchEventsForPlugins (http://localhost:5176/node_modules/.vite/deps/chunk-KVMAXHTM.js?v=c435cca1:7083:11)
[  639028ms] ReferenceError: setEditingId is not defined
    at http://localhost:5176/src/components/FreestyleBoard.jsx?t=1789621026170:637:5
    at http://localhost:5176/src/components/FreestyleBoard.jsx?t=1789621026170:847:9
    at HTMLUnknownElement.callCallback2 (http://localhost:5176/node_modules/.vite/deps/chunk-KVMAXHTM.js?v=c435cca1:3680:22)
    at Object.invokeGuardedCallbackDev (http://localhost:5176/node_modules/.vite/deps/chunk-KVMAXHTM.js?v=c435cca1:3705:24)
    at invokeGuardedCallback (http://localhost:5176/node_modules/.vite/deps/chunk-KVMAXHTM.js?v=c435cca1:3739:39)
    at invokeGuardedCallbackAndCatchFirstError (http://localhost:5176/node_modules/.vite/deps/chunk-KVMAXHTM.js?v=c435cca1:3742:33)
    at executeDispatch (http://localhost:5176/node_modules/.vite/deps/chunk-KVMAXHTM.js?v=c435cca1:7046:11)
    at processDispatchQueueItemsInOrder (http://localhost:5176/node_modules/.vite/deps/chunk-KVMAXHTM.js?v=c435cca1:7066:15)
    at processDispatchQueue (http://localhost:5176/node_modules/.vite/deps/chunk-KVMAXHTM.js?v=c435cca1:7075:13)
    at dispatchEventsForPlugins (http://localhost:5176/node_modules/.vite/deps/chunk-KVMAXHTM.js?v=c435cca1:7083:11)
[  639029ms] ReferenceError: setEditingId is not defined
    at http://localhost:5176/src/components/FreestyleBoard.jsx?t=1789621026170:637:5
    at http://localhost:5176/src/components/FreestyleBoard.jsx?t=1789621026170:847:9
    at HTMLUnknownElement.callCallback2 (http://localhost:5176/node_modules/.vite/deps/chunk-KVMAXHTM.js?v=c435cca1:3680:22)
    at Object.invokeGuardedCallbackDev (http://localhost:5176/node_modules/.vite/deps/chunk-KVMAXHTM.js?v=c435cca1:3705:24)
    at invokeGuardedCallback (http://localhost:5176/node_modules/.vite/deps/chunk-KVMAXHTM.js?v=c435cca1:3739:39)
    at invokeGuardedCallbackAndCatchFirstError (http://localhost:5176/node_modules/.vite/deps/chunk-KVMAXHTM.js?v=c435cca1:3742:33)
    at executeDispatch (http://localhost:5176/node_modules/.vite/deps/chunk-KVMAXHTM.js?v=c435cca1:7046:11)
    at processDispatchQueueItemsInOrder (http://localhost:5176/node_modules/.vite/deps/chunk-KVMAXHTM.js?v=c435cca1:7066:15)
    at processDispatchQueue (http://localhost:5176/node_modules/.vite/deps/chunk-KVMAXHTM.js?v=c435cca1:7075:13)
    at dispatchEventsForPlugins (http://localhost:5176/node_modules/.vite/deps/chunk-KVMAXHTM.js?v=c435cca1:7083:11)
[  639034ms] ReferenceError: setEditingId is not defined
    at http://localhost:5176/src/components/FreestyleBoard.jsx?t=1789621026170:637:5
    at http://localhost:5176/src/components/FreestyleBoard.jsx?t=1789621026170:847:9
    at HTMLUnknownElement.callCallback2 (http://localhost:5176/node_modules/.vite/deps/chunk-KVMAXHTM.js?v=c435cca1:3680:22)
    at Object.invokeGuardedCallbackDev (http://localhost:5176/node_modules/.vite/deps/chunk-KVMAXHTM.js?v=c435cca1:3705:24)
    at invokeGuardedCallback (http://localhost:5176/node_modules/.vite/deps/chunk-KVMAXHTM.js?v=c435cca1:3739:39)
    at invokeGuardedCallbackAndCatchFirstError (http://localhost:5176/node_modules/.vite/deps/chunk-KVMAXHTM.js?v=c435cca1:3742:33)
    at executeDispatch (http://localhost:5176/node_modules/.vite/deps/chunk-KVMAXHTM.js?v=c435cca1:7046:11)
    at processDispatchQueueItemsInOrder (http://localhost:5176/node_modules/.vite/deps/chunk-KVMAXHTM.js?v=c435cca1:7066:15)
    at processDispatchQueue (http://localhost:5176/node_modules/.vite/deps/chunk-KVMAXHTM.js?v=c435cca1:7075:13)
    at dispatchEventsForPlugins (http://localhost:5176/node_modules/.vite/deps/chunk-KVMAXHTM.js?v=c435cca1:7083:11)
[  639036ms] ReferenceError: setEditingId is not defined
    at http://localhost:5176/src/components/FreestyleBoard.jsx?t=1789621026170:637:5
    at http://localhost:5176/src/components/FreestyleBoard.jsx?t=1789621026170:847:9
    at HTMLUnknownElement.callCallback2 (http://localhost:5176/node_modules/.vite/deps/chunk-KVMAXHTM.js?v=c435cca1:3680:22)
    at Object.invokeGuardedCallbackDev (http://localhost:5176/node_modules/.vite/deps/chunk-KVMAXHTM.js?v=c435cca1:3705:24)
    at invokeGuardedCallback (http://localhost:5176/node_modules/.vite/deps/chunk-KVMAXHTM.js?v=c435cca1:3739:39)
    at invokeGuardedCallbackAndCatchFirstError (http://localhost:5176/node_modules/.vite/deps/chunk-KVMAXHTM.js?v=c435cca1:3742:33)
    at executeDispatch (http://localhost:5176/node_modules/.vite/deps/chunk-KVMAXHTM.js?v=c435cca1:7046:11)
    at processDispatchQueueItemsInOrder (http://localhost:5176/node_modules/.vite/deps/chunk-KVMAXHTM.js?v=c435cca1:7066:15)
    at processDispatchQueue (http://localhost:5176/node_modules/.vite/deps/chunk-KVMAXHTM.js?v=c435cca1:7075:13)
    at dispatchEventsForPlugins (http://localhost:5176/node_modules/.vite/deps/chunk-KVMAXHTM.js?v=c435cca1:7083:11)
[  639044ms] ReferenceError: setEditingId is not defined
    at http://localhost:5176/src/components/FreestyleBoard.jsx?t=1789621026170:637:5
    at http://localhost:5176/src/components/FreestyleBoard.jsx?t=1789621026170:847:9
    at HTMLUnknownElement.callCallback2 (http://localhost:5176/node_modules/.vite/deps/chunk-KVMAXHTM.js?v=c435cca1:3680:22)
    at Object.invokeGuardedCallbackDev (http://localhost:5176/node_modules/.vite/deps/chunk-KVMAXHTM.js?v=c435cca1:3705:24)
    at invokeGuardedCallback (http://localhost:5176/node_modules/.vite/deps/chunk-KVMAXHTM.js?v=c435cca1:3739:39)
    at invokeGuardedCallbackAndCatchFirstError (http://localhost:5176/node_modules/.vite/deps/chunk-KVMAXHTM.js?v=c435cca1:3742:33)
    at executeDispatch (http://localhost:5176/node_modules/.vite/deps/chunk-KVMAXHTM.js?v=c435cca1:7046:11)
    at processDispatchQueueItemsInOrder (http://localhost:5176/node_modules/.vite/deps/chunk-KVMAXHTM.js?v=c435cca1:7066:15)
    at processDispatchQueue (http://localhost:5176/node_modules/.vite/deps/chunk-KVMAXHTM.js?v=c435cca1:7075:13)
    at dispatchEventsForPlugins (http://localhost:5176/node_modules/.vite/deps/chunk-KVMAXHTM.js?v=c435cca1:7083:11)
[  639047ms] ReferenceError: setEditingId is not defined
    at http://localhost:5176/src/components/FreestyleBoard.jsx?t=1789621026170:637:5
    at http://localhost:5176/src/components/FreestyleBoard.jsx?t=1789621026170:847:9
    at HTMLUnknownElement.callCallback2 (http://localhost:5176/node_modules/.vite/deps/chunk-KVMAXHTM.js?v=c435cca1:3680:22)
    at Object.invokeGuardedCallbackDev (http://localhost:5176/node_modules/.vite/deps/chunk-KVMAXHTM.js?v=c435cca1:3705:24)
    at invokeGuardedCallback (http://localhost:5176/node_modules/.vite/deps/chunk-KVMAXHTM.js?v=c435cca1:3739:39)
    at invokeGuardedCallbackAndCatchFirstError (http://localhost:5176/node_modules/.vite/deps/chunk-KVMAXHTM.js?v=c435cca1:3742:33)
    at executeDispatch (http://localhost:5176/node_modules/.vite/deps/chunk-KVMAXHTM.js?v=c435cca1:7046:11)
    at processDispatchQueueItemsInOrder (http://localhost:5176/node_modules/.vite/deps/chunk-KVMAXHTM.js?v=c435cca1:7066:15)
    at processDispatchQueue (http://localhost:5176/node_modules/.vite/deps/chunk-KVMAXHTM.js?v=c435cca1:7075:13)
    at dispatchEventsForPlugins (http://localhost:5176/node_modules/.vite/deps/chunk-KVMAXHTM.js?v=c435cca1:7083:11)
[  639053ms] ReferenceError: setEditingId is not defined
    at http://localhost:5176/src/components/FreestyleBoard.jsx?t=1789621026170:637:5
    at http://localhost:5176/src/components/FreestyleBoard.jsx?t=1789621026170:847:9
    at HTMLUnknownElement.callCallback2 (http://localhost:5176/node_modules/.vite/deps/chunk-KVMAXHTM.js?v=c435cca1:3680:22)
    at Object.invokeGuardedCallbackDev (http://localhost:5176/node_modules/.vite/deps/chunk-KVMAXHTM.js?v=c435cca1:3705:24)
    at invokeGuardedCallback (http://localhost:5176/node_modules/.vite/deps/chunk-KVMAXHTM.js?v=c435cca1:3739:39)
    at invokeGuardedCallbackAndCatchFirstError (http://localhost:5176/node_modules/.vite/deps/chunk-KVMAXHTM.js?v=c435cca1:3742:33)
    at executeDispatch (http://localhost:5176/node_modules/.vite/deps/chunk-KVMAXHTM.js?v=c435cca1:7046:11)
    at processDispatchQueueItemsInOrder (http://localhost:5176/node_modules/.vite/deps/chunk-KVMAXHTM.js?v=c435cca1:7066:15)
    at processDispatchQueue (http://localhost:5176/node_modules/.vite/deps/chunk-KVMAXHTM.js?v=c435cca1:7075:13)
    at dispatchEventsForPlugins (http://localhost:5176/node_modules/.vite/deps/chunk-KVMAXHTM.js?v=c435cca1:7083:11)
[  639054ms] ReferenceError: setEditingId is not defined
    at http://localhost:5176/src/components/FreestyleBoard.jsx?t=1789621026170:637:5
    at http://localhost:5176/src/components/FreestyleBoard.jsx?t=1789621026170:847:9
    at HTMLUnknownElement.callCallback2 (http://localhost:5176/node_modules/.vite/deps/chunk-KVMAXHTM.js?v=c435cca1:3680:22)
    at Object.invokeGuardedCallbackDev (http://localhost:5176/node_modules/.vite/deps/chunk-KVMAXHTM.js?v=c435cca1:3705:24)
    at invokeGuardedCallback (http://localhost:5176/node_modules/.vite/deps/chunk-KVMAXHTM.js?v=c435cca1:3739:39)
    at invokeGuardedCallbackAndCatchFirstError (http://localhost:5176/node_modules/.vite/deps/chunk-KVMAXHTM.js?v=c435cca1:3742:33)
    at executeDispatch (http://localhost:5176/node_modules/.vite/deps/chunk-KVMAXHTM.js?v=c435cca1:7046:11)
    at processDispatchQueueItemsInOrder (http://localhost:5176/node_modules/.vite/deps/chunk-KVMAXHTM.js?v=c435cca1:7066:15)
    at processDispatchQueue (http://localhost:5176/node_modules/.vite/deps/chunk-KVMAXHTM.js?v=c435cca1:7075:13)
    at dispatchEventsForPlugins (http://localhost:5176/node_modules/.vite/deps/chunk-KVMAXHTM.js?v=c435cca1:7083:11)
[  639061ms] ReferenceError: setEditingId is not defined
    at http://localhost:5176/src/components/FreestyleBoard.jsx?t=1789621026170:637:5
    at http://localhost:5176/src/components/FreestyleBoard.jsx?t=1789621026170:847:9
    at HTMLUnknownElement.callCallback2 (http://localhost:5176/node_modules/.vite/deps/chunk-KVMAXHTM.js?v=c435cca1:3680:22)
    at Object.invokeGuardedCallbackDev (http://localhost:5176/node_modules/.vite/deps/chunk-KVMAXHTM.js?v=c435cca1:3705:24)
    at invokeGuardedCallback (http://localhost:5176/node_modules/.vite/deps/chunk-KVMAXHTM.js?v=c435cca1:3739:39)
    at invokeGuardedCallbackAndCatchFirstError (http://localhost:5176/node_modules/.vite/deps/chunk-KVMAXHTM.js?v=c435cca1:3742:33)
    at executeDispatch (http://localhost:5176/node_modules/.vite/deps/chunk-KVMAXHTM.js?v=c435cca1:7046:11)
    at processDispatchQueueItemsInOrder (http://localhost:5176/node_modules/.vite/deps/chunk-KVMAXHTM.js?v=c435cca1:7066:15)
    at processDispatchQueue (http://localhost:5176/node_modules/.vite/deps/chunk-KVMAXHTM.js?v=c435cca1:7075:13)
    at dispatchEventsForPlugins (http://localhost:5176/node_modules/.vite/deps/chunk-KVMAXHTM.js?v=c435cca1:7083:11)
[  639062ms] ReferenceError: setEditingId is not defined
    at http://localhost:5176/src/components/FreestyleBoard.jsx?t=1789621026170:637:5
    at http://localhost:5176/src/components/FreestyleBoard.jsx?t=1789621026170:847:9
    at HTMLUnknownElement.callCallback2 (http://localhost:5176/node_modules/.vite/deps/chunk-KVMAXHTM.js?v=c435cca1:3680:22)
    at Object.invokeGuardedCallbackDev (http://localhost:5176/node_modules/.vite/deps/chunk-KVMAXHTM.js?v=c435cca1:3705:24)
    at invokeGuardedCallback (http://localhost:5176/node_modules/.vite/deps/chunk-KVMAXHTM.js?v=c435cca1:3739:39)
    at invokeGuardedCallbackAndCatchFirstError (http://localhost:5176/node_modules/.vite/deps/chunk-KVMAXHTM.js?v=c435cca1:3742:33)
    at executeDispatch (http://localhost:5176/node_modules/.vite/deps/chunk-KVMAXHTM.js?v=c435cca1:7046:11)
    at processDispatchQueueItemsInOrder (http://localhost:5176/node_modules/.vite/deps/chunk-KVMAXHTM.js?v=c435cca1:7066:15)
    at processDispatchQueue (http://localhost:5176/node_modules/.vite/deps/chunk-KVMAXHTM.js?v=c435cca1:7075:13)
    at dispatchEventsForPlugins (http://localhost:5176/node_modules/.vite/deps/chunk-KVMAXHTM.js?v=c435cca1:7083:11)
[  639068ms] ReferenceError: setEditingId is not defined
    at http://localhost:5176/src/components/FreestyleBoard.jsx?t=1789621026170:637:5
    at http://localhost:5176/src/components/FreestyleBoard.jsx?t=1789621026170:847:9
    at HTMLUnknownElement.callCallback2 (http://localhost:5176/node_modules/.vite/deps/chunk-KVMAXHTM.js?v=c435cca1:3680:22)
    at Object.invokeGuardedCallbackDev (http://localhost:5176/node_modules/.vite/deps/chunk-KVMAXHTM.js?v=c435cca1:3705:24)
    at invokeGuardedCallback (http://localhost:5176/node_modules/.vite/deps/chunk-KVMAXHTM.js?v=c435cca1:3739:39)
    at invokeGuardedCallbackAndCatchFirstError (http://localhost:5176/node_modules/.vite/deps/chunk-KVMAXHTM.js?v=c435cca1:3742:33)
    at executeDispatch (http://localhost:5176/node_modules/.vite/deps/chunk-KVMAXHTM.js?v=c435cca1:7046:11)
    at processDispatchQueueItemsInOrder (http://localhost:5176/node_modules/.vite/deps/chunk-KVMAXHTM.js?v=c435cca1:7066:15)
    at processDispatchQueue (http://localhost:5176/node_modules/.vite/deps/chunk-KVMAXHTM.js?v=c435cca1:7075:13)
    at dispatchEventsForPlugins (http://localhost:5176/node_modules/.vite/deps/chunk-KVMAXHTM.js?v=c435cca1:7083:11)
[  639069ms] ReferenceError: setEditingId is not defined
    at http://localhost:5176/src/components/FreestyleBoard.jsx?t=1789621026170:637:5
    at http://localhost:5176/src/components/FreestyleBoard.jsx?t=1789621026170:847:9
    at HTMLUnknownElement.callCallback2 (http://localhost:5176/node_modules/.vite/deps/chunk-KVMAXHTM.js?v=c435cca1:3680:22)
    at Object.invokeGuardedCallbackDev (http://localhost:5176/node_modules/.vite/deps/chunk-KVMAXHTM.js?v=c435cca1:3705:24)
    at invokeGuardedCallback (http://localhost:5176/node_modules/.vite/deps/chunk-KVMAXHTM.js?v=c435cca1:3739:39)
    at invokeGuardedCallbackAndCatchFirstError (http://localhost:5176/node_modules/.vite/deps/chunk-KVMAXHTM.js?v=c435cca1:3742:33)
    at executeDispatch (http://localhost:5176/node_modules/.vite/deps/chunk-KVMAXHTM.js?v=c435cca1:7046:11)
    at processDispatchQueueItemsInOrder (http://localhost:5176/node_modules/.vite/deps/chunk-KVMAXHTM.js?v=c435cca1:7066:15)
    at processDispatchQueue (http://localhost:5176/node_modules/.vite/deps/chunk-KVMAXHTM.js?v=c435cca1:7075:13)
    at dispatchEventsForPlugins (http://localhost:5176/node_modules/.vite/deps/chunk-KVMAXHTM.js?v=c435cca1:7083:11)
[  639074ms] ReferenceError: setEditingId is not defined
    at http://localhost:5176/src/components/FreestyleBoard.jsx?t=1789621026170:637:5
    at http://localhost:5176/src/components/FreestyleBoard.jsx?t=1789621026170:847:9
    at HTMLUnknownElement.callCallback2 (http://localhost:5176/node_modules/.vite/deps/chunk-KVMAXHTM.js?v=c435cca1:3680:22)
    at Object.invokeGuardedCallbackDev (http://localhost:5176/node_modules/.vite/deps/chunk-KVMAXHTM.js?v=c435cca1:3705:24)
    at invokeGuardedCallback (http://localhost:5176/node_modules/.vite/deps/chunk-KVMAXHTM.js?v=c435cca1:3739:39)
    at invokeGuardedCallbackAndCatchFirstError (http://localhost:5176/node_modules/.vite/deps/chunk-KVMAXHTM.js?v=c435cca1:3742:33)
    at executeDispatch (http://localhost:5176/node_modules/.vite/deps/chunk-KVMAXHTM.js?v=c435cca1:7046:11)
    at processDispatchQueueItemsInOrder (http://localhost:5176/node_modules/.vite/deps/chunk-KVMAXHTM.js?v=c435cca1:7066:15)
    at processDispatchQueue (http://localhost:5176/node_modules/.vite/deps/chunk-KVMAXHTM.js?v=c435cca1:7075:13)
    at dispatchEventsForPlugins (http://localhost:5176/node_modules/.vite/deps/chunk-KVMAXHTM.js?v=c435cca1:7083:11)
[  639077ms] ReferenceError: setEditingId is not defined
    at http://localhost:5176/src/components/FreestyleBoard.jsx?t=1789621026170:637:5
    at http://localhost:5176/src/components/FreestyleBoard.jsx?t=1789621026170:847:9
    at HTMLUnknownElement.callCallback2 (http://localhost:5176/node_modules/.vite/deps/chunk-KVMAXHTM.js?v=c435cca1:3680:22)
    at Object.invokeGuardedCallbackDev (http://localhost:5176/node_modules/.vite/deps/chunk-KVMAXHTM.js?v=c435cca1:3705:24)
    at invokeGuardedCallback (http://localhost:5176/node_modules/.vite/deps/chunk-KVMAXHTM.js?v=c435cca1:3739:39)
    at invokeGuardedCallbackAndCatchFirstError (http://localhost:5176/node_modules/.vite/deps/chunk-KVMAXHTM.js?v=c435cca1:3742:33)
    at executeDispatch (http://localhost:5176/node_modules/.vite/deps/chunk-KVMAXHTM.js?v=c435cca1:7046:11)
    at processDispatchQueueItemsInOrder (http://localhost:5176/node_modules/.vite/deps/chunk-KVMAXHTM.js?v=c435cca1:7066:15)
    at processDispatchQueue (http://localhost:5176/node_modules/.vite/deps/chunk-KVMAXHTM.js?v=c435cca1:7075:13)
    at dispatchEventsForPlugins (http://localhost:5176/node_modules/.vite/deps/chunk-KVMAXHTM.js?v=c435cca1:7083:11)
[  639084ms] ReferenceError: setEditingId is not defined
    at http://localhost:5176/src/components/FreestyleBoard.jsx?t=1789621026170:637:5
    at http://localhost:5176/src/components/FreestyleBoard.jsx?t=1789621026170:847:9
    at HTMLUnknownElement.callCallback2 (http://localhost:5176/node_modules/.vite/deps/chunk-KVMAXHTM.js?v=c435cca1:3680:22)
    at Object.invokeGuardedCallbackDev (http://localhost:5176/node_modules/.vite/deps/chunk-KVMAXHTM.js?v=c435cca1:3705:24)
    at invokeGuardedCallback (http://localhost:5176/node_modules/.vite/deps/chunk-KVMAXHTM.js?v=c435cca1:3739:39)
    at invokeGuardedCallbackAndCatchFirstError (http://localhost:5176/node_modules/.vite/deps/chunk-KVMAXHTM.js?v=c435cca1:3742:33)
    at executeDispatch (http://localhost:5176/node_modules/.vite/deps/chunk-KVMAXHTM.js?v=c435cca1:7046:11)
    at processDispatchQueueItemsInOrder (http://localhost:5176/node_modules/.vite/deps/chunk-KVMAXHTM.js?v=c435cca1:7066:15)
    at processDispatchQueue (http://localhost:5176/node_modules/.vite/deps/chunk-KVMAXHTM.js?v=c435cca1:7075:13)
    at dispatchEventsForPlugins (http://localhost:5176/node_modules/.vite/deps/chunk-KVMAXHTM.js?v=c435cca1:7083:11)
[  639085ms] ReferenceError: setEditingId is not defined
    at http://localhost:5176/src/components/FreestyleBoard.jsx?t=1789621026170:637:5
    at http://localhost:5176/src/components/FreestyleBoard.jsx?t=1789621026170:847:9
    at HTMLUnknownElement.callCallback2 (http://localhost:5176/node_modules/.vite/deps/chunk-KVMAXHTM.js?v=c435cca1:3680:22)
    at Object.invokeGuardedCallbackDev (http://localhost:5176/node_modules/.vite/deps/chunk-KVMAXHTM.js?v=c435cca1:3705:24)
    at invokeGuardedCallback (http://localhost:5176/node_modules/.vite/deps/chunk-KVMAXHTM.js?v=c435cca1:3739:39)
    at invokeGuardedCallbackAndCatchFirstError (http://localhost:5176/node_modules/.vite/deps/chunk-KVMAXHTM.js?v=c435cca1:3742:33)
    at executeDispatch (http://localhost:5176/node_modules/.vite/deps/chunk-KVMAXHTM.js?v=c435cca1:7046:11)
    at processDispatchQueueItemsInOrder (http://localhost:5176/node_modules/.vite/deps/chunk-KVMAXHTM.js?v=c435cca1:7066:15)
    at processDispatchQueue (http://localhost:5176/node_modules/.vite/deps/chunk-KVMAXHTM.js?v=c435cca1:7075:13)
    at dispatchEventsForPlugins (http://localhost:5176/node_modules/.vite/deps/chunk-KVMAXHTM.js?v=c435cca1:7083:11)
[  639092ms] ReferenceError: setEditingId is not defined
    at http://localhost:5176/src/components/FreestyleBoard.jsx?t=1789621026170:637:5
    at http://localhost:5176/src/components/FreestyleBoard.jsx?t=1789621026170:847:9
    at HTMLUnknownElement.callCallback2 (http://localhost:5176/node_modules/.vite/deps/chunk-KVMAXHTM.js?v=c435cca1:3680:22)
    at Object.invokeGuardedCallbackDev (http://localhost:5176/node_modules/.vite/deps/chunk-KVMAXHTM.js?v=c435cca1:3705:24)
    at invokeGuardedCallback (http://localhost:5176/node_modules/.vite/deps/chunk-KVMAXHTM.js?v=c435cca1:3739:39)
    at invokeGuardedCallbackAndCatchFirstError (http://localhost:5176/node_modules/.vite/deps/chunk-KVMAXHTM.js?v=c435cca1:3742:33)
    at executeDispatch (http://localhost:5176/node_modules/.vite/deps/chunk-KVMAXHTM.js?v=c435cca1:7046:11)
    at processDispatchQueueItemsInOrder (http://localhost:5176/node_modules/.vite/deps/chunk-KVMAXHTM.js?v=c435cca1:7066:15)
    at processDispatchQueue (http://localhost:5176/node_modules/.vite/deps/chunk-KVMAXHTM.js?v=c435cca1:7075:13)
    at dispatchEventsForPlugins (http://localhost:5176/node_modules/.vite/deps/chunk-KVMAXHTM.js?v=c435cca1:7083:11)
[  639092ms] ReferenceError: setEditingId is not defined
    at http://localhost:5176/src/components/FreestyleBoard.jsx?t=1789621026170:637:5
    at http://localhost:5176/src/components/FreestyleBoard.jsx?t=1789621026170:847:9
    at HTMLUnknownElement.callCallback2 (http://localhost:5176/node_modules/.vite/deps/chunk-KVMAXHTM.js?v=c435cca1:3680:22)
    at Object.invokeGuardedCallbackDev (http://localhost:5176/node_modules/.vite/deps/chunk-KVMAXHTM.js?v=c435cca1:3705:24)
    at invokeGuardedCallback (http://localhost:5176/node_modules/.vite/deps/chunk-KVMAXHTM.js?v=c435cca1:3739:39)
    at invokeGuardedCallbackAndCatchFirstError (http://localhost:5176/node_modules/.vite/deps/chunk-KVMAXHTM.js?v=c435cca1:3742:33)
    at executeDispatch (http://localhost:5176/node_modules/.vite/deps/chunk-KVMAXHTM.js?v=c435cca1:7046:11)
    at processDispatchQueueItemsInOrder (http://localhost:5176/node_modules/.vite/deps/chunk-KVMAXHTM.js?v=c435cca1:7066:15)
    at processDispatchQueue (http://localhost:5176/node_modules/.vite/deps/chunk-KVMAXHTM.js?v=c435cca1:7075:13)
    at dispatchEventsForPlugins (http://localhost:5176/node_modules/.vite/deps/chunk-KVMAXHTM.js?v=c435cca1:7083:11)
[  639100ms] ReferenceError: setEditingId is not defined
    at http://localhost:5176/src/components/FreestyleBoard.jsx?t=1789621026170:637:5
    at http://localhost:5176/src/components/FreestyleBoard.jsx?t=1789621026170:847:9
    at HTMLUnknownElement.callCallback2 (http://localhost:5176/node_modules/.vite/deps/chunk-KVMAXHTM.js?v=c435cca1:3680:22)
    at Object.invokeGuardedCallbackDev (http://localhost:5176/node_modules/.vite/deps/chunk-KVMAXHTM.js?v=c435cca1:3705:24)
    at invokeGuardedCallback (http://localhost:5176/node_modules/.vite/deps/chunk-KVMAXHTM.js?v=c435cca1:3739:39)
    at invokeGuardedCallbackAndCatchFirstError (http://localhost:5176/node_modules/.vite/deps/chunk-KVMAXHTM.js?v=c435cca1:3742:33)
    at executeDispatch (http://localhost:5176/node_modules/.vite/deps/chunk-KVMAXHTM.js?v=c435cca1:7046:11)
    at processDispatchQueueItemsInOrder (http://localhost:5176/node_modules/.vite/deps/chunk-KVMAXHTM.js?v=c435cca1:7066:15)
    at processDispatchQueue (http://localhost:5176/node_modules/.vite/deps/chunk-KVMAXHTM.js?v=c435cca1:7075:13)
    at dispatchEventsForPlugins (http://localhost:5176/node_modules/.vite/deps/chunk-KVMAXHTM.js?v=c435cca1:7083:11)
[  639101ms] ReferenceError: setEditingId is not defined
    at http://localhost:5176/src/components/FreestyleBoard.jsx?t=1789621026170:637:5
    at http://localhost:5176/src/components/FreestyleBoard.jsx?t=1789621026170:847:9
    at HTMLUnknownElement.callCallback2 (http://localhost:5176/node_modules/.vite/deps/chunk-KVMAXHTM.js?v=c435cca1:3680:22)
    at Object.invokeGuardedCallbackDev (http://localhost:5176/node_modules/.vite/deps/chunk-KVMAXHTM.js?v=c435cca1:3705:24)
    at invokeGuardedCallback (http://localhost:5176/node_modules/.vite/deps/chunk-KVMAXHTM.js?v=c435cca1:3739:39)
    at invokeGuardedCallbackAndCatchFirstError (http://localhost:5176/node_modules/.vite/deps/chunk-KVMAXHTM.js?v=c435cca1:3742:33)
    at executeDispatch (http://localhost:5176/node_modules/.vite/deps/chunk-KVMAXHTM.js?v=c435cca1:7046:11)
    at processDispatchQueueItemsInOrder (http://localhost:5176/node_modules/.vite/deps/chunk-KVMAXHTM.js?v=c435cca1:7066:15)
    at processDispatchQueue (http://localhost:5176/node_modules/.vite/deps/chunk-KVMAXHTM.js?v=c435cca1:7075:13)
    at dispatchEventsForPlugins (http://localhost:5176/node_modules/.vite/deps/chunk-KVMAXHTM.js?v=c435cca1:7083:11)
[  639107ms] ReferenceError: setEditingId is not defined
    at http://localhost:5176/src/components/FreestyleBoard.jsx?t=1789621026170:637:5
    at http://localhost:5176/src/components/FreestyleBoard.jsx?t=1789621026170:847:9
    at HTMLUnknownElement.callCallback2 (http://localhost:5176/node_modules/.vite/deps/chunk-KVMAXHTM.js?v=c435cca1:3680:22)
    at Object.invokeGuardedCallbackDev (http://localhost:5176/node_modules/.vite/deps/chunk-KVMAXHTM.js?v=c435cca1:3705:24)
    at invokeGuardedCallback (http://localhost:5176/node_modules/.vite/deps/chunk-KVMAXHTM.js?v=c435cca1:3739:39)
    at invokeGuardedCallbackAndCatchFirstError (http://localhost:5176/node_modules/.vite/deps/chunk-KVMAXHTM.js?v=c435cca1:3742:33)
    at executeDispatch (http://localhost:5176/node_modules/.vite/deps/chunk-KVMAXHTM.js?v=c435cca1:7046:11)
    at processDispatchQueueItemsInOrder (http://localhost:5176/node_modules/.vite/deps/chunk-KVMAXHTM.js?v=c435cca1:7066:15)
    at processDispatchQueue (http://localhost:5176/node_modules/.vite/deps/chunk-KVMAXHTM.js?v=c435cca1:7075:13)
    at dispatchEventsForPlugins (http://localhost:5176/node_modules/.vite/deps/chunk-KVMAXHTM.js?v=c435cca1:7083:11)
[  639110ms] ReferenceError: setEditingId is not defined
    at http://localhost:5176/src/components/FreestyleBoard.jsx?t=1789621026170:637:5
    at http://localhost:5176/src/components/FreestyleBoard.jsx?t=1789621026170:847:9
    at HTMLUnknownElement.callCallback2 (http://localhost:5176/node_modules/.vite/deps/chunk-KVMAXHTM.js?v=c435cca1:3680:22)
    at Object.invokeGuardedCallbackDev (http://localhost:5176/node_modules/.vite/deps/chunk-KVMAXHTM.js?v=c435cca1:3705:24)
    at invokeGuardedCallback (http://localhost:5176/node_modules/.vite/deps/chunk-KVMAXHTM.js?v=c435cca1:3739:39)
    at invokeGuardedCallbackAndCatchFirstError (http://localhost:5176/node_modules/.vite/deps/chunk-KVMAXHTM.js?v=c435cca1:3742:33)
    at executeDispatch (http://localhost:5176/node_modules/.vite/deps/chunk-KVMAXHTM.js?v=c435cca1:7046:11)
    at processDispatchQueueItemsInOrder (http://localhost:5176/node_modules/.vite/deps/chunk-KVMAXHTM.js?v=c435cca1:7066:15)
    at processDispatchQueue (http://localhost:5176/node_modules/.vite/deps/chunk-KVMAXHTM.js?v=c435cca1:7075:13)
    at dispatchEventsForPlugins (http://localhost:5176/node_modules/.vite/deps/chunk-KVMAXHTM.js?v=c435cca1:7083:11)
[  639113ms] ReferenceError: setEditingId is not defined
    at http://localhost:5176/src/components/FreestyleBoard.jsx?t=1789621026170:637:5
    at http://localhost:5176/src/components/FreestyleBoard.jsx?t=1789621026170:847:9
    at HTMLUnknownElement.callCallback2 (http://localhost:5176/node_modules/.vite/deps/chunk-KVMAXHTM.js?v=c435cca1:3680:22)
    at Object.invokeGuardedCallbackDev (http://localhost:5176/node_modules/.vite/deps/chunk-KVMAXHTM.js?v=c435cca1:3705:24)
    at invokeGuardedCallback (http://localhost:5176/node_modules/.vite/deps/chunk-KVMAXHTM.js?v=c435cca1:3739:39)
    at invokeGuardedCallbackAndCatchFirstError (http://localhost:5176/node_modules/.vite/deps/chunk-KVMAXHTM.js?v=c435cca1:3742:33)
    at executeDispatch (http://localhost:5176/node_modules/.vite/deps/chunk-KVMAXHTM.js?v=c435cca1:7046:11)
    at processDispatchQueueItemsInOrder (http://localhost:5176/node_modules/.vite/deps/chunk-KVMAXHTM.js?v=c435cca1:7066:15)
    at processDispatchQueue (http://localhost:5176/node_modules/.vite/deps/chunk-KVMAXHTM.js?v=c435cca1:7075:13)
    at dispatchEventsForPlugins (http://localhost:5176/node_modules/.vite/deps/chunk-KVMAXHTM.js?v=c435cca1:7083:11)
[  639114ms] ReferenceError: setEditingId is not defined
    at http://localhost:5176/src/components/FreestyleBoard.jsx?t=1789621026170:637:5
    at http://localhost:5176/src/components/FreestyleBoard.jsx?t=1789621026170:847:9
    at HTMLUnknownElement.callCallback2 (http://localhost:5176/node_modules/.vite/deps/chunk-KVMAXHTM.js?v=c435cca1:3680:22)
    at Object.invokeGuardedCallbackDev (http://localhost:5176/node_modules/.vite/deps/chunk-KVMAXHTM.js?v=c435cca1:3705:24)
    at invokeGuardedCallback (http://localhost:5176/node_modules/.vite/deps/chunk-KVMAXHTM.js?v=c435cca1:3739:39)
    at invokeGuardedCallbackAndCatchFirstError (http://localhost:5176/node_modules/.vite/deps/chunk-KVMAXHTM.js?v=c435cca1:3742:33)
    at executeDispatch (http://localhost:5176/node_modules/.vite/deps/chunk-KVMAXHTM.js?v=c435cca1:7046:11)
    at processDispatchQueueItemsInOrder (http://localhost:5176/node_modules/.vite/deps/chunk-KVMAXHTM.js?v=c435cca1:7066:15)
    at processDispatchQueue (http://localhost:5176/node_modules/.vite/deps/chunk-KVMAXHTM.js?v=c435cca1:7075:13)
    at dispatchEventsForPlugins (http://localhost:5176/node_modules/.vite/deps/chunk-KVMAXHTM.js?v=c435cca1:7083:11)
[  639122ms] ReferenceError: setEditingId is not defined
    at http://localhost:5176/src/components/FreestyleBoard.jsx?t=1789621026170:637:5
    at http://localhost:5176/src/components/FreestyleBoard.jsx?t=1789621026170:847:9
    at HTMLUnknownElement.callCallback2 (http://localhost:5176/node_modules/.vite/deps/chunk-KVMAXHTM.js?v=c435cca1:3680:22)
    at Object.invokeGuardedCallbackDev (http://localhost:5176/node_modules/.vite/deps/chunk-KVMAXHTM.js?v=c435cca1:3705:24)
    at invokeGuardedCallback (http://localhost:5176/node_modules/.vite/deps/chunk-KVMAXHTM.js?v=c435cca1:3739:39)
    at invokeGuardedCallbackAndCatchFirstError (http://localhost:5176/node_modules/.vite/deps/chunk-KVMAXHTM.js?v=c435cca1:3742:33)
    at executeDispatch (http://localhost:5176/node_modules/.vite/deps/chunk-KVMAXHTM.js?v=c435cca1:7046:11)
    at processDispatchQueueItemsInOrder (http://localhost:5176/node_modules/.vite/deps/chunk-KVMAXHTM.js?v=c435cca1:7066:15)
    at processDispatchQueue (http://localhost:5176/node_modules/.vite/deps/chunk-KVMAXHTM.js?v=c435cca1:7075:13)
    at dispatchEventsForPlugins (http://localhost:5176/node_modules/.vite/deps/chunk-KVMAXHTM.js?v=c435cca1:7083:11)
[  639123ms] ReferenceError: setEditingId is not defined
    at http://localhost:5176/src/components/FreestyleBoard.jsx?t=1789621026170:637:5
    at http://localhost:5176/src/components/FreestyleBoard.jsx?t=1789621026170:847:9
    at HTMLUnknownElement.callCallback2 (http://localhost:5176/node_modules/.vite/deps/chunk-KVMAXHTM.js?v=c435cca1:3680:22)
    at Object.invokeGuardedCallbackDev (http://localhost:5176/node_modules/.vite/deps/chunk-KVMAXHTM.js?v=c435cca1:3705:24)
    at invokeGuardedCallback (http://localhost:5176/node_modules/.vite/deps/chunk-KVMAXHTM.js?v=c435cca1:3739:39)
    at invokeGuardedCallbackAndCatchFirstError (http://localhost:5176/node_modules/.vite/deps/chunk-KVMAXHTM.js?v=c435cca1:3742:33)
    at executeDispatch (http://localhost:5176/node_modules/.vite/deps/chunk-KVMAXHTM.js?v=c435cca1:7046:11)
    at processDispatchQueueItemsInOrder (http://localhost:5176/node_modules/.vite/deps/chunk-KVMAXHTM.js?v=c435cca1:7066:15)
    at processDispatchQueue (http://localhost:5176/node_modules/.vite/deps/chunk-KVMAXHTM.js?v=c435cca1:7075:13)
    at dispatchEventsForPlugins (http://localhost:5176/node_modules/.vite/deps/chunk-KVMAXHTM.js?v=c435cca1:7083:11)
[  639132ms] ReferenceError: setEditingId is not defined
    at http://localhost:5176/src/components/FreestyleBoard.jsx?t=1789621026170:637:5
    at http://localhost:5176/src/components/FreestyleBoard.jsx?t=1789621026170:847:9
    at HTMLUnknownElement.callCallback2 (http://localhost:5176/node_modules/.vite/deps/chunk-KVMAXHTM.js?v=c435cca1:3680:22)
    at Object.invokeGuardedCallbackDev (http://localhost:5176/node_modules/.vite/deps/chunk-KVMAXHTM.js?v=c435cca1:3705:24)
    at invokeGuardedCallback (http://localhost:5176/node_modules/.vite/deps/chunk-KVMAXHTM.js?v=c435cca1:3739:39)
    at invokeGuardedCallbackAndCatchFirstError (http://localhost:5176/node_modules/.vite/deps/chunk-KVMAXHTM.js?v=c435cca1:3742:33)
    at executeDispatch (http://localhost:5176/node_modules/.vite/deps/chunk-KVMAXHTM.js?v=c435cca1:7046:11)
    at processDispatchQueueItemsInOrder (http://localhost:5176/node_modules/.vite/deps/chunk-KVMAXHTM.js?v=c435cca1:7066:15)
    at processDispatchQueue (http://localhost:5176/node_modules/.vite/deps/chunk-KVMAXHTM.js?v=c435cca1:7075:13)
    at dispatchEventsForPlugins (http://localhost:5176/node_modules/.vite/deps/chunk-KVMAXHTM.js?v=c435cca1:7083:11)
[  639132ms] ReferenceError: setEditingId is not defined
    at http://localhost:5176/src/components/FreestyleBoard.jsx?t=1789621026170:637:5
    at http://localhost:5176/src/components/FreestyleBoard.jsx?t=1789621026170:847:9
    at HTMLUnknownElement.callCallback2 (http://localhost:5176/node_modules/.vite/deps/chunk-KVMAXHTM.js?v=c435cca1:3680:22)
    at Object.invokeGuardedCallbackDev (http://localhost:5176/node_modules/.vite/deps/chunk-KVMAXHTM.js?v=c435cca1:3705:24)
    at invokeGuardedCallback (http://localhost:5176/node_modules/.vite/deps/chunk-KVMAXHTM.js?v=c435cca1:3739:39)
    at invokeGuardedCallbackAndCatchFirstError (http://localhost:5176/node_modules/.vite/deps/chunk-KVMAXHTM.js?v=c435cca1:3742:33)
    at executeDispatch (http://localhost:5176/node_modules/.vite/deps/chunk-KVMAXHTM.js?v=c435cca1:7046:11)
    at processDispatchQueueItemsInOrder (http://localhost:5176/node_modules/.vite/deps/chunk-KVMAXHTM.js?v=c435cca1:7066:15)
    at processDispatchQueue (http://localhost:5176/node_modules/.vite/deps/chunk-KVMAXHTM.js?v=c435cca1:7075:13)
    at dispatchEventsForPlugins (http://localhost:5176/node_modules/.vite/deps/chunk-KVMAXHTM.js?v=c435cca1:7083:11)
[  639140ms] ReferenceError: setEditingId is not defined
    at http://localhost:5176/src/components/FreestyleBoard.jsx?t=1789621026170:637:5
    at http://localhost:5176/src/components/FreestyleBoard.jsx?t=1789621026170:847:9
    at HTMLUnknownElement.callCallback2 (http://localhost:5176/node_modules/.vite/deps/chunk-KVMAXHTM.js?v=c435cca1:3680:22)
    at Object.invokeGuardedCallbackDev (http://localhost:5176/node_modules/.vite/deps/chunk-KVMAXHTM.js?v=c435cca1:3705:24)
    at invokeGuardedCallback (http://localhost:5176/node_modules/.vite/deps/chunk-KVMAXHTM.js?v=c435cca1:3739:39)
    at invokeGuardedCallbackAndCatchFirstError (http://localhost:5176/node_modules/.vite/deps/chunk-KVMAXHTM.js?v=c435cca1:3742:33)
    at executeDispatch (http://localhost:5176/node_modules/.vite/deps/chunk-KVMAXHTM.js?v=c435cca1:7046:11)
    at processDispatchQueueItemsInOrder (http://localhost:5176/node_modules/.vite/deps/chunk-KVMAXHTM.js?v=c435cca1:7066:15)
    at processDispatchQueue (http://localhost:5176/node_modules/.vite/deps/chunk-KVMAXHTM.js?v=c435cca1:7075:13)
    at dispatchEventsForPlugins (http://localhost:5176/node_modules/.vite/deps/chunk-KVMAXHTM.js?v=c435cca1:7083:11)
[  639141ms] ReferenceError: setEditingId is not defined
    at http://localhost:5176/src/components/FreestyleBoard.jsx?t=1789621026170:637:5
    at http://localhost:5176/src/components/FreestyleBoard.jsx?t=1789621026170:847:9
    at HTMLUnknownElement.callCallback2 (http://localhost:5176/node_modules/.vite/deps/chunk-KVMAXHTM.js?v=c435cca1:3680:22)
    at Object.invokeGuardedCallbackDev (http://localhost:5176/node_modules/.vite/deps/chunk-KVMAXHTM.js?v=c435cca1:3705:24)
    at invokeGuardedCallback (http://localhost:5176/node_modules/.vite/deps/chunk-KVMAXHTM.js?v=c435cca1:3739:39)
    at invokeGuardedCallbackAndCatchFirstError (http://localhost:5176/node_modules/.vite/deps/chunk-KVMAXHTM.js?v=c435cca1:3742:33)
    at executeDispatch (http://localhost:5176/node_modules/.vite/deps/chunk-KVMAXHTM.js?v=c435cca1:7046:11)
    at processDispatchQueueItemsInOrder (http://localhost:5176/node_modules/.vite/deps/chunk-KVMAXHTM.js?v=c435cca1:7066:15)
    at processDispatchQueue (http://localhost:5176/node_modules/.vite/deps/chunk-KVMAXHTM.js?v=c435cca1:7075:13)
    at dispatchEventsForPlugins (http://localhost:5176/node_modules/.vite/deps/chunk-KVMAXHTM.js?v=c435cca1:7083:11)
[  639148ms] ReferenceError: setEditingId is not defined
    at http://localhost:5176/src/components/FreestyleBoard.jsx?t=1789621026170:637:5
    at http://localhost:5176/src/components/FreestyleBoard.jsx?t=1789621026170:847:9
    at HTMLUnknownElement.callCallback2 (http://localhost:5176/node_modules/.vite/deps/chunk-KVMAXHTM.js?v=c435cca1:3680:22)
    at Object.invokeGuardedCallbackDev (http://localhost:5176/node_modules/.vite/deps/chunk-KVMAXHTM.js?v=c435cca1:3705:24)
    at invokeGuardedCallback (http://localhost:5176/node_modules/.vite/deps/chunk-KVMAXHTM.js?v=c435cca1:3739:39)
    at invokeGuardedCallbackAndCatchFirstError (http://localhost:5176/node_modules/.vite/deps/chunk-KVMAXHTM.js?v=c435cca1:3742:33)
    at executeDispatch (http://localhost:5176/node_modules/.vite/deps/chunk-KVMAXHTM.js?v=c435cca1:7046:11)
    at processDispatchQueueItemsInOrder (http://localhost:5176/node_modules/.vite/deps/chunk-KVMAXHTM.js?v=c435cca1:7066:15)
    at processDispatchQueue (http://localhost:5176/node_modules/.vite/deps/chunk-KVMAXHTM.js?v=c435cca1:7075:13)
    at dispatchEventsForPlugins (http://localhost:5176/node_modules/.vite/deps/chunk-KVMAXHTM.js?v=c435cca1:7083:11)
[  639148ms] ReferenceError: setEditingId is not defined
    at http://localhost:5176/src/components/FreestyleBoard.jsx?t=1789621026170:637:5
    at http://localhost:5176/src/components/FreestyleBoard.jsx?t=1789621026170:847:9
    at HTMLUnknownElement.callCallback2 (http://localhost:5176/node_modules/.vite/deps/chunk-KVMAXHTM.js?v=c435cca1:3680:22)
    at Object.invokeGuardedCallbackDev (http://localhost:5176/node_modules/.vite/deps/chunk-KVMAXHTM.js?v=c435cca1:3705:24)
    at invokeGuardedCallback (http://localhost:5176/node_modules/.vite/deps/chunk-KVMAXHTM.js?v=c435cca1:3739:39)
    at invokeGuardedCallbackAndCatchFirstError (http://localhost:5176/node_modules/.vite/deps/chunk-KVMAXHTM.js?v=c435cca1:3742:33)
    at executeDispatch (http://localhost:5176/node_modules/.vite/deps/chunk-KVMAXHTM.js?v=c435cca1:7046:11)
    at processDispatchQueueItemsInOrder (http://localhost:5176/node_modules/.vite/deps/chunk-KVMAXHTM.js?v=c435cca1:7066:15)
    at processDispatchQueue (http://localhost:5176/node_modules/.vite/deps/chunk-KVMAXHTM.js?v=c435cca1:7075:13)
    at dispatchEventsForPlugins (http://localhost:5176/node_modules/.vite/deps/chunk-KVMAXHTM.js?v=c435cca1:7083:11)
[  639156ms] ReferenceError: setEditingId is not defined
    at http://localhost:5176/src/components/FreestyleBoard.jsx?t=1789621026170:637:5
    at http://localhost:5176/src/components/FreestyleBoard.jsx?t=1789621026170:847:9
    at HTMLUnknownElement.callCallback2 (http://localhost:5176/node_modules/.vite/deps/chunk-KVMAXHTM.js?v=c435cca1:3680:22)
    at Object.invokeGuardedCallbackDev (http://localhost:5176/node_modules/.vite/deps/chunk-KVMAXHTM.js?v=c435cca1:3705:24)
    at invokeGuardedCallback (http://localhost:5176/node_modules/.vite/deps/chunk-KVMAXHTM.js?v=c435cca1:3739:39)
    at invokeGuardedCallbackAndCatchFirstError (http://localhost:5176/node_modules/.vite/deps/chunk-KVMAXHTM.js?v=c435cca1:3742:33)
    at executeDispatch (http://localhost:5176/node_modules/.vite/deps/chunk-KVMAXHTM.js?v=c435cca1:7046:11)
    at processDispatchQueueItemsInOrder (http://localhost:5176/node_modules/.vite/deps/chunk-KVMAXHTM.js?v=c435cca1:7066:15)
    at processDispatchQueue (http://localhost:5176/node_modules/.vite/deps/chunk-KVMAXHTM.js?v=c435cca1:7075:13)
    at dispatchEventsForPlugins (http://localhost:5176/node_modules/.vite/deps/chunk-KVMAXHTM.js?v=c435cca1:7083:11)
[  639156ms] ReferenceError: setEditingId is not defined
    at http://localhost:5176/src/components/FreestyleBoard.jsx?t=1789621026170:637:5
    at http://localhost:5176/src/components/FreestyleBoard.jsx?t=1789621026170:847:9
    at HTMLUnknownElement.callCallback2 (http://localhost:5176/node_modules/.vite/deps/chunk-KVMAXHTM.js?v=c435cca1:3680:22)
    at Object.invokeGuardedCallbackDev (http://localhost:5176/node_modules/.vite/deps/chunk-KVMAXHTM.js?v=c435cca1:3705:24)
    at invokeGuardedCallback (http://localhost:5176/node_modules/.vite/deps/chunk-KVMAXHTM.js?v=c435cca1:3739:39)
    at invokeGuardedCallbackAndCatchFirstError (http://localhost:5176/node_modules/.vite/deps/chunk-KVMAXHTM.js?v=c435cca1:3742:33)
    at executeDispatch (http://localhost:5176/node_modules/.vite/deps/chunk-KVMAXHTM.js?v=c435cca1:7046:11)
    at processDispatchQueueItemsInOrder (http://localhost:5176/node_modules/.vite/deps/chunk-KVMAXHTM.js?v=c435cca1:7066:15)
    at processDispatchQueue (http://localhost:5176/node_modules/.vite/deps/chunk-KVMAXHTM.js?v=c435cca1:7075:13)
    at dispatchEventsForPlugins (http://localhost:5176/node_modules/.vite/deps/chunk-KVMAXHTM.js?v=c435cca1:7083:11)
[  639162ms] ReferenceError: setEditingId is not defined
    at http://localhost:5176/src/components/FreestyleBoard.jsx?t=1789621026170:637:5
    at http://localhost:5176/src/components/FreestyleBoard.jsx?t=1789621026170:847:9
    at HTMLUnknownElement.callCallback2 (http://localhost:5176/node_modules/.vite/deps/chunk-KVMAXHTM.js?v=c435cca1:3680:22)
    at Object.invokeGuardedCallbackDev (http://localhost:5176/node_modules/.vite/deps/chunk-KVMAXHTM.js?v=c435cca1:3705:24)
    at invokeGuardedCallback (http://localhost:5176/node_modules/.vite/deps/chunk-KVMAXHTM.js?v=c435cca1:3739:39)
    at invokeGuardedCallbackAndCatchFirstError (http://localhost:5176/node_modules/.vite/deps/chunk-KVMAXHTM.js?v=c435cca1:3742:33)
    at executeDispatch (http://localhost:5176/node_modules/.vite/deps/chunk-KVMAXHTM.js?v=c435cca1:7046:11)
    at processDispatchQueueItemsInOrder (http://localhost:5176/node_modules/.vite/deps/chunk-KVMAXHTM.js?v=c435cca1:7066:15)
    at processDispatchQueue (http://localhost:5176/node_modules/.vite/deps/chunk-KVMAXHTM.js?v=c435cca1:7075:13)
    at dispatchEventsForPlugins (http://localhost:5176/node_modules/.vite/deps/chunk-KVMAXHTM.js?v=c435cca1:7083:11)
[  639163ms] ReferenceError: setEditingId is not defined
    at http://localhost:5176/src/components/FreestyleBoard.jsx?t=1789621026170:637:5
    at http://localhost:5176/src/components/FreestyleBoard.jsx?t=1789621026170:847:9
    at HTMLUnknownElement.callCallback2 (http://localhost:5176/node_modules/.vite/deps/chunk-KVMAXHTM.js?v=c435cca1:3680:22)
    at Object.invokeGuardedCallbackDev (http://localhost:5176/node_modules/.vite/deps/chunk-KVMAXHTM.js?v=c435cca1:3705:24)
    at invokeGuardedCallback (http://localhost:5176/node_modules/.vite/deps/chunk-KVMAXHTM.js?v=c435cca1:3739:39)
    at invokeGuardedCallbackAndCatchFirstError (http://localhost:5176/node_modules/.vite/deps/chunk-KVMAXHTM.js?v=c435cca1:3742:33)
    at executeDispatch (http://localhost:5176/node_modules/.vite/deps/chunk-KVMAXHTM.js?v=c435cca1:7046:11)
    at processDispatchQueueItemsInOrder (http://localhost:5176/node_modules/.vite/deps/chunk-KVMAXHTM.js?v=c435cca1:7066:15)
    at processDispatchQueue (http://localhost:5176/node_modules/.vite/deps/chunk-KVMAXHTM.js?v=c435cca1:7075:13)
    at dispatchEventsForPlugins (http://localhost:5176/node_modules/.vite/deps/chunk-KVMAXHTM.js?v=c435cca1:7083:11)
[  639172ms] ReferenceError: setEditingId is not defined
    at http://localhost:5176/src/components/FreestyleBoard.jsx?t=1789621026170:637:5
    at http://localhost:5176/src/components/FreestyleBoard.jsx?t=1789621026170:847:9
    at HTMLUnknownElement.callCallback2 (http://localhost:5176/node_modules/.vite/deps/chunk-KVMAXHTM.js?v=c435cca1:3680:22)
    at Object.invokeGuardedCallbackDev (http://localhost:5176/node_modules/.vite/deps/chunk-KVMAXHTM.js?v=c435cca1:3705:24)
    at invokeGuardedCallback (http://localhost:5176/node_modules/.vite/deps/chunk-KVMAXHTM.js?v=c435cca1:3739:39)
    at invokeGuardedCallbackAndCatchFirstError (http://localhost:5176/node_modules/.vite/deps/chunk-KVMAXHTM.js?v=c435cca1:3742:33)
    at executeDispatch (http://localhost:5176/node_modules/.vite/deps/chunk-KVMAXHTM.js?v=c435cca1:7046:11)
    at processDispatchQueueItemsInOrder (http://localhost:5176/node_modules/.vite/deps/chunk-KVMAXHTM.js?v=c435cca1:7066:15)
    at processDispatchQueue (http://localhost:5176/node_modules/.vite/deps/chunk-KVMAXHTM.js?v=c435cca1:7075:13)
    at dispatchEventsForPlugins (http://localhost:5176/node_modules/.vite/deps/chunk-KVMAXHTM.js?v=c435cca1:7083:11)
[  639173ms] ReferenceError: setEditingId is not defined
    at http://localhost:5176/src/components/FreestyleBoard.jsx?t=1789621026170:637:5
    at http://localhost:5176/src/components/FreestyleBoard.jsx?t=1789621026170:847:9
    at HTMLUnknownElement.callCallback2 (http://localhost:5176/node_modules/.vite/deps/chunk-KVMAXHTM.js?v=c435cca1:3680:22)
    at Object.invokeGuardedCallbackDev (http://localhost:5176/node_modules/.vite/deps/chunk-KVMAXHTM.js?v=c435cca1:3705:24)
    at invokeGuardedCallback (http://localhost:5176/node_modules/.vite/deps/chunk-KVMAXHTM.js?v=c435cca1:3739:39)
    at invokeGuardedCallbackAndCatchFirstError (http://localhost:5176/node_modules/.vite/deps/chunk-KVMAXHTM.js?v=c435cca1:3742:33)
    at executeDispatch (http://localhost:5176/node_modules/.vite/deps/chunk-KVMAXHTM.js?v=c435cca1:7046:11)
    at processDispatchQueueItemsInOrder (http://localhost:5176/node_modules/.vite/deps/chunk-KVMAXHTM.js?v=c435cca1:7066:15)
    at processDispatchQueue (http://localhost:5176/node_modules/.vite/deps/chunk-KVMAXHTM.js?v=c435cca1:7075:13)
    at dispatchEventsForPlugins (http://localhost:5176/node_modules/.vite/deps/chunk-KVMAXHTM.js?v=c435cca1:7083:11)
[  639183ms] ReferenceError: setEditingId is not defined
    at http://localhost:5176/src/components/FreestyleBoard.jsx?t=1789621026170:637:5
    at http://localhost:5176/src/components/FreestyleBoard.jsx?t=1789621026170:847:9
    at HTMLUnknownElement.callCallback2 (http://localhost:5176/node_modules/.vite/deps/chunk-KVMAXHTM.js?v=c435cca1:3680:22)
    at Object.invokeGuardedCallbackDev (http://localhost:5176/node_modules/.vite/deps/chunk-KVMAXHTM.js?v=c435cca1:3705:24)
    at invokeGuardedCallback (http://localhost:5176/node_modules/.vite/deps/chunk-KVMAXHTM.js?v=c435cca1:3739:39)
    at invokeGuardedCallbackAndCatchFirstError (http://localhost:5176/node_modules/.vite/deps/chunk-KVMAXHTM.js?v=c435cca1:3742:33)
    at executeDispatch (http://localhost:5176/node_modules/.vite/deps/chunk-KVMAXHTM.js?v=c435cca1:7046:11)
    at processDispatchQueueItemsInOrder (http://localhost:5176/node_modules/.vite/deps/chunk-KVMAXHTM.js?v=c435cca1:7066:15)
    at processDispatchQueue (http://localhost:5176/node_modules/.vite/deps/chunk-KVMAXHTM.js?v=c435cca1:7075:13)
    at dispatchEventsForPlugins (http://localhost:5176/node_modules/.vite/deps/chunk-KVMAXHTM.js?v=c435cca1:7083:11)
[  639183ms] ReferenceError: setEditingId is not defined
    at http://localhost:5176/src/components/FreestyleBoard.jsx?t=1789621026170:637:5
    at http://localhost:5176/src/components/FreestyleBoard.jsx?t=1789621026170:847:9
    at HTMLUnknownElement.callCallback2 (http://localhost:5176/node_modules/.vite/deps/chunk-KVMAXHTM.js?v=c435cca1:3680:22)
    at Object.invokeGuardedCallbackDev (http://localhost:5176/node_modules/.vite/deps/chunk-KVMAXHTM.js?v=c435cca1:3705:24)
    at invokeGuardedCallback (http://localhost:5176/node_modules/.vite/deps/chunk-KVMAXHTM.js?v=c435cca1:3739:39)
    at invokeGuardedCallbackAndCatchFirstError (http://localhost:5176/node_modules/.vite/deps/chunk-KVMAXHTM.js?v=c435cca1:3742:33)
    at executeDispatch (http://localhost:5176/node_modules/.vite/deps/chunk-KVMAXHTM.js?v=c435cca1:7046:11)
    at processDispatchQueueItemsInOrder (http://localhost:5176/node_modules/.vite/deps/chunk-KVMAXHTM.js?v=c435cca1:7066:15)
    at processDispatchQueue (http://localhost:5176/node_modules/.vite/deps/chunk-KVMAXHTM.js?v=c435cca1:7075:13)
    at dispatchEventsForPlugins (http://localhost:5176/node_modules/.vite/deps/chunk-KVMAXHTM.js?v=c435cca1:7083:11)
[  639190ms] ReferenceError: setEditingId is not defined
    at http://localhost:5176/src/components/FreestyleBoard.jsx?t=1789621026170:637:5
    at http://localhost:5176/src/components/FreestyleBoard.jsx?t=1789621026170:847:9
    at HTMLUnknownElement.callCallback2 (http://localhost:5176/node_modules/.vite/deps/chunk-KVMAXHTM.js?v=c435cca1:3680:22)
    at Object.invokeGuardedCallbackDev (http://localhost:5176/node_modules/.vite/deps/chunk-KVMAXHTM.js?v=c435cca1:3705:24)
    at invokeGuardedCallback (http://localhost:5176/node_modules/.vite/deps/chunk-KVMAXHTM.js?v=c435cca1:3739:39)
    at invokeGuardedCallbackAndCatchFirstError (http://localhost:5176/node_modules/.vite/deps/chunk-KVMAXHTM.js?v=c435cca1:3742:33)
    at executeDispatch (http://localhost:5176/node_modules/.vite/deps/chunk-KVMAXHTM.js?v=c435cca1:7046:11)
    at processDispatchQueueItemsInOrder (http://localhost:5176/node_modules/.vite/deps/chunk-KVMAXHTM.js?v=c435cca1:7066:15)
    at processDispatchQueue (http://localhost:5176/node_modules/.vite/deps/chunk-KVMAXHTM.js?v=c435cca1:7075:13)
    at dispatchEventsForPlugins (http://localhost:5176/node_modules/.vite/deps/chunk-KVMAXHTM.js?v=c435cca1:7083:11)
[  639191ms] ReferenceError: setEditingId is not defined
    at http://localhost:5176/src/components/FreestyleBoard.jsx?t=1789621026170:637:5
    at http://localhost:5176/src/components/FreestyleBoard.jsx?t=1789621026170:847:9
    at HTMLUnknownElement.callCallback2 (http://localhost:5176/node_modules/.vite/deps/chunk-KVMAXHTM.js?v=c435cca1:3680:22)
    at Object.invokeGuardedCallbackDev (http://localhost:5176/node_modules/.vite/deps/chunk-KVMAXHTM.js?v=c435cca1:3705:24)
    at invokeGuardedCallback (http://localhost:5176/node_modules/.vite/deps/chunk-KVMAXHTM.js?v=c435cca1:3739:39)
    at invokeGuardedCallbackAndCatchFirstError (http://localhost:5176/node_modules/.vite/deps/chunk-KVMAXHTM.js?v=c435cca1:3742:33)
    at executeDispatch (http://localhost:5176/node_modules/.vite/deps/chunk-KVMAXHTM.js?v=c435cca1:7046:11)
    at processDispatchQueueItemsInOrder (http://localhost:5176/node_modules/.vite/deps/chunk-KVMAXHTM.js?v=c435cca1:7066:15)
    at processDispatchQueue (http://localhost:5176/node_modules/.vite/deps/chunk-KVMAXHTM.js?v=c435cca1:7075:13)
    at dispatchEventsForPlugins (http://localhost:5176/node_modules/.vite/deps/chunk-KVMAXHTM.js?v=c435cca1:7083:11)
[  639196ms] ReferenceError: setEditingId is not defined
    at http://localhost:5176/src/components/FreestyleBoard.jsx?t=1789621026170:637:5
    at http://localhost:5176/src/components/FreestyleBoard.jsx?t=1789621026170:847:9
    at HTMLUnknownElement.callCallback2 (http://localhost:5176/node_modules/.vite/deps/chunk-KVMAXHTM.js?v=c435cca1:3680:22)
    at Object.invokeGuardedCallbackDev (http://localhost:5176/node_modules/.vite/deps/chunk-KVMAXHTM.js?v=c435cca1:3705:24)
    at invokeGuardedCallback (http://localhost:5176/node_modules/.vite/deps/chunk-KVMAXHTM.js?v=c435cca1:3739:39)
    at invokeGuardedCallbackAndCatchFirstError (http://localhost:5176/node_modules/.vite/deps/chunk-KVMAXHTM.js?v=c435cca1:3742:33)
    at executeDispatch (http://localhost:5176/node_modules/.vite/deps/chunk-KVMAXHTM.js?v=c435cca1:7046:11)
    at processDispatchQueueItemsInOrder (http://localhost:5176/node_modules/.vite/deps/chunk-KVMAXHTM.js?v=c435cca1:7066:15)
    at processDispatchQueue (http://localhost:5176/node_modules/.vite/deps/chunk-KVMAXHTM.js?v=c435cca1:7075:13)
    at dispatchEventsForPlugins (http://localhost:5176/node_modules/.vite/deps/chunk-KVMAXHTM.js?v=c435cca1:7083:11)
[  639197ms] ReferenceError: setEditingId is not defined
    at http://localhost:5176/src/components/FreestyleBoard.jsx?t=1789621026170:637:5
    at http://localhost:5176/src/components/FreestyleBoard.jsx?t=1789621026170:847:9
    at HTMLUnknownElement.callCallback2 (http://localhost:5176/node_modules/.vite/deps/chunk-KVMAXHTM.js?v=c435cca1:3680:22)
    at Object.invokeGuardedCallbackDev (http://localhost:5176/node_modules/.vite/deps/chunk-KVMAXHTM.js?v=c435cca1:3705:24)
    at invokeGuardedCallback (http://localhost:5176/node_modules/.vite/deps/chunk-KVMAXHTM.js?v=c435cca1:3739:39)
    at invokeGuardedCallbackAndCatchFirstError (http://localhost:5176/node_modules/.vite/deps/chunk-KVMAXHTM.js?v=c435cca1:3742:33)
    at executeDispatch (http://localhost:5176/node_modules/.vite/deps/chunk-KVMAXHTM.js?v=c435cca1:7046:11)
    at processDispatchQueueItemsInOrder (http://localhost:5176/node_modules/.vite/deps/chunk-KVMAXHTM.js?v=c435cca1:7066:15)
    at processDispatchQueue (http://localhost:5176/node_modules/.vite/deps/chunk-KVMAXHTM.js?v=c435cca1:7075:13)
    at dispatchEventsForPlugins (http://localhost:5176/node_modules/.vite/deps/chunk-KVMAXHTM.js?v=c435cca1:7083:11)
[  639207ms] ReferenceError: setEditingId is not defined
    at http://localhost:5176/src/components/FreestyleBoard.jsx?t=1789621026170:637:5
    at http://localhost:5176/src/components/FreestyleBoard.jsx?t=1789621026170:847:9
    at HTMLUnknownElement.callCallback2 (http://localhost:5176/node_modules/.vite/deps/chunk-KVMAXHTM.js?v=c435cca1:3680:22)
    at Object.invokeGuardedCallbackDev (http://localhost:5176/node_modules/.vite/deps/chunk-KVMAXHTM.js?v=c435cca1:3705:24)
    at invokeGuardedCallback (http://localhost:5176/node_modules/.vite/deps/chunk-KVMAXHTM.js?v=c435cca1:3739:39)
    at invokeGuardedCallbackAndCatchFirstError (http://localhost:5176/node_modules/.vite/deps/chunk-KVMAXHTM.js?v=c435cca1:3742:33)
    at executeDispatch (http://localhost:5176/node_modules/.vite/deps/chunk-KVMAXHTM.js?v=c435cca1:7046:11)
    at processDispatchQueueItemsInOrder (http://localhost:5176/node_modules/.vite/deps/chunk-KVMAXHTM.js?v=c435cca1:7066:15)
    at processDispatchQueue (http://localhost:5176/node_modules/.vite/deps/chunk-KVMAXHTM.js?v=c435cca1:7075:13)
    at dispatchEventsForPlugins (http://localhost:5176/node_modules/.vite/deps/chunk-KVMAXHTM.js?v=c435cca1:7083:11)
[  639208ms] ReferenceError: setEditingId is not defined
    at http://localhost:5176/src/components/FreestyleBoard.jsx?t=1789621026170:637:5
    at http://localhost:5176/src/components/FreestyleBoard.jsx?t=1789621026170:847:9
    at HTMLUnknownElement.callCallback2 (http://localhost:5176/node_modules/.vite/deps/chunk-KVMAXHTM.js?v=c435cca1:3680:22)
    at Object.invokeGuardedCallbackDev (http://localhost:5176/node_modules/.vite/deps/chunk-KVMAXHTM.js?v=c435cca1:3705:24)
    at invokeGuardedCallback (http://localhost:5176/node_modules/.vite/deps/chunk-KVMAXHTM.js?v=c435cca1:3739:39)
    at invokeGuardedCallbackAndCatchFirstError (http://localhost:5176/node_modules/.vite/deps/chunk-KVMAXHTM.js?v=c435cca1:3742:33)
    at executeDispatch (http://localhost:5176/node_modules/.vite/deps/chunk-KVMAXHTM.js?v=c435cca1:7046:11)
    at processDispatchQueueItemsInOrder (http://localhost:5176/node_modules/.vite/deps/chunk-KVMAXHTM.js?v=c435cca1:7066:15)
    at processDispatchQueue (http://localhost:5176/node_modules/.vite/deps/chunk-KVMAXHTM.js?v=c435cca1:7075:13)
    at dispatchEventsForPlugins (http://localhost:5176/node_modules/.vite/deps/chunk-KVMAXHTM.js?v=c435cca1:7083:11)
[  639213ms] ReferenceError: setEditingId is not defined
    at http://localhost:5176/src/components/FreestyleBoard.jsx?t=1789621026170:637:5
    at http://localhost:5176/src/components/FreestyleBoard.jsx?t=1789621026170:847:9
    at HTMLUnknownElement.callCallback2 (http://localhost:5176/node_modules/.vite/deps/chunk-KVMAXHTM.js?v=c435cca1:3680:22)
    at Object.invokeGuardedCallbackDev (http://localhost:5176/node_modules/.vite/deps/chunk-KVMAXHTM.js?v=c435cca1:3705:24)
    at invokeGuardedCallback (http://localhost:5176/node_modules/.vite/deps/chunk-KVMAXHTM.js?v=c435cca1:3739:39)
    at invokeGuardedCallbackAndCatchFirstError (http://localhost:5176/node_modules/.vite/deps/chunk-KVMAXHTM.js?v=c435cca1:3742:33)
    at executeDispatch (http://localhost:5176/node_modules/.vite/deps/chunk-KVMAXHTM.js?v=c435cca1:7046:11)
    at processDispatchQueueItemsInOrder (http://localhost:5176/node_modules/.vite/deps/chunk-KVMAXHTM.js?v=c435cca1:7066:15)
    at processDispatchQueue (http://localhost:5176/node_modules/.vite/deps/chunk-KVMAXHTM.js?v=c435cca1:7075:13)
    at dispatchEventsForPlugins (http://localhost:5176/node_modules/.vite/deps/chunk-KVMAXHTM.js?v=c435cca1:7083:11)
[  639213ms] ReferenceError: setEditingId is not defined
    at http://localhost:5176/src/components/FreestyleBoard.jsx?t=1789621026170:637:5
    at http://localhost:5176/src/components/FreestyleBoard.jsx?t=1789621026170:847:9
    at HTMLUnknownElement.callCallback2 (http://localhost:5176/node_modules/.vite/deps/chunk-KVMAXHTM.js?v=c435cca1:3680:22)
    at Object.invokeGuardedCallbackDev (http://localhost:5176/node_modules/.vite/deps/chunk-KVMAXHTM.js?v=c435cca1:3705:24)
    at invokeGuardedCallback (http://localhost:5176/node_modules/.vite/deps/chunk-KVMAXHTM.js?v=c435cca1:3739:39)
    at invokeGuardedCallbackAndCatchFirstError (http://localhost:5176/node_modules/.vite/deps/chunk-KVMAXHTM.js?v=c435cca1:3742:33)
    at executeDispatch (http://localhost:5176/node_modules/.vite/deps/chunk-KVMAXHTM.js?v=c435cca1:7046:11)
    at processDispatchQueueItemsInOrder (http://localhost:5176/node_modules/.vite/deps/chunk-KVMAXHTM.js?v=c435cca1:7066:15)
    at processDispatchQueue (http://localhost:5176/node_modules/.vite/deps/chunk-KVMAXHTM.js?v=c435cca1:7075:13)
    at dispatchEventsForPlugins (http://localhost:5176/node_modules/.vite/deps/chunk-KVMAXHTM.js?v=c435cca1:7083:11)
[  639222ms] ReferenceError: setEditingId is not defined
    at http://localhost:5176/src/components/FreestyleBoard.jsx?t=1789621026170:637:5
    at http://localhost:5176/src/components/FreestyleBoard.jsx?t=1789621026170:847:9
    at HTMLUnknownElement.callCallback2 (http://localhost:5176/node_modules/.vite/deps/chunk-KVMAXHTM.js?v=c435cca1:3680:22)
    at Object.invokeGuardedCallbackDev (http://localhost:5176/node_modules/.vite/deps/chunk-KVMAXHTM.js?v=c435cca1:3705:24)
    at invokeGuardedCallback (http://localhost:5176/node_modules/.vite/deps/chunk-KVMAXHTM.js?v=c435cca1:3739:39)
    at invokeGuardedCallbackAndCatchFirstError (http://localhost:5176/node_modules/.vite/deps/chunk-KVMAXHTM.js?v=c435cca1:3742:33)
    at executeDispatch (http://localhost:5176/node_modules/.vite/deps/chunk-KVMAXHTM.js?v=c435cca1:7046:11)
    at processDispatchQueueItemsInOrder (http://localhost:5176/node_modules/.vite/deps/chunk-KVMAXHTM.js?v=c435cca1:7066:15)
    at processDispatchQueue (http://localhost:5176/node_modules/.vite/deps/chunk-KVMAXHTM.js?v=c435cca1:7075:13)
    at dispatchEventsForPlugins (http://localhost:5176/node_modules/.vite/deps/chunk-KVMAXHTM.js?v=c435cca1:7083:11)
[  639222ms] ReferenceError: setEditingId is not defined
    at http://localhost:5176/src/components/FreestyleBoard.jsx?t=1789621026170:637:5
    at http://localhost:5176/src/components/FreestyleBoard.jsx?t=1789621026170:847:9
    at HTMLUnknownElement.callCallback2 (http://localhost:5176/node_modules/.vite/deps/chunk-KVMAXHTM.js?v=c435cca1:3680:22)
    at Object.invokeGuardedCallbackDev (http://localhost:5176/node_modules/.vite/deps/chunk-KVMAXHTM.js?v=c435cca1:3705:24)
    at invokeGuardedCallback (http://localhost:5176/node_modules/.vite/deps/chunk-KVMAXHTM.js?v=c435cca1:3739:39)
    at invokeGuardedCallbackAndCatchFirstError (http://localhost:5176/node_modules/.vite/deps/chunk-KVMAXHTM.js?v=c435cca1:3742:33)
    at executeDispatch (http://localhost:5176/node_modules/.vite/deps/chunk-KVMAXHTM.js?v=c435cca1:7046:11)
    at processDispatchQueueItemsInOrder (http://localhost:5176/node_modules/.vite/deps/chunk-KVMAXHTM.js?v=c435cca1:7066:15)
    at processDispatchQueue (http://localhost:5176/node_modules/.vite/deps/chunk-KVMAXHTM.js?v=c435cca1:7075:13)
    at dispatchEventsForPlugins (http://localhost:5176/node_modules/.vite/deps/chunk-KVMAXHTM.js?v=c435cca1:7083:11)
[  639230ms] ReferenceError: setEditingId is not defined
    at http://localhost:5176/src/components/FreestyleBoard.jsx?t=1789621026170:637:5
    at http://localhost:5176/src/components/FreestyleBoard.jsx?t=1789621026170:847:9
    at HTMLUnknownElement.callCallback2 (http://localhost:5176/node_modules/.vite/deps/chunk-KVMAXHTM.js?v=c435cca1:3680:22)
    at Object.invokeGuardedCallbackDev (http://localhost:5176/node_modules/.vite/deps/chunk-KVMAXHTM.js?v=c435cca1:3705:24)
    at invokeGuardedCallback (http://localhost:5176/node_modules/.vite/deps/chunk-KVMAXHTM.js?v=c435cca1:3739:39)
    at invokeGuardedCallbackAndCatchFirstError (http://localhost:5176/node_modules/.vite/deps/chunk-KVMAXHTM.js?v=c435cca1:3742:33)
    at executeDispatch (http://localhost:5176/node_modules/.vite/deps/chunk-KVMAXHTM.js?v=c435cca1:7046:11)
    at processDispatchQueueItemsInOrder (http://localhost:5176/node_modules/.vite/deps/chunk-KVMAXHTM.js?v=c435cca1:7066:15)
    at processDispatchQueue (http://localhost:5176/node_modules/.vite/deps/chunk-KVMAXHTM.js?v=c435cca1:7075:13)
    at dispatchEventsForPlugins (http://localhost:5176/node_modules/.vite/deps/chunk-KVMAXHTM.js?v=c435cca1:7083:11)
[  639232ms] ReferenceError: setEditingId is not defined
    at http://localhost:5176/src/components/FreestyleBoard.jsx?t=1789621026170:637:5
    at http://localhost:5176/src/components/FreestyleBoard.jsx?t=1789621026170:847:9
    at HTMLUnknownElement.callCallback2 (http://localhost:5176/node_modules/.vite/deps/chunk-KVMAXHTM.js?v=c435cca1:3680:22)
    at Object.invokeGuardedCallbackDev (http://localhost:5176/node_modules/.vite/deps/chunk-KVMAXHTM.js?v=c435cca1:3705:24)
    at invokeGuardedCallback (http://localhost:5176/node_modules/.vite/deps/chunk-KVMAXHTM.js?v=c435cca1:3739:39)
    at invokeGuardedCallbackAndCatchFirstError (http://localhost:5176/node_modules/.vite/deps/chunk-KVMAXHTM.js?v=c435cca1:3742:33)
    at executeDispatch (http://localhost:5176/node_modules/.vite/deps/chunk-KVMAXHTM.js?v=c435cca1:7046:11)
    at processDispatchQueueItemsInOrder (http://localhost:5176/node_modules/.vite/deps/chunk-KVMAXHTM.js?v=c435cca1:7066:15)
    at processDispatchQueue (http://localhost:5176/node_modules/.vite/deps/chunk-KVMAXHTM.js?v=c435cca1:7075:13)
    at dispatchEventsForPlugins (http://localhost:5176/node_modules/.vite/deps/chunk-KVMAXHTM.js?v=c435cca1:7083:11)
[  639239ms] ReferenceError: setEditingId is not defined
    at http://localhost:5176/src/components/FreestyleBoard.jsx?t=1789621026170:637:5
    at http://localhost:5176/src/components/FreestyleBoard.jsx?t=1789621026170:847:9
    at HTMLUnknownElement.callCallback2 (http://localhost:5176/node_modules/.vite/deps/chunk-KVMAXHTM.js?v=c435cca1:3680:22)
    at Object.invokeGuardedCallbackDev (http://localhost:5176/node_modules/.vite/deps/chunk-KVMAXHTM.js?v=c435cca1:3705:24)
    at invokeGuardedCallback (http://localhost:5176/node_modules/.vite/deps/chunk-KVMAXHTM.js?v=c435cca1:3739:39)
    at invokeGuardedCallbackAndCatchFirstError (http://localhost:5176/node_modules/.vite/deps/chunk-KVMAXHTM.js?v=c435cca1:3742:33)
    at executeDispatch (http://localhost:5176/node_modules/.vite/deps/chunk-KVMAXHTM.js?v=c435cca1:7046:11)
    at processDispatchQueueItemsInOrder (http://localhost:5176/node_modules/.vite/deps/chunk-KVMAXHTM.js?v=c435cca1:7066:15)
    at processDispatchQueue (http://localhost:5176/node_modules/.vite/deps/chunk-KVMAXHTM.js?v=c435cca1:7075:13)
    at dispatchEventsForPlugins (http://localhost:5176/node_modules/.vite/deps/chunk-KVMAXHTM.js?v=c435cca1:7083:11)
[  639239ms] ReferenceError: setEditingId is not defined
    at http://localhost:5176/src/components/FreestyleBoard.jsx?t=1789621026170:637:5
    at http://localhost:5176/src/components/FreestyleBoard.jsx?t=1789621026170:847:9
    at HTMLUnknownElement.callCallback2 (http://localhost:5176/node_modules/.vite/deps/chunk-KVMAXHTM.js?v=c435cca1:3680:22)
    at Object.invokeGuardedCallbackDev (http://localhost:5176/node_modules/.vite/deps/chunk-KVMAXHTM.js?v=c435cca1:3705:24)
    at invokeGuardedCallback (http://localhost:5176/node_modules/.vite/deps/chunk-KVMAXHTM.js?v=c435cca1:3739:39)
    at invokeGuardedCallbackAndCatchFirstError (http://localhost:5176/node_modules/.vite/deps/chunk-KVMAXHTM.js?v=c435cca1:3742:33)
    at executeDispatch (http://localhost:5176/node_modules/.vite/deps/chunk-KVMAXHTM.js?v=c435cca1:7046:11)
    at processDispatchQueueItemsInOrder (http://localhost:5176/node_modules/.vite/deps/chunk-KVMAXHTM.js?v=c435cca1:7066:15)
    at processDispatchQueue (http://localhost:5176/node_modules/.vite/deps/chunk-KVMAXHTM.js?v=c435cca1:7075:13)
    at dispatchEventsForPlugins (http://localhost:5176/node_modules/.vite/deps/chunk-KVMAXHTM.js?v=c435cca1:7083:11)
[  639246ms] ReferenceError: setEditingId is not defined
    at http://localhost:5176/src/components/FreestyleBoard.jsx?t=1789621026170:637:5
    at http://localhost:5176/src/components/FreestyleBoard.jsx?t=1789621026170:847:9
    at HTMLUnknownElement.callCallback2 (http://localhost:5176/node_modules/.vite/deps/chunk-KVMAXHTM.js?v=c435cca1:3680:22)
    at Object.invokeGuardedCallbackDev (http://localhost:5176/node_modules/.vite/deps/chunk-KVMAXHTM.js?v=c435cca1:3705:24)
    at invokeGuardedCallback (http://localhost:5176/node_modules/.vite/deps/chunk-KVMAXHTM.js?v=c435cca1:3739:39)
    at invokeGuardedCallbackAndCatchFirstError (http://localhost:5176/node_modules/.vite/deps/chunk-KVMAXHTM.js?v=c435cca1:3742:33)
    at executeDispatch (http://localhost:5176/node_modules/.vite/deps/chunk-KVMAXHTM.js?v=c435cca1:7046:11)
    at processDispatchQueueItemsInOrder (http://localhost:5176/node_modules/.vite/deps/chunk-KVMAXHTM.js?v=c435cca1:7066:15)
    at processDispatchQueue (http://localhost:5176/node_modules/.vite/deps/chunk-KVMAXHTM.js?v=c435cca1:7075:13)
    at dispatchEventsForPlugins (http://localhost:5176/node_modules/.vite/deps/chunk-KVMAXHTM.js?v=c435cca1:7083:11)
[  639247ms] ReferenceError: setEditingId is not defined
    at http://localhost:5176/src/components/FreestyleBoard.jsx?t=1789621026170:637:5
    at http://localhost:5176/src/components/FreestyleBoard.jsx?t=1789621026170:847:9
    at HTMLUnknownElement.callCallback2 (http://localhost:5176/node_modules/.vite/deps/chunk-KVMAXHTM.js?v=c435cca1:3680:22)
    at Object.invokeGuardedCallbackDev (http://localhost:5176/node_modules/.vite/deps/chunk-KVMAXHTM.js?v=c435cca1:3705:24)
    at invokeGuardedCallback (http://localhost:5176/node_modules/.vite/deps/chunk-KVMAXHTM.js?v=c435cca1:3739:39)
    at invokeGuardedCallbackAndCatchFirstError (http://localhost:5176/node_modules/.vite/deps/chunk-KVMAXHTM.js?v=c435cca1:3742:33)
    at executeDispatch (http://localhost:5176/node_modules/.vite/deps/chunk-KVMAXHTM.js?v=c435cca1:7046:11)
    at processDispatchQueueItemsInOrder (http://localhost:5176/node_modules/.vite/deps/chunk-KVMAXHTM.js?v=c435cca1:7066:15)
    at processDispatchQueue (http://localhost:5176/node_modules/.vite/deps/chunk-KVMAXHTM.js?v=c435cca1:7075:13)
    at dispatchEventsForPlugins (http://localhost:5176/node_modules/.vite/deps/chunk-KVMAXHTM.js?v=c435cca1:7083:11)
[  639262ms] ReferenceError: setEditingId is not defined
    at http://localhost:5176/src/components/FreestyleBoard.jsx?t=1789621026170:637:5
    at http://localhost:5176/src/components/FreestyleBoard.jsx?t=1789621026170:847:9
    at HTMLUnknownElement.callCallback2 (http://localhost:5176/node_modules/.vite/deps/chunk-KVMAXHTM.js?v=c435cca1:3680:22)
    at Object.invokeGuardedCallbackDev (http://localhost:5176/node_modules/.vite/deps/chunk-KVMAXHTM.js?v=c435cca1:3705:24)
    at invokeGuardedCallback (http://localhost:5176/node_modules/.vite/deps/chunk-KVMAXHTM.js?v=c435cca1:3739:39)
    at invokeGuardedCallbackAndCatchFirstError (http://localhost:5176/node_modules/.vite/deps/chunk-KVMAXHTM.js?v=c435cca1:3742:33)
    at executeDispatch (http://localhost:5176/node_modules/.vite/deps/chunk-KVMAXHTM.js?v=c435cca1:7046:11)
    at processDispatchQueueItemsInOrder (http://localhost:5176/node_modules/.vite/deps/chunk-KVMAXHTM.js?v=c435cca1:7066:15)
    at processDispatchQueue (http://localhost:5176/node_modules/.vite/deps/chunk-KVMAXHTM.js?v=c435cca1:7075:13)
    at dispatchEventsForPlugins (http://localhost:5176/node_modules/.vite/deps/chunk-KVMAXHTM.js?v=c435cca1:7083:11)
[  639263ms] ReferenceError: setEditingId is not defined
    at http://localhost:5176/src/components/FreestyleBoard.jsx?t=1789621026170:637:5
    at http://localhost:5176/src/components/FreestyleBoard.jsx?t=1789621026170:847:9
    at HTMLUnknownElement.callCallback2 (http://localhost:5176/node_modules/.vite/deps/chunk-KVMAXHTM.js?v=c435cca1:3680:22)
    at Object.invokeGuardedCallbackDev (http://localhost:5176/node_modules/.vite/deps/chunk-KVMAXHTM.js?v=c435cca1:3705:24)
    at invokeGuardedCallback (http://localhost:5176/node_modules/.vite/deps/chunk-KVMAXHTM.js?v=c435cca1:3739:39)
    at invokeGuardedCallbackAndCatchFirstError (http://localhost:5176/node_modules/.vite/deps/chunk-KVMAXHTM.js?v=c435cca1:3742:33)
    at executeDispatch (http://localhost:5176/node_modules/.vite/deps/chunk-KVMAXHTM.js?v=c435cca1:7046:11)
    at processDispatchQueueItemsInOrder (http://localhost:5176/node_modules/.vite/deps/chunk-KVMAXHTM.js?v=c435cca1:7066:15)
    at processDispatchQueue (http://localhost:5176/node_modules/.vite/deps/chunk-KVMAXHTM.js?v=c435cca1:7075:13)
    at dispatchEventsForPlugins (http://localhost:5176/node_modules/.vite/deps/chunk-KVMAXHTM.js?v=c435cca1:7083:11)
[  639270ms] ReferenceError: setEditingId is not defined
    at http://localhost:5176/src/components/FreestyleBoard.jsx?t=1789621026170:637:5
    at http://localhost:5176/src/components/FreestyleBoard.jsx?t=1789621026170:847:9
    at HTMLUnknownElement.callCallback2 (http://localhost:5176/node_modules/.vite/deps/chunk-KVMAXHTM.js?v=c435cca1:3680:22)
    at Object.invokeGuardedCallbackDev (http://localhost:5176/node_modules/.vite/deps/chunk-KVMAXHTM.js?v=c435cca1:3705:24)
    at invokeGuardedCallback (http://localhost:5176/node_modules/.vite/deps/chunk-KVMAXHTM.js?v=c435cca1:3739:39)
    at invokeGuardedCallbackAndCatchFirstError (http://localhost:5176/node_modules/.vite/deps/chunk-KVMAXHTM.js?v=c435cca1:3742:33)
    at executeDispatch (http://localhost:5176/node_modules/.vite/deps/chunk-KVMAXHTM.js?v=c435cca1:7046:11)
    at processDispatchQueueItemsInOrder (http://localhost:5176/node_modules/.vite/deps/chunk-KVMAXHTM.js?v=c435cca1:7066:15)
    at processDispatchQueue (http://localhost:5176/node_modules/.vite/deps/chunk-KVMAXHTM.js?v=c435cca1:7075:13)
    at dispatchEventsForPlugins (http://localhost:5176/node_modules/.vite/deps/chunk-KVMAXHTM.js?v=c435cca1:7083:11)
[  639270ms] ReferenceError: setEditingId is not defined
    at http://localhost:5176/src/components/FreestyleBoard.jsx?t=1789621026170:637:5
    at http://localhost:5176/src/components/FreestyleBoard.jsx?t=1789621026170:847:9
    at HTMLUnknownElement.callCallback2 (http://localhost:5176/node_modules/.vite/deps/chunk-KVMAXHTM.js?v=c435cca1:3680:22)
    at Object.invokeGuardedCallbackDev (http://localhost:5176/node_modules/.vite/deps/chunk-KVMAXHTM.js?v=c435cca1:3705:24)
    at invokeGuardedCallback (http://localhost:5176/node_modules/.vite/deps/chunk-KVMAXHTM.js?v=c435cca1:3739:39)
    at invokeGuardedCallbackAndCatchFirstError (http://localhost:5176/node_modules/.vite/deps/chunk-KVMAXHTM.js?v=c435cca1:3742:33)
    at executeDispatch (http://localhost:5176/node_modules/.vite/deps/chunk-KVMAXHTM.js?v=c435cca1:7046:11)
    at processDispatchQueueItemsInOrder (http://localhost:5176/node_modules/.vite/deps/chunk-KVMAXHTM.js?v=c435cca1:7066:15)
    at processDispatchQueue (http://localhost:5176/node_modules/.vite/deps/chunk-KVMAXHTM.js?v=c435cca1:7075:13)
    at dispatchEventsForPlugins (http://localhost:5176/node_modules/.vite/deps/chunk-KVMAXHTM.js?v=c435cca1:7083:11)
[  639280ms] ReferenceError: setEditingId is not defined
    at http://localhost:5176/src/components/FreestyleBoard.jsx?t=1789621026170:637:5
    at http://localhost:5176/src/components/FreestyleBoard.jsx?t=1789621026170:847:9
    at HTMLUnknownElement.callCallback2 (http://localhost:5176/node_modules/.vite/deps/chunk-KVMAXHTM.js?v=c435cca1:3680:22)
    at Object.invokeGuardedCallbackDev (http://localhost:5176/node_modules/.vite/deps/chunk-KVMAXHTM.js?v=c435cca1:3705:24)
    at invokeGuardedCallback (http://localhost:5176/node_modules/.vite/deps/chunk-KVMAXHTM.js?v=c435cca1:3739:39)
    at invokeGuardedCallbackAndCatchFirstError (http://localhost:5176/node_modules/.vite/deps/chunk-KVMAXHTM.js?v=c435cca1:3742:33)
    at executeDispatch (http://localhost:5176/node_modules/.vite/deps/chunk-KVMAXHTM.js?v=c435cca1:7046:11)
    at processDispatchQueueItemsInOrder (http://localhost:5176/node_modules/.vite/deps/chunk-KVMAXHTM.js?v=c435cca1:7066:15)
    at processDispatchQueue (http://localhost:5176/node_modules/.vite/deps/chunk-KVMAXHTM.js?v=c435cca1:7075:13)
    at dispatchEventsForPlugins (http://localhost:5176/node_modules/.vite/deps/chunk-KVMAXHTM.js?v=c435cca1:7083:11)
[  639281ms] ReferenceError: setEditingId is not defined
    at http://localhost:5176/src/components/FreestyleBoard.jsx?t=1789621026170:637:5
    at http://localhost:5176/src/components/FreestyleBoard.jsx?t=1789621026170:847:9
    at HTMLUnknownElement.callCallback2 (http://localhost:5176/node_modules/.vite/deps/chunk-KVMAXHTM.js?v=c435cca1:3680:22)
    at Object.invokeGuardedCallbackDev (http://localhost:5176/node_modules/.vite/deps/chunk-KVMAXHTM.js?v=c435cca1:3705:24)
    at invokeGuardedCallback (http://localhost:5176/node_modules/.vite/deps/chunk-KVMAXHTM.js?v=c435cca1:3739:39)
    at invokeGuardedCallbackAndCatchFirstError (http://localhost:5176/node_modules/.vite/deps/chunk-KVMAXHTM.js?v=c435cca1:3742:33)
    at executeDispatch (http://localhost:5176/node_modules/.vite/deps/chunk-KVMAXHTM.js?v=c435cca1:7046:11)
    at processDispatchQueueItemsInOrder (http://localhost:5176/node_modules/.vite/deps/chunk-KVMAXHTM.js?v=c435cca1:7066:15)
    at processDispatchQueue (http://localhost:5176/node_modules/.vite/deps/chunk-KVMAXHTM.js?v=c435cca1:7075:13)
    at dispatchEventsForPlugins (http://localhost:5176/node_modules/.vite/deps/chunk-KVMAXHTM.js?v=c435cca1:7083:11)
[  639292ms] ReferenceError: setEditingId is not defined
    at http://localhost:5176/src/components/FreestyleBoard.jsx?t=1789621026170:637:5
    at http://localhost:5176/src/components/FreestyleBoard.jsx?t=1789621026170:847:9
    at HTMLUnknownElement.callCallback2 (http://localhost:5176/node_modules/.vite/deps/chunk-KVMAXHTM.js?v=c435cca1:3680:22)
    at Object.invokeGuardedCallbackDev (http://localhost:5176/node_modules/.vite/deps/chunk-KVMAXHTM.js?v=c435cca1:3705:24)
    at invokeGuardedCallback (http://localhost:5176/node_modules/.vite/deps/chunk-KVMAXHTM.js?v=c435cca1:3739:39)
    at invokeGuardedCallbackAndCatchFirstError (http://localhost:5176/node_modules/.vite/deps/chunk-KVMAXHTM.js?v=c435cca1:3742:33)
    at executeDispatch (http://localhost:5176/node_modules/.vite/deps/chunk-KVMAXHTM.js?v=c435cca1:7046:11)
    at processDispatchQueueItemsInOrder (http://localhost:5176/node_modules/.vite/deps/chunk-KVMAXHTM.js?v=c435cca1:7066:15)
    at processDispatchQueue (http://localhost:5176/node_modules/.vite/deps/chunk-KVMAXHTM.js?v=c435cca1:7075:13)
    at dispatchEventsForPlugins (http://localhost:5176/node_modules/.vite/deps/chunk-KVMAXHTM.js?v=c435cca1:7083:11)
[  639293ms] ReferenceError: setEditingId is not defined
    at http://localhost:5176/src/components/FreestyleBoard.jsx?t=1789621026170:637:5
    at http://localhost:5176/src/components/FreestyleBoard.jsx?t=1789621026170:847:9
    at HTMLUnknownElement.callCallback2 (http://localhost:5176/node_modules/.vite/deps/chunk-KVMAXHTM.js?v=c435cca1:3680:22)
    at Object.invokeGuardedCallbackDev (http://localhost:5176/node_modules/.vite/deps/chunk-KVMAXHTM.js?v=c435cca1:3705:24)
    at invokeGuardedCallback (http://localhost:5176/node_modules/.vite/deps/chunk-KVMAXHTM.js?v=c435cca1:3739:39)
    at invokeGuardedCallbackAndCatchFirstError (http://localhost:5176/node_modules/.vite/deps/chunk-KVMAXHTM.js?v=c435cca1:3742:33)
    at executeDispatch (http://localhost:5176/node_modules/.vite/deps/chunk-KVMAXHTM.js?v=c435cca1:7046:11)
    at processDispatchQueueItemsInOrder (http://localhost:5176/node_modules/.vite/deps/chunk-KVMAXHTM.js?v=c435cca1:7066:15)
    at processDispatchQueue (http://localhost:5176/node_modules/.vite/deps/chunk-KVMAXHTM.js?v=c435cca1:7075:13)
    at dispatchEventsForPlugins (http://localhost:5176/node_modules/.vite/deps/chunk-KVMAXHTM.js?v=c435cca1:7083:11)
[  639297ms] ReferenceError: setEditingId is not defined
    at http://localhost:5176/src/components/FreestyleBoard.jsx?t=1789621026170:637:5
    at http://localhost:5176/src/components/FreestyleBoard.jsx?t=1789621026170:847:9
    at HTMLUnknownElement.callCallback2 (http://localhost:5176/node_modules/.vite/deps/chunk-KVMAXHTM.js?v=c435cca1:3680:22)
    at Object.invokeGuardedCallbackDev (http://localhost:5176/node_modules/.vite/deps/chunk-KVMAXHTM.js?v=c435cca1:3705:24)
    at invokeGuardedCallback (http://localhost:5176/node_modules/.vite/deps/chunk-KVMAXHTM.js?v=c435cca1:3739:39)
    at invokeGuardedCallbackAndCatchFirstError (http://localhost:5176/node_modules/.vite/deps/chunk-KVMAXHTM.js?v=c435cca1:3742:33)
    at executeDispatch (http://localhost:5176/node_modules/.vite/deps/chunk-KVMAXHTM.js?v=c435cca1:7046:11)
    at processDispatchQueueItemsInOrder (http://localhost:5176/node_modules/.vite/deps/chunk-KVMAXHTM.js?v=c435cca1:7066:15)
    at processDispatchQueue (http://localhost:5176/node_modules/.vite/deps/chunk-KVMAXHTM.js?v=c435cca1:7075:13)
    at dispatchEventsForPlugins (http://localhost:5176/node_modules/.vite/deps/chunk-KVMAXHTM.js?v=c435cca1:7083:11)
[  639298ms] ReferenceError: setEditingId is not defined
    at http://localhost:5176/src/components/FreestyleBoard.jsx?t=1789621026170:637:5
    at http://localhost:5176/src/components/FreestyleBoard.jsx?t=1789621026170:847:9
    at HTMLUnknownElement.callCallback2 (http://localhost:5176/node_modules/.vite/deps/chunk-KVMAXHTM.js?v=c435cca1:3680:22)
    at Object.invokeGuardedCallbackDev (http://localhost:5176/node_modules/.vite/deps/chunk-KVMAXHTM.js?v=c435cca1:3705:24)
    at invokeGuardedCallback (http://localhost:5176/node_modules/.vite/deps/chunk-KVMAXHTM.js?v=c435cca1:3739:39)
    at invokeGuardedCallbackAndCatchFirstError (http://localhost:5176/node_modules/.vite/deps/chunk-KVMAXHTM.js?v=c435cca1:3742:33)
    at executeDispatch (http://localhost:5176/node_modules/.vite/deps/chunk-KVMAXHTM.js?v=c435cca1:7046:11)
    at processDispatchQueueItemsInOrder (http://localhost:5176/node_modules/.vite/deps/chunk-KVMAXHTM.js?v=c435cca1:7066:15)
    at processDispatchQueue (http://localhost:5176/node_modules/.vite/deps/chunk-KVMAXHTM.js?v=c435cca1:7075:13)
    at dispatchEventsForPlugins (http://localhost:5176/node_modules/.vite/deps/chunk-KVMAXHTM.js?v=c435cca1:7083:11)
[  639331ms] ReferenceError: setEditingId is not defined
    at http://localhost:5176/src/components/FreestyleBoard.jsx?t=1789621026170:637:5
    at http://localhost:5176/src/components/FreestyleBoard.jsx?t=1789621026170:847:9
    at HTMLUnknownElement.callCallback2 (http://localhost:5176/node_modules/.vite/deps/chunk-KVMAXHTM.js?v=c435cca1:3680:22)
    at Object.invokeGuardedCallbackDev (http://localhost:5176/node_modules/.vite/deps/chunk-KVMAXHTM.js?v=c435cca1:3705:24)
    at invokeGuardedCallback (http://localhost:5176/node_modules/.vite/deps/chunk-KVMAXHTM.js?v=c435cca1:3739:39)
    at invokeGuardedCallbackAndCatchFirstError (http://localhost:5176/node_modules/.vite/deps/chunk-KVMAXHTM.js?v=c435cca1:3742:33)
    at executeDispatch (http://localhost:5176/node_modules/.vite/deps/chunk-KVMAXHTM.js?v=c435cca1:7046:11)
    at processDispatchQueueItemsInOrder (http://localhost:5176/node_modules/.vite/deps/chunk-KVMAXHTM.js?v=c435cca1:7066:15)
    at processDispatchQueue (http://localhost:5176/node_modules/.vite/deps/chunk-KVMAXHTM.js?v=c435cca1:7075:13)
    at dispatchEventsForPlugins (http://localhost:5176/node_modules/.vite/deps/chunk-KVMAXHTM.js?v=c435cca1:7083:11)
[  639331ms] ReferenceError: setEditingId is not defined
    at http://localhost:5176/src/components/FreestyleBoard.jsx?t=1789621026170:637:5
    at http://localhost:5176/src/components/FreestyleBoard.jsx?t=1789621026170:847:9
    at HTMLUnknownElement.callCallback2 (http://localhost:5176/node_modules/.vite/deps/chunk-KVMAXHTM.js?v=c435cca1:3680:22)
    at Object.invokeGuardedCallbackDev (http://localhost:5176/node_modules/.vite/deps/chunk-KVMAXHTM.js?v=c435cca1:3705:24)
    at invokeGuardedCallback (http://localhost:5176/node_modules/.vite/deps/chunk-KVMAXHTM.js?v=c435cca1:3739:39)
    at invokeGuardedCallbackAndCatchFirstError (http://localhost:5176/node_modules/.vite/deps/chunk-KVMAXHTM.js?v=c435cca1:3742:33)
    at executeDispatch (http://localhost:5176/node_modules/.vite/deps/chunk-KVMAXHTM.js?v=c435cca1:7046:11)
    at processDispatchQueueItemsInOrder (http://localhost:5176/node_modules/.vite/deps/chunk-KVMAXHTM.js?v=c435cca1:7066:15)
    at processDispatchQueue (http://localhost:5176/node_modules/.vite/deps/chunk-KVMAXHTM.js?v=c435cca1:7075:13)
    at dispatchEventsForPlugins (http://localhost:5176/node_modules/.vite/deps/chunk-KVMAXHTM.js?v=c435cca1:7083:11)
